{"base":{"data":{"model":-2100640717,"godmode":true,"visible":true,"type":"VEHICLE","rotation":{"x":0,"y":0,"z":0}},"model":-2100640717,"savedata":{"Dashboard Color":0,"Lights":{"SearchLightActive":false,"Neon":{"Right":false,"Color":{"b":255,"r":255,"g":0},"Front":false,"Back":false,"Left":false},"SirenActive":false,"Xenon Color":255},"Name":"TUG","Model":-2100640717,"Engine Running":true,"RadioLoud":false,"Interior Color":0,"Mods":{"Exhaust":-1,"Toggles":{"Turbo Turning":true,"UNK19":false,"UNK21":false,"Tire Smoke":false,"UNK17":false,"Xenon Headlights":false},"Steering Wheel":-1,"Front Bumper":-1,"Transmission":-1,"Dial Design":-1,"Ornaments":-1,"Trim Design":-1,"Roof":-1,"Fender":-1,"Brakes":-1,"Rear Bumper":-1,"Plaques":-1,"Plate Holders":-1,"Grille":-1,"Motorcycle Back Wheel Design":-1,"Suspension":-1,"Engine":-1,"Hydraulics":-1,"Horns":-1,"Armor":-1,"Hood":-1,"Livery":-1,"Frame":-1,"Shifter Leavers":-1,"Wheels Design":-1,"Spoilers":-1,"Side Skirt":-1,"Right Fender":-1},"Bulletproof Tires":true,"Type":"Cycles","Window Tint":-1,"License Plate":{"Text":"51LQZ772","Type":0},"Livery":{"Style":-1,"Count":-1},"Dirt Level":9,"Tire Smoke":{"b":255,"r":255,"g":255},"Extras":[],"Format":"JSTAND 1.4.0","Colors":{"Secondary":{"Color":0,"Custom":false,"Paint Type":3342336},"Color Combo":0,"Vehicle":{"Secondary":0,"g":153,"r":153,"Primary":122,"b":153},"Extras":{"wheel":156,"pearlescent":122},"Primary":{"Color":0,"Pearlescent Color":3014656,"Custom":false,"Paint Type":3342336},"Paint Fade":0.53333336114883},"Manufacturer":""}},"vehicles":[],"created":1661637750,"blip_icon":225,"name":"Cargoship","peds":[],"version":"Jackz Custom Vehicle 1.3.0","objects":[{"name":"des_shipsink_01","model":2060859228,"offset":{"x":8.4,"y":0,"z":0},"visible":true,"type":"OBJECT","rotation":{"x":0,"y":0,"z":90}},{"name":"des_shipsink_03","model":1574534483,"offset":{"x":8.4,"y":0,"z":0},"visible":true,"type":"OBJECT","rotation":{"x":0,"y":0,"z":90}},{"name":"des_shipsink_02","model":-2070066454,"offset":{"x":8.4,"y":0,"z":0},"visible":true,"type":"OBJECT","rotation":{"x":0,"y":0,"z":90}},{"name":"des_shipsink_04","model":1740869943,"offset":{"x":8.4,"y":0,"z":0},"visible":true,"type":"OBJECT","rotation":{"x":0,"y":0,"z":90}},{"name":"des_shipsink_05","model":538345934,"offset":{"x":8.4,"y":0,"z":0},"visible":true,"type":"OBJECT","rotation":{"x":0,"y":0,"z":90}}]}