{"base":{"model":1824333165,"savedata":{"Manufacturer":"WESTERN","Model":1824333165,"Extras":[],"Name":"BESRA","Window Tint":-1,"Livery":{"Count":-1,"Style":-1},"Dashboard Color":0,"Interior Color":0,"RadioLoud":false,"License Plate":{"Type":0,"Text":"71YBX328"},"Engine Running":true,"Dirt Level":1.0460070371628,"Bulletproof Tires":false,"Mods":{"Suspension":-1,"Spoilers":-1,"Front Bumper":-1,"Motorcycle Back Wheel Design":-1,"Fender":-1,"Steering Wheel":-1,"Shifter Leavers":-1,"Hood":-1,"Ornaments":-1,"Wheels Design":49,"Dial Design":-1,"Livery":-1,"Plaques":-1,"Armor":-1,"Side Skirt":-1,"Plate Holders":-1,"Trim Design":-1,"Right Fender":-1,"Frame":-1,"Transmission":-1,"Horns":-1,"Hydraulics":-1,"Exhaust":-1,"Brakes":-1,"Rear Bumper":-1,"Toggles":{"Tire Smoke":false,"Turbo Turning":true,"UNK19":false,"Xenon Headlights":true,"UNK21":false,"UNK17":false},"Grille":-1,"Engine":-1,"Roof":-1},"Format":"JSTAND 1.4.0","Colors":{"Secondary":{"Paint Type":7,"Custom":false,"Color":-1},"Color Combo":2,"Extras":{"pearlescent":25,"wheel":121},"Vehicle":{"g":153,"Secondary":28,"r":153,"b":153,"Primary":122},"Paint Fade":0.54901963472366,"Primary":{"Pearlescent Color":-1,"Paint Type":7,"Custom":false,"Color":-1}},"Lights":{"Neon":{"Left":false,"Right":false,"Front":false,"Color":{"g":0,"b":255,"r":255},"Back":false},"SearchLightActive":false,"SirenActive":false,"Xenon Color":255},"Tire Smoke":{"g":255,"b":255,"r":255},"Type":"Helicopters"},"data":{"rotation":{"x":0,"y":0,"z":0},"type":"VEHICLE","model":1824333165,"visible":true,"godmode":true}},"objects":[{"name":"des_shipsink_05","rotation":{"x":0,"y":0,"z":90},"type":"OBJECT","model":538345934,"visible":true,"offset":{"x":8.4,"y":0,"z":0}},{"name":"des_shipsink_03","rotation":{"x":0,"y":0,"z":90},"type":"OBJECT","model":1574534483,"visible":true,"offset":{"x":8.4,"y":0,"z":0}},{"name":"des_shipsink_04","rotation":{"x":0,"y":0,"z":90},"type":"OBJECT","model":1740869943,"visible":true,"offset":{"x":8.4,"y":0,"z":0}},{"name":"des_shipsink_01","rotation":{"x":0,"y":0,"z":90},"type":"OBJECT","model":2060859228,"visible":true,"offset":{"x":8.4,"y":0,"z":0}},{"name":"des_shipsink_02","rotation":{"x":0,"y":0,"z":90},"type":"OBJECT","model":-2070066454,"visible":true,"offset":{"x":8.4,"y":0,"z":0}}],"vehicles":[],"peds":[],"name":"FlyingCargoship","created":1661640031,"version":"Jackz Custom Vehicle 1.3.0","blip_icon":225}