{
	"format": "Cherax Entity",
	"type": 1,
	"model": 2436313176,
	"baseFlags": 1073808655,
	"mods": {
		"mod0": {
			"index": 2,
			"variation": false
		},
		"mod1": {
			"index": 2,
			"variation": false
		},
		"mod2": {
			"index": 0,
			"variation": false
		},
		"mod3": {
			"index": 13,
			"variation": false
		},
		"mod4": {
			"index": 0,
			"variation": false
		},
		"mod5": {
			"index": 1,
			"variation": false
		},
		"mod6": {
			"index": 0,
			"variation": false
		},
		"mod7": {
			"index": 3,
			"variation": false
		},
		"mod8": {
			"index": 0,
			"variation": false
		},
		"mod9": {
			"index": 0,
			"variation": false
		},
		"mod10": {
			"index": 0,
			"variation": false
		},
		"mod11": {
			"index": 4,
			"variation": false
		},
		"mod12": {
			"index": 3,
			"variation": false
		},
		"mod13": {
			"index": 3,
			"variation": false
		},
		"mod14": {
			"index": 39,
			"variation": false
		},
		"mod15": {
			"index": 4,
			"variation": false
		},
		"mod16": {
			"index": 5,
			"variation": false
		},
		"mod17": {
			"index": 0,
			"variation": false
		},
		"mod18": {
			"index": 1,
			"variation": false
		},
		"mod19": {
			"index": 0,
			"variation": false
		},
		"mod20": {
			"index": 0,
			"variation": false
		},
		"mod21": {
			"index": 0,
			"variation": false
		},
		"mod22": {
			"index": 1,
			"variation": false
		},
		"mod23": {
			"index": 0,
			"variation": false
		},
		"mod24": {
			"index": 0,
			"variation": false
		},
		"mod25": {
			"index": 0,
			"variation": false
		},
		"mod26": {
			"index": 0,
			"variation": false
		},
		"mod27": {
			"index": 1,
			"variation": false
		},
		"mod28": {
			"index": 0,
			"variation": false
		},
		"mod29": {
			"index": 1,
			"variation": false
		},
		"mod30": {
			"index": 4,
			"variation": false
		},
		"mod31": {
			"index": 3,
			"variation": false
		},
		"mod32": {
			"index": 5,
			"variation": false
		},
		"mod33": {
			"index": 4,
			"variation": false
		},
		"mod34": {
			"index": 0,
			"variation": false
		},
		"mod35": {
			"index": 0,
			"variation": false
		},
		"mod36": {
			"index": 0,
			"variation": false
		},
		"mod37": {
			"index": 0,
			"variation": false
		},
		"mod38": {
			"index": 0,
			"variation": false
		},
		"mod39": {
			"index": 0,
			"variation": false
		},
		"mod40": {
			"index": 5,
			"variation": false
		},
		"mod41": {
			"index": 12,
			"variation": false
		},
		"mod42": {
			"index": 0,
			"variation": false
		},
		"mod43": {
			"index": 0,
			"variation": false
		},
		"mod44": {
			"index": 0,
			"variation": false
		},
		"mod45": {
			"index": 0,
			"variation": false
		},
		"mod46": {
			"index": 0,
			"variation": false
		},
		"mod47": {
			"index": 3,
			"variation": false
		},
		"mod48": {
			"index": 0,
			"variation": false
		},
		"mod49": {
			"index": 0,
			"variation": false
		}
	},
	"wheelType": 0,
	"tyreSmokeColor": {
		"r": 255,
		"g": 255,
		"b": 255
	},
	"neonKits": {
		"left": false,
		"right": false,
		"front": false,
		"back": false,
		"color": {
			"r": 0,
			"g": 0,
			"b": 0
		}
	},
	"primaryColor": 157,
	"secondaryColor": 157,
	"pearlescentColor": 3,
	"isPrimaryColorCustom": true,
	"customPrimaryColor": {
		"r": 84,
		"g": 92,
		"b": 108
	},
	"isSecondaryColorCustom": true,
	"customSecondaryColor": {
		"r": 84,
		"g": 92,
		"b": 108
	},
	"windowTint": 2,
	"wheelColor": 212,
	"interiorColor": 0,
	"dashBoardColor": 0,
	"plateText": "        ",
	"plateTextIndex": 7
}