{
    "format": "Cherax Entity",
    "type": 2,
    "model": 2627665880,
    "baseFlags": 66871,
    "components": {
        "Head": {
            "drawable": 0,
            "texture": 0,
            "palette": 0
        },
        "Beard": {
            "drawable": 209,
            "texture": 13,
            "palette": 0
        },
        "Hair": {
            "drawable": 56,
            "texture": 0,
            "palette": 0
        },
        "Torso": {
            "drawable": 103,
            "texture": 1,
            "palette": 0
        },
        "Legs": {
            "drawable": 20,
            "texture": 1,
            "palette": 0
        },
        "Hands": {
            "drawable": 86,
            "texture": 12,
            "palette": 0
        },
        "Feet": {
            "drawable": 81,
            "texture": 3,
            "palette": 0
        },
        "Teeth": {
            "drawable": 0,
            "texture": 0,
            "palette": 0
        },
        "Special": {
            "drawable": 17,
            "texture": 4,
            "palette": 0
        },
        "Special 2": {
            "drawable": -1,
            "texture": 0,
            "palette": 0
        },
        "Decal": {
            "drawable": 110,
            "texture": 0,
            "palette": 0
        },
        "Tuxedo/Jacket Bib": {
            "drawable": 25,
            "texture": 0,
            "palette": 0
        }
    },
    "props": {
        "Head": {
            "drawable": -1,
            "texture": -1
        },
        "Eyes": {
            "drawable": -1,
            "texture": -1
        },
        "Ears": {
            "drawable": -1,
            "texture": -1
        },
        "Mouth": {
            "drawable": -1,
            "texture": -1
        },
        "Left Hand": {
            "drawable": -1,
            "texture": -1
        },
        "Right Hand": {
            "drawable": -1,
            "texture": -1
        },
        "Left Wrist": {
            "drawable": 17,
            "texture": 0
        },
        "Right Wrist": {
            "drawable": 13,
            "texture": 0
        },
        "Hip": {
            "drawable": -1,
            "texture": -1
        }
    },
    "face_features": {
        "Nose Width": 0.0,
        "Nose Peak": 0.0,
        "Nose Length": 0.0,
        "Nose Bone Curveness": 0.0,
        "Nose Tip": 0.0,
        "Nose Bone Twist": 0.0,
        "Eyebrow Height": 0.0,
        "Eyebrow Indent": 0.0,
        "Cheek Bones": 0.0,
        "Cheek Sideways Bone Size": 0.0,
        "Cheek Bones Width": 0.0,
        "Eye Opening": 0.0,
        "Lip Thickness": 0.0,
        "Jaw Bone Width": 0.0,
        "Jaw Bone Shape": 0.0,
        "Chin Bone": 0.0,
        "Chin Bone Length": 0.0,
        "Chin Bone Shape": 0.0,
        "Chin Hole": 0.0,
        "Neck Thickness": 0.0
    },
    "primary_hair_tint": 1,
    "secondary_hair_tint": 0
}