{"num_bones":200,"children":[{"num_bones":1,"children":{},"rotation":{"y":-15,"z":0,"x":30},"rotation_axis":2,"blip_color":2,"world_rotation":{"y":0,"z":0,"x":0},"name":"apa_prop_flag_australia","blip_icon":1,"hash":-2132681077,"position":{"y":0,"z":0,"x":0},"target_version":"3.27b2","id":6,"options":{"is_visible":true,"has_collision":true,"is_dynamic":true,"lod_distance":16960,"alpha":255,"is_attached":true,"has_gravity":true,"is_mission_entity":true,"is_invincible":false,"bone_index":0,"is_explosion_proof":false,"is_fire_proof":false,"is_networked":true,"is_light_on":true,"use_soft_pinning":true,"is_melee_proof":false,"is_bullet_proof":false},"offset":{"y":-6.3,"z":1.9,"x":-1.4},"model":"apa_prop_flag_australia","type":"OBJECT"},{"num_bones":1,"children":{},"blip_icon":1,"rotation_axis":2,"blip_color":2,"offset":{"y":-6.3,"z":1.9,"x":1.4},"name":"apa_prop_flag_australia","target_version":"3.27b2","hash":-2132681077,"rotation":{"y":15,"z":0,"x":30},"world_rotation":{"y":0,"z":0,"x":0},"id":6,"options":{"is_visible":true,"has_collision":true,"is_dynamic":true,"use_soft_pinning":true,"alpha":255,"is_attached":true,"is_networked":true,"is_mission_entity":true,"is_invincible":false,"bone_index":0,"is_explosion_proof":false,"lod_distance":16960,"has_gravity":true,"is_light_on":true,"is_fire_proof":false,"is_melee_proof":false,"is_bullet_proof":false},"position":{"y":0,"z":0,"x":0},"model":"apa_prop_flag_australia","type":"OBJECT"}],"rotation_axis":2,"name":"Australia","hash":-1281684762,"position":{"y":0,"z":0,"x":0},"world_rotation":{"y":0,"z":0,"x":0},"options":{"is_visible":true,"has_collision":true,"is_dynamic":true,"use_soft_pinning":true,"alpha":255,"is_attached":true,"is_networked":true,"is_mission_entity":true,"is_invincible":false,"bone_index":0,"is_explosion_proof":false,"lod_distance":16960,"has_gravity":true,"is_light_on":true,"is_fire_proof":false,"is_melee_proof":false,"is_bullet_proof":false},"blip_icon":1,"created":"2022-11-12T05:23:32Z","model":"LAZER","blip_color":2,"author":"CallMeCam","type":"VEHICLE","target_version":"3.27b2","offset":{"y":-6.3,"z":1.9,"x":-1.4},"rotation":{"y":-15,"z":0,"x":30},"id":4,"version":"Constructor 0.27b5 / 3.27b2 / 0.8.5b8","vehicle_attributes":{"extras":{},"windows":{"rolled_down":{},"broken":{"rearleft":false,"front":false,"rearright":false,"frontright":false,"rear":false,"midleft":false}},"headlights":{"headlights_color":255,"headlights_type":false},"neon":{"lights":{"right":false,"left":false,"front":false,"back":false},"color":{}},"mods":{"_17":false,"_33":-1,"_13":-1,"_20":true,"_9":-1,"_7":-1,"_22":false,"_5":-1,"_26":-1,"_1":-1,"_3":-1,"_21":false,"_25":-1,"_44":-1,"_48":-1,"_42":-1,"_49":-1,"_24":-1,"_43":-1,"_19":false,"_47":-1,"_16":-1,"_30":-1,"_35":-1,"_10":-1,"_27":-1,"_12":-1,"_8":-1,"_32":-1,"_6":-1,"_2":-1,"_29":-1,"_4":-1,"_34":-1,"_36":-1,"_11":-1,"_40":-1,"_31":-1,"_37":-1,"_41":-1,"_0":-1,"_15":-1,"_38":-1,"_18":false,"_14":-1,"_46":-1,"_23":10,"_28":-1,"_45":-1,"_39":-1},"paint":{"interior_color":0,"fade":0.0,"dirt_level":2.1268,"dashboard_color":0,"extra_colors":{"pearlescent":10,"wheel":28},"livery_legacy":0,"color_combo":-1,"vehicle_custom_color":{"r":8,"g":8,"b":8},"livery":-1,"primary":{"vehicle_standard_color":0,"custom_color":{"r":1,"g":33,"b":104},"is_custom":true},"livery2_legacy":0,"secondary":{"vehicle_standard_color":0,"custom_color":{"r":255,"g":255,"b":255},"is_custom":true}},"doors":{"broken":{},"open":{"trunk2":false,"backright":false,"trunk":false,"backleft":false,"frontright":false,"hood":false,"frontleft":false}},"options":{"engine_running":true,"siren":false,"license_plate_text":"86MHC381","radio_loud":false,"search_light":false,"bulletproof_tires":true,"license_plate_type":4,"emergency_lights":false,"window_tint":0},"wheels":{"wheel_type":8,"tire_smoke_color":{"r":255,"g":255,"b":255},"tires_burst":{}}},"blip_sprite":1}