{"blip_handle":-1220149193,"target_version":"3.27b2","id":1,"type":"VEHICLE","offset":{"x":0,"y":0,"z":0},"position":{"x":-1262.193548,"y":-3175.811568,"z":15.016303},"author":"CallMeCam","rotation":{"x":0,"y":0,"z":0},"created":"2022-11-11T01:35:21Z","num_bones":50,"version":"Constructor 0.27b5 / 3.27b2 / 0.8.5b8","blip_color":2,"children":[{"world_rotation":{"x":0,"y":0,"z":0},"rotation":{"x":30,"y":-15,"z":0},"rotation_axis":2,"num_bones":1,"blip_icon":1,"blip_color":2,"children":{},"id":3,"name":"apa_prop_flag_brazil","target_version":"3.27b2","options":{"has_collision":true,"has_gravity":true,"is_light_on":true,"lod_distance":16960,"alpha":255,"bone_index":0,"is_attached":true,"is_mission_entity":true,"is_dynamic":true,"is_explosion_proof":false,"is_networked":true,"is_bullet_proof":false,"is_invincible":false,"is_fire_proof":false,"use_soft_pinning":true,"is_visible":true,"is_melee_proof":false},"model":"apa_prop_flag_brazil","hash":-331093529,"type":"OBJECT","offset":{"x":-1.4,"y":-6.3,"z":1.9},"position":{"x":0,"y":0,"z":0}},{"blip_icon":1,"rotation":{"x":30,"y":15,"z":0},"rotation_axis":2,"num_bones":1,"options":{"has_collision":true,"has_gravity":true,"is_bullet_proof":false,"lod_distance":16960,"alpha":255,"bone_index":0,"is_attached":true,"is_mission_entity":true,"is_dynamic":true,"is_explosion_proof":false,"is_networked":true,"is_light_on":true,"is_invincible":false,"is_fire_proof":false,"use_soft_pinning":true,"is_visible":true,"is_melee_proof":false},"world_rotation":{"x":0,"y":0,"z":0},"children":{},"id":3,"name":"apa_prop_flag_brazil","target_version":"3.27b2","blip_color":2,"model":"apa_prop_flag_brazil","hash":-331093529,"type":"OBJECT","offset":{"x":1.4,"y":-6.3,"z":1.9},"position":{"x":0,"y":0,"z":0}}],"options":{"has_collision":true,"has_gravity":true,"is_light_on":true,"lod_distance":16960,"alpha":255,"bone_index":0,"is_attached":false,"is_mission_entity":true,"is_dynamic":true,"is_explosion_proof":false,"is_networked":true,"is_bullet_proof":false,"is_invincible":false,"is_fire_proof":false,"use_soft_pinning":true,"is_visible":true,"is_melee_proof":false},"name":"!brazil","rotation_axis":2,"blip_icon":1,"model":"LAZER","hash":-1281684762,"vehicle_attributes":{"paint":{"dashboard_color":0,"livery2_legacy":-1,"secondary":{"is_custom":true,"vehicle_standard_color":0,"custom_color":{"g":150,"r":0,"b":55}},"fade":0.0,"color_combo":-1,"primary":{"is_custom":true,"vehicle_standard_color":0,"custom_color":{"g":218,"r":252,"b":0}},"livery":-1,"dirt_level":0.00711,"interior_color":0,"vehicle_custom_color":{"g":8,"r":8,"b":8},"extra_colors":{"pearlescent":10,"wheel":64},"livery_legacy":-1},"headlights":{"headlights_type":false,"headlights_color":255},"wheels":{"wheel_type":8,"tires_burst":{},"tire_smoke_color":{"g":255,"r":255,"b":255}},"options":{"window_tint":-1,"emergency_lights":false,"bulletproof_tires":true,"engine_running":true,"search_light":false,"license_plate_text":"86MHC381","siren":false,"radio_loud":false,"license_plate_type":4},"doors":{"open":{"frontleft":false,"trunk2":false,"frontright":false,"hood":false,"backright":false,"backleft":false,"trunk":false},"broken":{}},"extras":{},"windows":{"broken":{"front":false,"frontright":false,"midleft":false,"rearright":false,"rear":false,"rearleft":false},"rolled_down":{}},"neon":{"color":{},"lights":{"right":false,"left":false,"front":false,"back":false}},"mods":{"_11":-1,"_31":-1,"_35":-1,"_15":-1,"_7":-1,"_5":-1,"_9":-1,"_36":-1,"_1":-1,"_16":-1,"_23":10,"_43":-1,"_27":-1,"_47":-1,"_24":-1,"_40":-1,"_28":-1,"_44":-1,"_48":-1,"_29":-1,"_38":-1,"_21":false,"_19":false,"_45":-1,"_41":-1,"_25":-1,"_8":-1,"_32":-1,"_22":false,"_2":-1,"_46":-1,"_4":-1,"_26":-1,"_42":-1,"_33":-1,"_39":-1,"_13":-1,"_12":-1,"_17":false,"_0":-1,"_37":-1,"_49":-1,"_6":-1,"_34":-1,"_30":-1,"_14":-1,"_3":-1,"_18":false,"_20":true,"_10":-1}},"world_rotation":{"x":0,"y":0,"z":0},"blip_sprite":1}