{"hash":-1281684762,"vehicle_attributes":{"extras":{},"wheels":{"tire_smoke_color":{"r":255,"g":255,"b":255},"wheel_type":8,"tires_burst":{}},"options":{"window_tint":-1,"bulletproof_tires":true,"license_plate_type":4,"radio_loud":false,"search_light":false,"license_plate_text":"86MHC381","engine_running":true,"siren":false,"emergency_lights":false},"doors":{"broken":{},"open":{"frontleft":false,"trunk":false,"trunk2":false,"backright":false,"frontright":false,"hood":false,"backleft":false}},"mods":{"_41":-1,"_21":false,"_5":-1,"_1":-1,"_3":-1,"_25":-1,"_38":-1,"_7":-1,"_45":-1,"_9":-1,"_23":199,"_47":-1,"_30":-1,"_10":-1,"_43":-1,"_32":-1,"_36":-1,"_27":-1,"_42":-1,"_31":-1,"_19":false,"_11":-1,"_15":-1,"_4":-1,"_35":-1,"_2":-1,"_39":-1,"_14":-1,"_16":-1,"_8":-1,"_6":-1,"_48":-1,"_24":-1,"_34":-1,"_12":-1,"_44":-1,"_26":-1,"_33":-1,"_28":-1,"_0":-1,"_13":-1,"_37":-1,"_18":false,"_40":-1,"_29":-1,"_20":true,"_22":false,"_49":-1,"_17":false,"_46":-1},"windows":{"broken":{"rearleft":false,"rearright":false,"frontright":false,"midleft":false,"front":false,"rear":false},"rolled_down":{}},"paint":{"secondary":{"is_custom":true,"vehicle_standard_color":0,"custom_color":{"r":255,"g":165,"b":0}},"interior_color":0,"dashboard_color":0,"vehicle_custom_color":{"r":8,"g":8,"b":8},"livery2_legacy":-1,"livery_legacy":-1,"extra_colors":{"pearlescent":10,"wheel":89},"livery":-1,"color_combo":-1,"dirt_level":0.632496,"primary":{"is_custom":true,"vehicle_standard_color":0,"custom_color":{"r":237,"g":28,"b":38}},"fade":0.0},"neon":{"lights":{"front":false,"left":false,"right":false,"back":false},"color":{}},"headlights":{"headlights_color":255,"headlights_type":false}},"children":[{"hash":757141590,"id":121,"name":"apa_prop_flag_china","children":{},"offset":{"y":-6.3,"x":-1.4,"z":1.9},"world_rotation":{"y":0,"x":0,"z":0},"rotation_axis":2,"options":{"alpha":255,"is_explosion_proof":false,"is_light_on":true,"is_fire_proof":false,"use_soft_pinning":true,"is_visible":true,"is_bullet_proof":false,"is_mission_entity":true,"bone_index":0,"lod_distance":16960,"is_attached":true,"is_dynamic":true,"has_collision":true,"has_gravity":true,"is_melee_proof":false,"is_invincible":false,"is_networked":true},"position":{"y":0,"x":0,"z":0},"blip_icon":1,"target_version":"3.27b2","blip_color":2,"num_bones":1,"model":"apa_prop_flag_china","type":"OBJECT","rotation":{"y":-15,"x":30,"z":0}},{"hash":757141590,"id":121,"name":"apa_prop_flag_china","children":{},"blip_color":2,"model":"apa_prop_flag_china","rotation_axis":2,"options":{"alpha":255,"is_explosion_proof":false,"is_light_on":true,"is_fire_proof":false,"use_soft_pinning":true,"is_visible":true,"is_bullet_proof":false,"is_networked":true,"is_mission_entity":true,"lod_distance":16960,"is_melee_proof":false,"bone_index":0,"is_dynamic":true,"has_gravity":true,"is_attached":true,"has_collision":true,"is_invincible":false},"rotation":{"y":15,"x":30,"z":0},"blip_icon":1,"target_version":"3.27b2","offset":{"y":-6.3,"x":1.4,"z":1.9},"num_bones":1,"world_rotation":{"y":0,"x":0,"z":0},"type":"OBJECT","position":{"y":0,"x":0,"z":0}}],"blip_icon":1,"target_version":"3.27b2","blip_color":2,"world_rotation":{"y":0,"x":0,"z":0},"blip_handle":408159045,"position":{"y":-2555.756709,"x":-1531.082072,"z":13.812216},"type":"VEHICLE","name":"LAZER CHINA","id":1,"rotation_axis":2,"options":{"alpha":255,"is_explosion_proof":false,"is_light_on":true,"is_fire_proof":false,"use_soft_pinning":true,"is_visible":true,"is_bullet_proof":false,"is_mission_entity":true,"bone_index":0,"lod_distance":16960,"is_attached":false,"is_dynamic":true,"has_collision":true,"has_gravity":true,"is_melee_proof":false,"is_invincible":false,"is_networked":true},"version":"Constructor 0.27b5 / 3.27b2 / 0.8.5b8","created":"2022-11-11T04:22:48Z","rotation":{"y":0,"x":0,"z":0},"model":"LAZER","num_bones":50,"author":"CallMeCam","offset":{"y":0,"x":0,"z":0},"blip_sprite":1}