{"type":"VEHICLE","author":"CallMeCam","id":77,"offset":{"x":-1.4,"y":-6.3,"z":1.9},"position":{"x":0,"y":0,"z":0},"created":"2022-11-11T23:26:47Z","rotation":{"x":30,"y":-15,"z":0},"rotation_axis":2,"num_bones":200,"blip_color":2,"options":{"has_collision":true,"has_gravity":true,"is_bullet_proof":false,"lod_distance":16960,"alpha":255,"bone_index":0,"is_attached":true,"is_mission_entity":true,"is_dynamic":true,"is_explosion_proof":false,"is_fire_proof":false,"use_soft_pinning":true,"is_invincible":false,"is_light_on":true,"is_networked":true,"is_visible":true,"is_melee_proof":false},"children":[{"world_rotation":{"x":0,"y":0,"z":0},"rotation":{"x":30,"y":-15,"z":0},"blip_icon":1,"num_bones":1,"model":"apa_prop_flag_france","options":{"has_collision":true,"has_gravity":true,"is_bullet_proof":false,"lod_distance":16960,"is_visible":true,"bone_index":0,"is_attached":true,"is_mission_entity":true,"is_dynamic":true,"is_explosion_proof":false,"use_soft_pinning":true,"is_light_on":true,"is_invincible":false,"alpha":255,"is_fire_proof":false,"is_networked":true,"is_melee_proof":false},"children":{},"id":79,"blip_color":2,"target_version":"3.27b2","rotation_axis":2,"name":"apa_prop_flag_france","hash":28071787,"type":"OBJECT","offset":{"x":-1.4,"y":-6.3,"z":1.9},"position":{"x":0,"y":0,"z":0}},{"options":{"has_collision":true,"has_gravity":true,"is_bullet_proof":false,"lod_distance":16960,"alpha":255,"bone_index":0,"is_attached":true,"is_mission_entity":true,"is_dynamic":true,"is_explosion_proof":false,"is_fire_proof":false,"use_soft_pinning":true,"is_invincible":false,"is_light_on":true,"is_networked":true,"is_visible":true,"is_melee_proof":false},"rotation":{"x":30,"y":15,"z":0},"blip_icon":1,"num_bones":1,"blip_color":2,"world_rotation":{"x":0,"y":0,"z":0},"children":{},"id":79,"rotation_axis":2,"target_version":"3.27b2","model":"apa_prop_flag_france","name":"apa_prop_flag_france","hash":28071787,"type":"OBJECT","offset":{"x":1.4,"y":-6.3,"z":1.9},"position":{"x":0,"y":0,"z":0}}],"vehicle_attributes":{"paint":{"dashboard_color":0,"extra_colors":{"pearlescent":10,"wheel":35},"secondary":{"is_custom":true,"vehicle_standard_color":0,"custom_color":{"g":255,"r":255,"b":255}},"fade":0.0,"color_combo":-1,"primary":{"is_custom":true,"vehicle_standard_color":0,"custom_color":{"g":38,"r":0,"b":120}},"livery":-1,"livery2_legacy":-1,"dirt_level":2.676461,"vehicle_custom_color":{"g":8,"r":8,"b":8},"interior_color":0,"livery_legacy":0},"headlights":{"headlights_color":255,"headlights_type":false},"windows":{"rolled_down":{},"broken":{"midleft":false,"frontright":false,"front":false,"rearright":false,"rear":false,"rearleft":false}},"options":{"window_tint":0,"emergency_lights":false,"bulletproof_tires":true,"engine_running":true,"search_light":false,"license_plate_text":"86MHC381","siren":false,"radio_loud":false,"license_plate_type":4},"neon":{"color":{},"lights":{"right":false,"left":false,"front":false,"back":false}},"extras":{},"wheels":{"wheel_type":8,"tires_burst":{},"tire_smoke_color":{"g":255,"r":255,"b":255}},"doors":{"open":{"frontleft":false,"backleft":false,"frontright":false,"hood":false,"backright":false,"trunk2":false,"trunk":false},"broken":{}},"mods":{"_11":-1,"_31":-1,"_35":-1,"_15":-1,"_12":-1,"_5":-1,"_3":-1,"_36":-1,"_1":-1,"_16":-1,"_23":9,"_43":-1,"_27":-1,"_47":-1,"_24":-1,"_40":-1,"_28":-1,"_44":-1,"_48":-1,"_29":-1,"_10":-1,"_49":-1,"_7":-1,"_45":-1,"_41":-1,"_25":-1,"_8":-1,"_21":false,"_6":-1,"_22":false,"_46":-1,"_4":-1,"_26":-1,"_42":-1,"_33":-1,"_39":-1,"_13":-1,"_19":false,"_17":false,"_0":-1,"_37":-1,"_32":-1,"_9":-1,"_34":-1,"_30":-1,"_14":-1,"_2":-1,"_18":false,"_20":true,"_38":-1}},"target_version":"3.27b2","model":"LAZER","blip_icon":1,"name":"!france","hash":-1281684762,"version":"Constructor 0.27b5 / 3.27b2 / 0.8.5b8","world_rotation":{"x":0,"y":0,"z":0},"blip_sprite":1}