{"created":"2022-11-11T22:05:08Z","offset":{"y":0,"z":0,"x":0},"id":1,"blip_icon":1,"target_version":"3.27b2","num_bones":200,"options":{"is_networked":true,"is_invincible":false,"is_dynamic":true,"alpha":255,"is_mission_entity":true,"lod_distance":16960,"use_soft_pinning":true,"is_visible":true,"is_explosion_proof":false,"has_gravity":true,"is_light_on":true,"is_fire_proof":false,"is_attached":false,"is_bullet_proof":false,"is_melee_proof":false,"has_collision":true,"bone_index":0},"model":"LAZER","children":[{"world_rotation":{"y":0,"z":0,"x":0},"model":"apa_prop_flag_italy","hash":603662479,"children":{},"blip_color":2,"name":"apa_prop_flag_italy","type":"OBJECT","offset":{"y":-6.3,"z":1.9,"x":-1.4},"id":3,"rotation_axis":2,"blip_icon":1,"target_version":"3.27b2","num_bones":1,"options":{"is_networked":true,"is_invincible":false,"is_dynamic":true,"alpha":255,"is_mission_entity":true,"lod_distance":16960,"use_soft_pinning":true,"is_visible":true,"is_explosion_proof":false,"has_gravity":true,"is_light_on":true,"is_fire_proof":false,"is_attached":true,"is_bullet_proof":false,"is_melee_proof":false,"has_collision":true,"bone_index":0},"rotation":{"y":-15,"z":0,"x":30},"position":{"y":0,"z":0,"x":0}},{"rotation_axis":2,"model":"apa_prop_flag_italy","hash":603662479,"children":{},"name":"apa_prop_flag_italy","position":{"y":0,"z":0,"x":0},"type":"OBJECT","offset":{"y":-6.3,"z":1.9,"x":1.4},"id":3,"blip_color":2,"blip_icon":1,"target_version":"3.27b2","num_bones":1,"options":{"is_networked":true,"is_invincible":false,"is_dynamic":true,"alpha":255,"is_mission_entity":true,"lod_distance":16960,"use_soft_pinning":true,"is_visible":true,"is_explosion_proof":false,"has_gravity":true,"is_light_on":true,"is_fire_proof":false,"is_attached":true,"has_collision":true,"bone_index":0,"is_bullet_proof":false,"is_melee_proof":false},"rotation":{"y":15,"z":0,"x":30},"world_rotation":{"y":0,"z":0,"x":0}}],"author":"CallMeCam","world_rotation":{"y":0,"z":0,"x":0},"type":"VEHICLE","blip_sprite":1,"vehicle_attributes":{"headlights":{"headlights_color":255,"headlights_type":false},"neon":{"lights":{"back":false,"right":false,"front":false,"left":false},"color":{}},"mods":{"_44":-1,"_24":-1,"_49":-1,"_28":-1,"_18":false,"_21":false,"_41":-1,"_45":-1,"_25":-1,"_19":false,"_32":-1,"_16":-1,"_30":-1,"_10":-1,"_2":-1,"_43":-1,"_4":-1,"_23":10,"_27":-1,"_47":-1,"_34":-1,"_39":-1,"_14":-1,"_38":-1,"_8":-1,"_0":-1,"_11":-1,"_48":-1,"_31":-1,"_6":-1,"_7":-1,"_29":-1,"_35":-1,"_36":-1,"_22":false,"_20":true,"_42":-1,"_9":-1,"_46":-1,"_17":false,"_26":-1,"_15":-1,"_33":-1,"_1":-1,"_13":-1,"_3":-1,"_37":-1,"_40":-1,"_5":-1,"_12":-1},"wheels":{"tires_burst":{},"wheel_type":8,"tire_smoke_color":{"r":255,"g":255,"b":255}},"paint":{"livery":-1,"primary":{"is_custom":true,"vehicle_standard_color":0,"custom_color":{"r":0,"g":137,"b":66}},"interior_color":0,"color_combo":-1,"dirt_level":0.00012,"extra_colors":{"pearlescent":10,"wheel":111},"fade":0.0,"livery_legacy":-1,"secondary":{"is_custom":true,"vehicle_standard_color":0,"custom_color":{"r":204,"g":34,"b":45}},"livery2_legacy":-1,"vehicle_custom_color":{"r":8,"g":8,"b":8},"dashboard_color":0},"extras":{},"options":{"window_tint":0,"bulletproof_tires":true,"license_plate_text":"86MHC381","emergency_lights":false,"radio_loud":false,"engine_running":true,"siren":false,"search_light":false,"license_plate_type":4},"doors":{"broken":{},"open":{"frontleft":false,"frontright":false,"trunk":false,"hood":false,"trunk2":false,"backright":false,"backleft":false}},"windows":{"broken":{"rearright":false,"frontright":false,"front":false,"midleft":false,"rearleft":false,"rear":false},"rolled_down":{}}},"version":"Constructor 0.27b5 / 3.27b2 / 0.8.5b8","name":"LAZER ITALY","hash":-1281684762,"blip_color":2,"rotation_axis":2,"rotation":{"y":0,"z":0,"x":0},"position":{"y":0,"z":0,"x":0}}