{"options":{"has_collision":true,"is_networked":true,"is_invincible":false,"is_attached":true,"bone_index":0,"is_mission_entity":true,"alpha":255,"lod_distance":16960,"is_melee_proof":false,"is_explosion_proof":false,"is_bullet_proof":false,"has_gravity":true,"is_light_on":true,"is_fire_proof":false,"is_visible":true,"use_soft_pinning":true,"is_dynamic":true},"author":"CallMeCam","hash":-1281684762,"rotation":{"x":0,"y":0,"z":0},"id":5,"model":"LAZER","type":"VEHICLE","position":{"x":0,"y":0,"z":0},"created":"2022-11-11T03:14:46Z","version":"Constructor 0.27b5 / 3.27b2 / 0.8.5b8","blip_sprite":1,"target_version":"3.27b2","world_rotation":{"x":0,"y":0,"z":0},"name":"LAZER JAPAN","blip_icon":1,"blip_color":2,"offset":{"x":0.0,"y":-0.5,"z":0.7},"num_bones":200,"children":[{"options":{"has_collision":true,"is_networked":true,"is_invincible":false,"is_attached":true,"bone_index":0,"is_mission_entity":true,"alpha":255,"lod_distance":16960,"is_melee_proof":false,"is_explosion_proof":false,"is_bullet_proof":false,"has_gravity":true,"is_light_on":true,"is_fire_proof":false,"is_visible":true,"use_soft_pinning":true,"is_dynamic":true},"offset":{"x":-1.4,"y":-6.3,"z":1.9},"num_bones":1,"hash":-178815855,"target_version":"3.27b2","blip_icon":1,"world_rotation":{"x":0,"y":0,"z":0},"id":8,"name":"prop_flag_japan","rotation":{"x":30,"y":-15,"z":0},"model":"prop_flag_japan","blip_color":2,"rotation_axis":2,"type":"OBJECT","position":{"x":0,"y":0,"z":0},"children":{}},{"options":{"has_collision":true,"is_networked":true,"is_invincible":false,"is_attached":true,"bone_index":0,"is_mission_entity":true,"alpha":255,"lod_distance":16960,"is_melee_proof":false,"is_explosion_proof":false,"is_bullet_proof":false,"has_gravity":true,"is_light_on":true,"is_fire_proof":false,"is_visible":true,"use_soft_pinning":true,"is_dynamic":true},"offset":{"x":1.4,"y":-6.3,"z":1.9},"num_bones":1,"hash":-178815855,"target_version":"3.27b2","rotation_axis":2,"rotation":{"x":30,"y":15,"z":0},"id":8,"name":"prop_flag_japan","blip_icon":1,"model":"prop_flag_japan","blip_color":2,"type":"OBJECT","world_rotation":{"x":0,"y":0,"z":0},"position":{"x":0,"y":0,"z":0},"children":{}}],"rotation_axis":2,"vehicle_attributes":{"options":{"license_plate_text":"86MHC381","window_tint":0,"search_light":false,"emergency_lights":false,"siren":false,"license_plate_type":4,"radio_loud":false,"bulletproof_tires":true,"engine_running":true},"extras":{},"neon":{"color":{},"lights":{"left":false,"front":false,"back":false,"right":false}},"headlights":{"headlights_color":255,"headlights_type":false},"windows":{"rolled_down":{},"broken":{"rearright":false,"front":false,"rear":false,"rearleft":false,"midleft":false,"frontright":false}},"mods":{"_8":-1,"_24":-1,"_41":-1,"_44":-1,"_21":false,"_40":-1,"_47":-1,"_20":true,"_27":-1,"_28":-1,"_46":-1,"_23":196,"_26":-1,"_43":-1,"_2":-1,"_0":-1,"_29":-1,"_15":-1,"_4":-1,"_42":-1,"_6":-1,"_9":-1,"_48":-1,"_14":-1,"_10":-1,"_34":-1,"_31":-1,"_25":-1,"_5":-1,"_35":-1,"_37":-1,"_13":-1,"_17":false,"_30":-1,"_22":false,"_18":false,"_12":-1,"_38":-1,"_33":-1,"_36":-1,"_11":-1,"_16":-1,"_19":false,"_3":-1,"_39":-1,"_1":-1,"_49":-1,"_32":-1,"_7":-1,"_45":-1},"paint":{"livery2_legacy":-1,"interior_color":0,"dirt_level":0.005065,"primary":{"is_custom":true,"custom_color":{"r":255,"b":255,"g":255},"vehicle_standard_color":0},"fade":0.0,"livery_legacy":-1,"color_combo":-1,"secondary":{"is_custom":true,"custom_color":{"r":186,"b":46,"g":0},"vehicle_standard_color":0},"extra_colors":{"pearlescent":10,"wheel":27},"dashboard_color":0,"vehicle_custom_color":{"r":8,"b":8,"g":8},"livery":-1},"doors":{"broken":{},"open":{"backright":false,"hood":false,"trunk":false,"trunk2":false,"frontleft":false,"backleft":false,"frontright":false}},"wheels":{"tires_burst":{},"tire_smoke_color":{"r":255,"b":255,"g":255},"wheel_type":8}}}