{"options":{"is_explosion_proof":false,"is_fire_proof":false,"is_attached":false,"has_collision":true,"alpha":255,"is_invincible":false,"is_bullet_proof":false,"is_visible":true,"is_light_on":true,"is_networked":true,"is_mission_entity":true,"is_melee_proof":false,"use_soft_pinning":true,"bone_index":0,"is_dynamic":true,"has_gravity":true,"lod_distance":16960},"offset":{"y":0,"x":0,"z":0},"blip_icon":1,"model":"LAZER","vehicle_attributes":{"paint":{"livery_legacy":-1,"secondary":{"custom_color":{"r":255,"g":255,"b":255},"is_custom":true,"color":73,"vehicle_standard_color":0,"paint_type":0},"livery2_legacy":-1,"dashboard_color":0,"fade":0.0,"interior_color":0,"primary":{"pearlescent_color":111,"custom_color":{"r":0,"g":56,"b":5},"is_custom":true,"color":42,"vehicle_standard_color":141,"paint_type":0},"livery":-1,"vehicle_custom_color":{"r":0,"g":1,"b":8},"extra_colors":{"pearlescent":54,"wheel":27},"color_combo":-1,"dirt_level":0.155254},"options":{"radio_loud":false,"emergency_lights":false,"license_plate_type":4,"search_light":false,"license_plate_text":"86MHC381","engine_running":true,"siren":false,"window_tint":-1,"bulletproof_tires":true},"doors":{"open":{"frontright":false,"frontleft":false,"trunk":false,"backright":false,"trunk2":false,"backleft":false,"hood":false},"broken":{}},"wheels":{"wheel_type":8,"tire_smoke_color":{"r":255,"g":255,"b":255},"tires_burst":{}},"neon":{"color":{},"lights":{"left":false,"right":false,"front":false,"back":false}},"windows":{"rolled_down":{},"broken":{"frontright":false,"rearright":false,"front":false,"rearleft":false,"midleft":false,"rear":false}},"headlights":{"headlights_type":false,"headlights_color":255},"mods":{"_17":false,"_13":-1,"_37":-1,"_8":-1,"_16":-1,"_0":-1,"_12":-1,"_32":-1,"_45":-1,"_20":false,"_29":-1,"_25":-1,"_49":-1,"_21":false,"_44":-1,"_41":-1,"_24":-1,"_3":-1,"_48":-1,"_27":-1,"_43":-1,"_14":-1,"_47":-1,"_7":-1,"_40":-1,"_23":214,"_26":-1,"_34":-1,"_9":-1,"_42":-1,"_18":false,"_1":-1,"_22":false,"_33":-1,"_10":-1,"_19":false,"_30":-1,"_28":-1,"_35":-1,"_6":-1,"_15":-1,"_39":-1,"_5":-1,"_11":-1,"_36":-1,"_31":-1,"_46":-1,"_4":-1,"_38":-1,"_2":-1},"extras":{}},"name":"LAZER MEX 1","rotation_axis":2,"type":"VEHICLE","children":[{"options":{"is_explosion_proof":false,"is_fire_proof":false,"is_attached":true,"has_collision":true,"alpha":255,"is_invincible":false,"is_bullet_proof":false,"is_visible":true,"is_light_on":true,"is_networked":true,"is_mission_entity":true,"is_melee_proof":false,"use_soft_pinning":true,"bone_index":0,"is_dynamic":true,"has_gravity":true,"lod_distance":16960},"offset":{"y":-6.3,"x":-1.4,"z":1.9},"blip_icon":1,"model":"prop_flag_mexico","name":"prop_flag_mexico","rotation_axis":2,"type":"OBJECT","children":{},"num_bones":1,"target_version":"3.27b2","world_rotation":{"y":0,"x":0,"z":0},"rotation":{"y":-15,"x":30,"z":0},"version":"Constructor 0.27b5 / 3.27b2 / 0.8.5b8","created":"2022-11-10T22:17:11Z","hash":-716201733,"position":{"y":0,"x":0,"z":0},"blip_color":2,"id":5,"author":"CallMeCam"},{"children":{},"num_bones":1,"options":{"is_explosion_proof":false,"is_fire_proof":false,"is_attached":true,"has_collision":true,"alpha":255,"is_invincible":false,"is_bullet_proof":false,"is_visible":true,"bone_index":0,"is_networked":true,"is_mission_entity":true,"is_melee_proof":false,"has_gravity":true,"is_dynamic":true,"is_light_on":true,"use_soft_pinning":true,"lod_distance":16960},"world_rotation":{"y":0,"x":0,"z":0},"position":{"y":0,"x":0,"z":0},"rotation":{"y":15,"x":30,"z":0},"offset":{"y":-6.3,"x":1.4,"z":1.9},"blip_icon":1,"model":"prop_flag_mexico","type":"OBJECT","blip_color":2,"hash":-716201733,"name":"prop_flag_mexico","rotation_axis":2,"target_version":"3.27b2","id":5}],"num_bones":50,"target_version":"3.27b2","world_rotation":{"y":0,"x":0,"z":0},"author":"CallMeCam","version":"Constructor 0.27b5 / 3.27b2 / 0.8.5b8","created":"2022-11-10T22:17:21Z","blip_color":2,"rotation":{"y":0,"x":0,"z":0},"hash":-1281684762,"id":1,"position":{"y":-3111.229758,"x":-1260.953837,"z":16.157722},"blip_handle":688587687,"blip_sprite":1}