{"offset":{"y":0,"x":0,"z":0},"rotation":{"y":0,"x":0,"z":0},"vehicle_attributes":{"neon":{"lights":{"right":false,"left":false,"front":false,"back":false},"color":{}},"headlights":{"headlights_type":false,"headlights_color":255},"mods":{"_16":-1,"_37":-1,"_15":-1,"_6":-1,"_30":-1,"_17":false,"_36":-1,"_14":-1,"_33":-1,"_39":-1,"_18":false,"_0":-1,"_13":-1,"_38":-1,"_19":false,"_45":-1,"_4":-1,"_21":false,"_41":-1,"_47":-1,"_31":-1,"_27":-1,"_7":-1,"_25":-1,"_9":-1,"_3":-1,"_46":-1,"_2":-1,"_26":-1,"_20":true,"_24":-1,"_10":-1,"_43":-1,"_40":-1,"_44":-1,"_29":-1,"_12":-1,"_49":-1,"_1":-1,"_23":10,"_8":-1,"_42":-1,"_28":-1,"_34":-1,"_48":-1,"_32":-1,"_11":-1,"_35":-1,"_22":false,"_5":-1},"wheels":{"tires_burst":{},"tire_smoke_color":{"r":255,"g":255,"b":255},"wheel_type":8},"paint":{"livery":-1,"dashboard_color":0,"dirt_level":0.000282,"extra_colors":{"wheel":28,"pearlescent":10},"vehicle_custom_color":{"r":8,"g":8,"b":8},"secondary":{"vehicle_standard_color":0,"custom_color":{"r":198,"g":15,"b":46},"is_custom":true},"livery2_legacy":0,"fade":0.0,"color_combo":-1,"primary":{"vehicle_standard_color":0,"custom_color":{"r":1,"g":33,"b":104},"is_custom":true},"livery_legacy":0,"interior_color":0},"windows":{"rolled_down":{},"broken":{"rearright":false,"midleft":false,"rearleft":false,"frontleft":false,"rear":false,"front":false,"frontright":false}},"doors":{"broken":{},"open":{"frontleft":false,"trunk2":false,"backright":false,"trunk":false,"hood":false,"backleft":false,"frontright":false}},"options":{"window_tint":0,"bulletproof_tires":true,"siren":false,"license_plate_type":4,"search_light":false,"radio_loud":false,"license_plate_text":"86MHC381","engine_running":true,"emergency_lights":false},"extras":{}},"blip_color":2,"rotation_axis":2,"blip_sprite":1,"position":{"y":0,"x":0,"z":0},"author":"CallMeCam","world_rotation":{"y":0,"x":0,"z":0},"target_version":"3.27b2","name":"NewZealand","model":"LAZER","children":[{"offset":{"y":-6.3,"x":-1.4,"z":1.9},"target_version":"3.27b2","rotation":{"y":-15,"x":30,"z":0},"world_rotation":{"y":0,"x":0,"z":0},"blip_color":2,"name":"apa_prop_flag_newzealand","hash":-1532735116,"blip_icon":1,"id":3,"children":{},"type":"OBJECT","num_bones":1,"model":"apa_prop_flag_newzealand","rotation_axis":2,"options":{"is_explosion_proof":false,"is_attached":true,"is_melee_proof":false,"is_networked":true,"is_invincible":false,"has_gravity":true,"is_bullet_proof":false,"is_visible":true,"is_light_on":true,"bone_index":0,"use_soft_pinning":true,"lod_distance":16960,"has_collision":true,"is_mission_entity":true,"alpha":255,"is_fire_proof":false,"is_dynamic":true},"position":{"y":0,"x":0,"z":0}},{"offset":{"y":-6.3,"x":1.4,"z":1.9},"blip_icon":1,"rotation":{"y":15,"x":30,"z":0},"world_rotation":{"y":0,"x":0,"z":0},"blip_color":2,"name":"apa_prop_flag_newzealand","hash":-1532735116,"children":{},"rotation_axis":2,"id":3,"type":"OBJECT","num_bones":1,"model":"apa_prop_flag_newzealand","target_version":"3.27b2","options":{"is_explosion_proof":false,"is_light_on":true,"is_melee_proof":false,"is_networked":true,"is_invincible":false,"has_gravity":true,"is_visible":true,"alpha":255,"is_bullet_proof":false,"bone_index":0,"is_attached":true,"lod_distance":16960,"has_collision":true,"use_soft_pinning":true,"is_mission_entity":true,"is_fire_proof":false,"is_dynamic":true},"position":{"y":0,"x":0,"z":0}}],"created":"2022-11-12T04:48:10Z","version":"Constructor 0.27b5 / 3.27b2 / 0.8.5b8","type":"VEHICLE","num_bones":200,"id":1,"blip_icon":1,"options":{"is_explosion_proof":false,"is_attached":false,"is_melee_proof":false,"is_networked":true,"is_invincible":false,"has_gravity":true,"is_bullet_proof":false,"is_visible":true,"is_light_on":true,"bone_index":0,"use_soft_pinning":true,"lod_distance":16960,"has_collision":true,"is_mission_entity":true,"alpha":255,"is_fire_proof":false,"is_dynamic":true},"hash":-1281684762}