{"world_rotation":{"y":0,"z":0,"x":0},"type":"VEHICLE","num_bones":200,"id":1,"rotation_axis":2,"options":{"is_bullet_proof":false,"is_melee_proof":false,"has_collision":true,"is_visible":true,"has_gravity":true,"is_invincible":false,"is_dynamic":true,"is_explosion_proof":false,"is_light_on":true,"use_soft_pinning":true,"is_fire_proof":false,"is_mission_entity":true,"lod_distance":16960,"bone_index":0,"alpha":255,"is_attached":false,"is_networked":true},"hash":-1281684762,"blip_sprite":1,"model":"LAZER","author":"CallMeCam","created":"2022-11-12T04:37:12Z","blip_icon":1,"name":"Portugal","children":[{"world_rotation":{"y":0,"z":0,"x":0},"name":"apa_prop_flag_portugal","type":"OBJECT","num_bones":1,"id":2,"target_version":"3.27b2","blip_icon":1,"position":{"y":0,"z":0,"x":0},"rotation_axis":2,"offset":{"y":-6.3,"z":1.9,"x":-1.4},"children":{},"hash":-505146969,"rotation":{"y":-15,"z":0,"x":30},"blip_color":2,"options":{"is_bullet_proof":false,"is_melee_proof":false,"has_collision":true,"is_visible":true,"has_gravity":true,"is_invincible":false,"is_dynamic":true,"is_explosion_proof":false,"is_light_on":true,"use_soft_pinning":true,"is_fire_proof":false,"is_mission_entity":true,"lod_distance":16960,"bone_index":0,"alpha":255,"is_attached":true,"is_networked":true},"model":"apa_prop_flag_portugal"},{"world_rotation":{"y":0,"z":0,"x":0},"name":"apa_prop_flag_portugal","type":"OBJECT","num_bones":1,"id":2,"position":{"y":0,"z":0,"x":0},"blip_icon":1,"target_version":"3.27b2","rotation_axis":2,"options":{"is_bullet_proof":false,"is_melee_proof":false,"has_collision":true,"is_visible":true,"bone_index":0,"is_invincible":false,"is_dynamic":true,"is_attached":true,"is_light_on":true,"use_soft_pinning":true,"is_fire_proof":false,"is_mission_entity":true,"is_explosion_proof":false,"has_gravity":true,"alpha":255,"lod_distance":16960,"is_networked":true},"offset":{"y":-6.3,"z":1.9,"x":1.4},"hash":-505146969,"rotation":{"y":15,"z":0,"x":30},"blip_color":2,"children":{},"model":"apa_prop_flag_portugal"}],"position":{"y":0,"z":0,"x":0},"offset":{"y":0,"z":0,"x":0},"rotation":{"y":0,"z":0,"x":0},"target_version":"3.27b2","blip_color":2,"version":"Constructor 0.27b5 / 3.27b2 / 0.8.5b8","vehicle_attributes":{"headlights":{"headlights_type":false,"headlights_color":255},"extras":{},"paint":{"extra_colors":{"pearlescent":10,"wheel":89},"interior_color":0,"color_combo":-1,"secondary":{"vehicle_standard_color":0,"custom_color":{"r":216,"g":40,"b":28},"is_custom":true},"livery":-1,"primary":{"vehicle_standard_color":0,"custom_color":{"r":4,"g":104,"b":54},"is_custom":true},"vehicle_custom_color":{"r":8,"g":8,"b":8},"dirt_level":0.200186,"livery2_legacy":0,"dashboard_color":0,"livery_legacy":0,"fade":0.0},"options":{"license_plate_type":4,"window_tint":0,"search_light":false,"siren":false,"bulletproof_tires":true,"license_plate_text":"86MHC381","emergency_lights":false,"engine_running":true,"radio_loud":false},"wheels":{"tires_burst":{},"wheel_type":8,"tire_smoke_color":{"r":255,"g":255,"b":255}},"mods":{"_24":-1,"_44":-1,"_20":true,"_48":-1,"_28":-1,"_23":10,"_43":-1,"_11":-1,"_40":-1,"_31":-1,"_36":-1,"_8":-1,"_16":-1,"_6":-1,"_12":-1,"_4":-1,"_0":-1,"_19":false,"_35":-1,"_15":-1,"_39":-1,"_14":-1,"_34":-1,"_18":false,"_30":-1,"_38":-1,"_10":-1,"_13":-1,"_17":false,"_33":-1,"_47":-1,"_2":-1,"_32":-1,"_21":false,"_7":-1,"_46":-1,"_9":-1,"_26":-1,"_1":-1,"_5":-1,"_22":false,"_3":-1,"_45":-1,"_41":-1,"_25":-1,"_37":-1,"_29":-1,"_27":-1,"_49":-1,"_42":-1},"neon":{"color":{},"lights":{"left":false,"right":false,"front":false,"back":false}},"windows":{"rolled_down":{},"broken":{"rearleft":false,"rear":false,"rearright":false,"front":false,"midleft":false,"frontright":false}},"doors":{"broken":{},"open":{"frontleft":false,"hood":false,"backleft":false,"trunk":false,"trunk2":false,"backright":false,"frontright":false}}}}