{"hash":-1281684762,"vehicle_attributes":{"extras":{},"wheels":{"tire_smoke_color":{"r":255,"g":255,"b":255},"tires_burst":{},"wheel_type":8},"options":{"window_tint":0,"bulletproof_tires":true,"license_plate_type":4,"radio_loud":false,"engine_running":true,"license_plate_text":"86MHC381","emergency_lights":false,"siren":false,"search_light":false},"doors":{"broken":{},"open":{"frontleft":false,"trunk":false,"backleft":false,"backright":false,"frontright":false,"hood":false,"trunk2":false}},"mods":{"_41":-1,"_21":false,"_5":-1,"_1":-1,"_3":-1,"_25":-1,"_38":-1,"_29":-1,"_45":-1,"_9":-1,"_23":10,"_47":-1,"_30":-1,"_10":-1,"_43":-1,"_32":-1,"_36":-1,"_27":-1,"_42":-1,"_31":-1,"_7":-1,"_11":-1,"_15":-1,"_4":-1,"_35":-1,"_16":-1,"_14":-1,"_39":-1,"_49":-1,"_19":false,"_6":-1,"_48":-1,"_8":-1,"_34":-1,"_18":false,"_37":-1,"_26":-1,"_0":-1,"_33":-1,"_28":-1,"_13":-1,"_44":-1,"_12":-1,"_40":-1,"_24":-1,"_20":true,"_22":false,"_2":-1,"_17":false,"_46":-1},"windows":{"broken":{"rearleft":false,"rearright":false,"frontright":false,"midleft":false,"front":false,"rear":false},"rolled_down":{}},"paint":{"secondary":{"is_custom":true,"vehicle_standard_color":0,"custom_color":{"r":239,"g":187,"b":0}},"interior_color":0,"livery_legacy":-1,"vehicle_custom_color":{"r":8,"g":8,"b":8},"livery2_legacy":-1,"dashboard_color":0,"extra_colors":{"pearlescent":10,"wheel":89},"primary":{"is_custom":true,"vehicle_standard_color":0,"custom_color":{"r":168,"g":21,"b":29}},"color_combo":-1,"livery":-1,"dirt_level":0.048525,"fade":0.0},"neon":{"lights":{"front":false,"left":false,"right":false,"back":false},"color":{}},"headlights":{"headlights_color":255,"headlights_type":false}},"children":[{"hash":1984295334,"blip_color":2,"name":"apa_prop_flag_spain","children":{},"model":"apa_prop_flag_spain","rotation":{"y":-15,"x":30,"z":0},"rotation_axis":2,"id":137,"options":{"alpha":255,"is_explosion_proof":false,"is_light_on":true,"is_fire_proof":false,"use_soft_pinning":true,"is_visible":true,"is_bullet_proof":false,"has_collision":true,"is_invincible":false,"lod_distance":16960,"is_attached":true,"is_melee_proof":false,"is_mission_entity":true,"is_networked":true,"has_gravity":true,"bone_index":0,"is_dynamic":true},"blip_icon":1,"target_version":"3.27b2","offset":{"y":-6.3,"x":-1.4,"z":1.9},"num_bones":1,"world_rotation":{"y":0,"x":0,"z":0},"type":"OBJECT","position":{"y":0,"x":0,"z":0}},{"hash":1984295334,"options":{"alpha":255,"is_explosion_proof":false,"is_light_on":true,"is_fire_proof":false,"use_soft_pinning":true,"is_visible":true,"is_bullet_proof":false,"is_dynamic":true,"has_collision":true,"lod_distance":16960,"is_attached":true,"is_invincible":false,"is_melee_proof":false,"has_gravity":true,"is_mission_entity":true,"is_networked":true,"bone_index":0},"name":"apa_prop_flag_spain","children":{},"offset":{"y":-6.3,"x":1.4,"z":1.9},"world_rotation":{"y":0,"x":0,"z":0},"rotation_axis":2,"id":137,"position":{"y":0,"x":0,"z":0},"blip_icon":1,"target_version":"3.27b2","blip_color":2,"num_bones":1,"model":"apa_prop_flag_spain","type":"OBJECT","rotation":{"y":15,"x":30,"z":0}}],"blip_icon":1,"target_version":"3.27b2","blip_color":2,"world_rotation":{"y":0,"x":0,"z":0},"rotation":{"y":-15,"x":30,"z":0},"type":"VEHICLE","name":"LAZER SPAIN","position":{"y":0,"x":0,"z":0},"rotation_axis":2,"options":{"alpha":255,"is_explosion_proof":false,"is_light_on":true,"is_fire_proof":false,"use_soft_pinning":true,"is_visible":true,"is_bullet_proof":false,"is_dynamic":true,"has_collision":true,"lod_distance":16960,"is_attached":true,"is_invincible":false,"is_melee_proof":false,"has_gravity":true,"is_mission_entity":true,"is_networked":true,"bone_index":0},"offset":{"y":-6.3,"x":-1.4,"z":1.9},"blip_sprite":1,"num_bones":200,"version":"Constructor 0.27b5 / 3.27b2 / 0.8.5b8","created":"2022-11-11T05:06:16Z","author":"CallMeCam","model":"LAZER","id":135}