{"vehicle_attributes":{"windows":{"rolled_down":{},"broken":{"front":false,"rearleft":false,"rear":false,"frontright":false,"rearright":false,"midleft":false}},"paint":{"color_combo":-1,"dashboard_color":0,"livery2_legacy":-1,"livery_legacy":-1,"primary":{"is_custom":true,"vehicle_standard_color":0,"custom_color":{"r":1,"g":33,"b":104}},"vehicle_custom_color":{"r":8,"g":8,"b":8},"secondary":{"is_custom":true,"vehicle_standard_color":0,"custom_color":{"r":198,"g":15,"b":46}},"extra_colors":{"pearlescent":10,"wheel":111},"interior_color":0,"dirt_level":0.139159,"livery":-1,"fade":0.0},"wheels":{"tire_smoke_color":{"r":255,"g":255,"b":255},"wheel_type":8,"tires_burst":{}},"headlights":{"headlights_type":false,"headlights_color":255},"neon":{"color":{},"lights":{"right":false,"back":false,"front":false,"left":false}},"options":{"bulletproof_tires":true,"siren":false,"search_light":false,"license_plate_text":"86MHC381","emergency_lights":false,"license_plate_type":4,"engine_running":true,"radio_loud":false,"window_tint":0},"mods":{"_21":false,"_41":-1,"_6":-1,"_4":-1,"_38":-1,"_42":-1,"_22":false,"_25":-1,"_8":-1,"_18":false,"_49":-1,"_43":-1,"_2":-1,"_23":9,"_0":-1,"_45":-1,"_29":-1,"_26":-1,"_10":-1,"_30":-1,"_17":false,"_46":-1,"_37":-1,"_11":-1,"_31":-1,"_7":-1,"_48":-1,"_5":-1,"_32":-1,"_12":-1,"_9":-1,"_35":-1,"_39":-1,"_28":-1,"_3":-1,"_33":-1,"_1":-1,"_13":-1,"_16":-1,"_15":-1,"_36":-1,"_19":false,"_44":-1,"_20":true,"_24":-1,"_40":-1,"_14":-1,"_34":-1,"_27":-1,"_47":-1},"doors":{"broken":{},"open":{"backright":false,"frontright":false,"backleft":false,"frontleft":false,"trunk":false,"trunk2":false,"hood":false}},"extras":{}},"hash":-1281684762,"created":"2022-11-11T02:03:24Z","blip_color":2,"num_bones":200,"options":{"is_light_on":true,"is_invincible":false,"is_bullet_proof":false,"is_visible":true,"lod_distance":16960,"is_explosion_proof":false,"is_melee_proof":false,"is_networked":true,"is_mission_entity":true,"has_gravity":true,"bone_index":0,"is_fire_proof":false,"alpha":255,"use_soft_pinning":true,"has_collision":true,"is_attached":true,"is_dynamic":true},"world_rotation":{"z":0,"x":0,"y":0},"target_version":"3.27b2","blip_icon":1,"id":4,"position":{"z":0,"x":0,"y":0},"rotation_axis":2,"type":"VEHICLE","rotation":{"z":0,"x":30,"y":-15},"blip_sprite":1,"model":"LAZER","offset":{"z":1.9,"x":-1.4,"y":-6.3},"version":"Constructor 0.27b5 / 3.27b2 / 0.8.5b8","author":"CallMeCam","children":[{"world_rotation":{"z":0,"x":0,"y":0},"hash":-1051882404,"blip_color":2,"children":{},"id":7,"position":{"z":0,"x":0,"y":0},"rotation_axis":2,"type":"OBJECT","offset":{"z":1.9,"x":-1.4,"y":-6.3},"blip_icon":1,"model":"prop_flag_uk","options":{"is_light_on":true,"is_invincible":false,"is_bullet_proof":false,"is_attached":true,"use_soft_pinning":true,"is_explosion_proof":false,"is_melee_proof":false,"is_networked":true,"is_mission_entity":true,"has_gravity":true,"bone_index":0,"is_dynamic":true,"alpha":255,"lod_distance":16960,"has_collision":true,"is_visible":true,"is_fire_proof":false},"target_version":"3.27b2","num_bones":1,"rotation":{"z":0,"x":30,"y":-15},"name":"prop_flag_uk"},{"world_rotation":{"z":0,"x":0,"y":0},"hash":-1051882404,"num_bones":1,"children":{},"id":7,"position":{"z":0,"x":0,"y":0},"rotation_axis":2,"type":"OBJECT","offset":{"z":1.9,"x":1.4,"y":-6.3},"blip_icon":1,"model":"prop_flag_uk","options":{"is_light_on":true,"is_invincible":false,"is_bullet_proof":false,"is_visible":true,"lod_distance":16960,"is_explosion_proof":false,"is_melee_proof":false,"is_networked":true,"is_mission_entity":true,"has_gravity":true,"bone_index":0,"is_fire_proof":false,"alpha":255,"use_soft_pinning":true,"has_collision":true,"is_attached":true,"is_dynamic":true},"blip_color":2,"rotation":{"z":0,"x":30,"y":15},"target_version":"3.27b2","name":"prop_flag_uk"}],"name":"LAZER UK"}