{"version":"Constructor 0.27b5 / 3.27b2 / 0.8.5b8","hash":-1281684762,"created":"2022-11-11T00:01:02Z","world_rotation":{"z":0,"x":0,"y":0},"offset":{"z":0,"x":0,"y":0},"options":{"is_light_on":true,"is_invincible":false,"is_bullet_proof":false,"is_visible":true,"use_soft_pinning":true,"is_explosion_proof":false,"is_melee_proof":false,"is_networked":true,"is_mission_entity":true,"has_gravity":true,"bone_index":0,"is_fire_proof":false,"has_collision":true,"lod_distance":16960,"alpha":255,"is_attached":false,"is_dynamic":true},"rotation":{"z":0,"x":0,"y":0},"vehicle_attributes":{"windows":{"rolled_down":{},"broken":{"front":false,"rearleft":false,"rear":false,"midleft":false,"rearright":false,"frontright":false}},"paint":{"color_combo":-1,"dashboard_color":0,"livery2_legacy":-1,"livery_legacy":-1,"primary":{"is_custom":true,"vehicle_standard_color":0,"custom_color":{"r":10,"g":49,"b":96}},"vehicle_custom_color":{"r":8,"g":8,"b":8},"livery":-1,"extra_colors":{"pearlescent":10,"wheel":29},"secondary":{"is_custom":true,"vehicle_standard_color":0,"custom_color":{"r":255,"g":255,"b":255}},"fade":0.0,"dirt_level":15.0,"interior_color":0},"wheels":{"tire_smoke_color":{"r":255,"g":255,"b":255},"wheel_type":8,"tires_burst":{}},"mods":{"_21":false,"_41":-1,"_34":-1,"_14":-1,"_47":-1,"_42":-1,"_22":false,"_25":-1,"_8":-1,"_18":false,"_49":-1,"_43":-1,"_2":-1,"_23":59,"_0":-1,"_45":-1,"_29":-1,"_26":-1,"_10":-1,"_30":-1,"_17":false,"_46":-1,"_37":-1,"_11":-1,"_31":-1,"_7":-1,"_48":-1,"_5":-1,"_32":-1,"_12":-1,"_44":-1,"_35":-1,"_39":-1,"_28":-1,"_3":-1,"_33":-1,"_1":-1,"_13":-1,"_16":-1,"_6":-1,"_36":-1,"_19":false,"_38":-1,"_20":false,"_15":-1,"_40":-1,"_24":-1,"_4":-1,"_27":-1,"_9":-1},"neon":{"color":{},"lights":{"right":false,"back":false,"front":false,"left":false}},"options":{"bulletproof_tires":true,"siren":false,"search_light":false,"engine_running":true,"emergency_lights":false,"radio_loud":false,"license_plate_text":"86MHC381","license_plate_type":4,"window_tint":-1},"headlights":{"headlights_type":false,"headlights_color":255},"doors":{"open":{"hood":false,"frontright":false,"backleft":false,"trunk":false,"frontleft":false,"trunk2":false,"backright":false},"broken":{}},"extras":{}},"author":"CallMeCam","blip_icon":1,"id":1,"position":{"z":39.987147,"x":-874.446784,"y":-399.360716},"rotation_axis":2,"type":"VEHICLE","target_version":"3.27b2","blip_sprite":1,"model":"LAZER","children":[{"world_rotation":{"z":0,"x":0,"y":0},"hash":1117917059,"blip_color":2,"children":{},"id":22,"position":{"z":0,"x":0,"y":0},"rotation_axis":2,"type":"OBJECT","offset":{"z":1.9,"x":-1.4,"y":-6.3},"blip_icon":1,"model":"prop_flag_us","options":{"is_light_on":true,"is_invincible":false,"is_bullet_proof":false,"is_visible":true,"use_soft_pinning":true,"is_explosion_proof":false,"is_melee_proof":false,"is_networked":true,"is_mission_entity":true,"has_gravity":true,"bone_index":0,"is_fire_proof":false,"has_collision":true,"lod_distance":16960,"alpha":255,"is_attached":true,"is_dynamic":true},"num_bones":1,"rotation":{"z":0,"x":30,"y":-15},"target_version":"3.27b2","name":"prop_flag_us"},{"world_rotation":{"z":0,"x":0,"y":0},"hash":1117917059,"offset":{"z":1.9,"x":1.4,"y":-6.3},"children":{},"id":22,"position":{"z":0,"x":0,"y":0},"rotation_axis":2,"type":"OBJECT","num_bones":1,"blip_icon":1,"model":"prop_flag_us","options":{"is_light_on":true,"is_dynamic":true,"is_fire_proof":false,"is_visible":true,"use_soft_pinning":true,"is_explosion_proof":false,"is_melee_proof":false,"is_networked":true,"is_mission_entity":true,"has_gravity":true,"bone_index":0,"is_bullet_proof":false,"has_collision":true,"lod_distance":16960,"alpha":255,"is_attached":true,"is_invincible":false},"blip_color":2,"rotation":{"z":0,"x":30,"y":15},"target_version":"3.27b2","name":"prop_flag_us"}],"blip_color":2,"blip_handle":1343553626,"num_bones":50,"name":"LAZER USA 2"}