{"name":"Wales","blip_icon":1,"type":"VEHICLE","author":"CallMeCam","target_version":"3.27b2","rotation":{"z":0,"y":-15,"x":30},"created":"2022-11-12T03:52:23Z","id":4,"version":"Constructor 0.27b5 / 3.27b2 / 0.8.5b8","options":{"bone_index":0,"is_light_on":true,"has_gravity":true,"is_invincible":false,"has_collision":true,"is_mission_entity":true,"is_dynamic":true,"is_melee_proof":false,"is_networked":true,"alpha":255,"is_attached":true,"is_fire_proof":false,"is_bullet_proof":false,"lod_distance":16960,"is_explosion_proof":false,"is_visible":true,"use_soft_pinning":true},"position":{"z":0,"y":0,"x":0},"children":[{"name":"apa_prop_flag_wales","blip_icon":1,"options":{"bone_index":0,"is_visible":true,"is_explosion_proof":false,"is_invincible":false,"has_collision":true,"is_mission_entity":true,"is_dynamic":true,"is_melee_proof":false,"is_fire_proof":false,"alpha":255,"is_attached":true,"lod_distance":16960,"is_bullet_proof":false,"is_networked":true,"has_gravity":true,"is_light_on":true,"use_soft_pinning":true},"type":"OBJECT","num_bones":1,"children":{},"rotation_axis":2,"rotation":{"z":0,"y":-15,"x":30},"model":"apa_prop_flag_wales","blip_color":2,"hash":197486036,"target_version":"3.27b2","world_rotation":{"z":0,"y":0,"x":0},"offset":{"z":1.9,"y":-6.3,"x":-1.4},"id":6,"position":{"z":0,"y":0,"x":0}},{"name":"apa_prop_flag_wales","blip_icon":1,"options":{"bone_index":0,"is_light_on":true,"has_gravity":true,"is_invincible":false,"has_collision":true,"is_mission_entity":true,"is_dynamic":true,"is_melee_proof":false,"is_networked":true,"alpha":255,"is_attached":true,"is_fire_proof":false,"is_bullet_proof":false,"lod_distance":16960,"is_explosion_proof":false,"is_visible":true,"use_soft_pinning":true},"type":"OBJECT","blip_color":2,"children":{},"rotation_axis":2,"position":{"z":0,"y":0,"x":0},"model":"apa_prop_flag_wales","world_rotation":{"z":0,"y":0,"x":0},"hash":197486036,"target_version":"3.27b2","rotation":{"z":0,"y":15,"x":30},"offset":{"z":1.9,"y":-6.3,"x":1.4},"id":6,"num_bones":1}],"blip_color":2,"model":"LAZER","vehicle_attributes":{"mods":{"_23":10,"_5":-1,"_1":-1,"_3":-1,"_49":-1,"_22":false,"_29":-1,"_32":-1,"_36":-1,"_33":-1,"_15":-1,"_31":-1,"_11":-1,"_37":-1,"_14":-1,"_30":-1,"_10":-1,"_28":-1,"_4":-1,"_13":-1,"_2":-1,"_6":-1,"_8":-1,"_34":-1,"_7":-1,"_18":false,"_12":-1,"_0":-1,"_42":-1,"_39":-1,"_40":-1,"_17":false,"_19":false,"_27":-1,"_16":-1,"_26":-1,"_25":-1,"_46":-1,"_21":false,"_9":-1,"_35":-1,"_43":-1,"_44":-1,"_38":-1,"_47":-1,"_24":-1,"_48":-1,"_20":true,"_45":-1,"_41":-1},"options":{"emergency_lights":false,"search_light":false,"window_tint":0,"engine_running":true,"bulletproof_tires":true,"radio_loud":false,"license_plate_type":4,"siren":false,"license_plate_text":"86MHC381"},"neon":{"lights":{"back":false,"left":false,"front":false,"right":false},"color":{}},"headlights":{"headlights_color":255,"headlights_type":false},"windows":{"rolled_down":{},"broken":{"midleft":false,"rearright":false,"rear":false,"rearleft":false,"frontleft":false,"front":false,"frontright":false}},"paint":{"extra_colors":{"wheel":134,"pearlescent":10},"livery":-1,"livery_legacy":0,"fade":0.0,"livery2_legacy":0,"primary":{"vehicle_standard_color":0,"is_custom":true,"custom_color":{"g":15,"r":198,"b":46}},"dashboard_color":0,"interior_color":0,"color_combo":-1,"vehicle_custom_color":{"g":8,"r":8,"b":8},"dirt_level":2.0,"secondary":{"vehicle_standard_color":0,"is_custom":true,"custom_color":{"g":175,"r":0,"b":61}}},"doors":{"broken":{},"open":{"hood":false,"backleft":false,"trunk":false,"backright":false,"trunk2":false,"frontleft":false,"frontright":false}},"extras":{},"wheels":{"tire_smoke_color":{"g":255,"r":255,"b":255},"tires_burst":{},"wheel_type":8}},"offset":{"z":1.9,"y":-6.3,"x":-1.4},"hash":-1281684762,"num_bones":200,"blip_sprite":1,"rotation_axis":2,"world_rotation":{"z":0,"y":0,"x":0}}