{"model":"sandking2","rotation":{"y":0,"z":0,"x":0},"name":"Dually Sadler","hash":989381445,"vehicle_attributes":{"paint":{"livery2_legacy":-1,"primary":{"color":-1,"paint_type":6,"is_custom":false,"vehicle_standard_color":3,"custom_color":{},"pearlescent_color":-1},"dirt_level":0.0,"secondary":{"color":-1,"paint_type":6,"custom_color":{},"vehicle_standard_color":2,"is_custom":false},"livery":-1,"color_combo":2,"interior_color":0,"livery_legacy":-1,"dashboard_color":0,"fade":0.294118,"extra_colors":{"wheel":156,"pearlescent":18},"vehicle_custom_color":{"r":41,"g":44,"b":46}},"windows":{"rolled_down":{},"broken":{"front":false,"rear":false}},"mods":{"_15":-1,"_2":-1,"_35":-1,"_0":-1,"_20":false,"_39":-1,"_6":-1,"_16":-1,"_4":-1,"_36":-1,"_8":-1,"_21":false,"_33":-1,"_13":-1,"_37":-1,"_22":false,"_34":-1,"_14":-1,"_38":-1,"_1":-1,"_25":-1,"_45":-1,"_30":-1,"_19":false,"_10":-1,"_29":-1,"_26":-1,"_41":-1,"_46":-1,"_3":-1,"_7":-1,"_11":-1,"_18":true,"_31":-1,"_49":-1,"_43":-1,"_40":-1,"_23":-1,"_12":-1,"_27":-1,"_32":-1,"_47":-1,"_44":-1,"_9":-1,"_24":-1,"_17":false,"_28":-1,"_5":-1,"_48":-1,"_42":-1},"wheels":{"bulletproof_tires":false,"tire_smoke_color":{"r":255,"g":255,"b":255},"tires_burst":{"_1":false,"_2":false,"_4":false,"_45":false,"_3":false,"_5":false,"_0":false,"_47":false},"wheel_type":4,"invisible_wheels":false,"detached":{}},"headlights":{"headlight_color":-1,"multiplier":1,"headlights_color":255,"headlights_type":false},"extras":{"_1":true,"_2":true,"_13":false,"_0":false,"_12":true,"_10":false,"_3":true,"_6":false,"_5":false,"_4":false,"_14":false,"_7":false,"_8":false,"_9":false,"_11":true},"doors":{"open":{"frontleft":false,"hood":false,"backright":false,"trunk2":false,"backleft":false,"trunk":false,"frontright":false},"broken":{"frontleft":true,"hood":true,"backright":false,"trunk2":false,"backleft":false,"trunk":true,"frontright":true}},"options":{"window_tint":-1,"search_light":false,"radio_loud":false,"engine_running":true,"license_plate_text":"  TWIN  ","emergency_lights":false,"license_plate_type":0,"siren":false,"bulletproof_tires":false},"neon":{"color":{"r":255,"g":255,"b":255},"lights":{"right":true,"back":true,"front":true,"left":true}}},"author":"TwinGTAV","offset":{"y":0,"z":0,"x":0},"initial_handle":245563,"blip_sprite":1,"world_rotation":{"y":-0.158081,"z":38.392662,"x":0.453023},"type":"VEHICLE","blip_icon":1,"blip_color":2,"num_bones":77,"rotation_order":2,"target_version":"0.41","blip_handle":96469086,"version":"Constructor 0.42 / 0.41 / 0.42","options":{"buoyancy":0.0,"has_gravity":true,"lod_distance":16960,"has_siren":true,"is_visible":true,"is_melee_proof":true,"is_bullet_proof":true,"is_networked":true,"bone_index":0,"use_soft_pinning":true,"is_fire_proof":true,"alpha":0,"spawn_mode":1,"is_driver_visible":true,"max_health":1000,"is_light_on":true,"weight":0.0,"gravity":0.0,"is_invincible":true,"siren_status":3,"is_dynamic":true,"has_collision":true,"is_frozen":false,"is_explosion_proof":true,"object_tint":0,"is_attached":false,"health":1000,"is_mission_entity":true,"is_on_fire":false},"children":[{"model":"prop_stockade_wheel","rotation":{"y":0,"z":0,"x":0},"name":"prop_stockade_wheel","hash":3404504017,"options":{"buoyancy":0.0,"max_health":1000,"is_visible":true,"is_attached":true,"is_bullet_proof":false,"is_melee_proof":false,"is_fire_proof":false,"is_networked":true,"use_soft_pinning":true,"alpha":255,"spawn_mode":1,"lod_distance":16960,"has_gravity":true,"is_light_on":true,"bone_index":50,"gravity":0.0,"is_invincible":false,"weight":0.0,"is_dynamic":false,"is_driver_visible":true,"is_frozen":true,"has_collision":false,"object_tint":0,"is_explosion_proof":false,"health":1000,"is_mission_entity":true,"is_on_fire":false},"num_bones":0,"target_version":"0.41","offset":{"y":0,"z":0,"x":0.15},"rotation_order":2,"initial_handle":191042,"world_rotation":{"y":-5.936755,"z":32.629314,"x":-75.606766},"children":{},"parents_initial_handle":245563,"type":"OBJECT","position":{"y":-198.34198,"z":53.913792,"x":152.827789}},{"model":"prop_stockade_wheel","rotation":{"y":0,"z":0,"x":0},"name":"prop_stockade_wheel","hash":3404504017,"options":{"buoyancy":0.0,"max_health":1000,"is_visible":true,"is_attached":true,"is_bullet_proof":false,"is_melee_proof":false,"is_fire_proof":false,"is_networked":true,"use_soft_pinning":true,"alpha":255,"spawn_mode":1,"lod_distance":16960,"has_gravity":true,"is_light_on":true,"bone_index":47,"gravity":0.0,"is_invincible":false,"weight":0.0,"is_dynamic":false,"is_driver_visible":true,"is_frozen":true,"has_collision":false,"object_tint":0,"is_explosion_proof":false,"health":1000,"is_mission_entity":true,"is_on_fire":false},"num_bones":0,"target_version":"0.41","offset":{"y":0,"z":0,"x":0.15},"rotation_order":2,"initial_handle":676419,"world_rotation":{"y":-0.589491,"z":-141.54538,"x":5.579913},"children":{},"parents_initial_handle":245563,"type":"OBJECT","position":{"y":-197.165222,"z":53.928455,"x":154.31308}},{"model":"prop_stockade_wheel","rotation":{"y":0,"z":0,"x":0},"name":"prop_stockade_wheel","hash":3404504017,"options":{"buoyancy":0.0,"max_health":1000,"is_visible":true,"is_attached":true,"is_bullet_proof":false,"is_melee_proof":false,"is_fire_proof":false,"is_networked":true,"use_soft_pinning":true,"alpha":255,"spawn_mode":1,"lod_distance":16960,"has_gravity":true,"is_light_on":true,"bone_index":48,"gravity":0.0,"is_invincible":false,"weight":0.0,"is_dynamic":false,"is_driver_visible":true,"is_frozen":true,"has_collision":false,"object_tint":0,"is_explosion_proof":false,"health":1000,"is_mission_entity":true,"is_on_fire":false},"num_bones":0,"target_version":"0.41","offset":{"y":0.0,"z":0,"x":0.41},"rotation_order":2,"initial_handle":459332,"world_rotation":{"y":-16.455732,"z":-125.180313,"x":86.015366},"children":[{"model":"prop_stockade_wheel","rotation":{"y":0,"z":0,"x":0},"name":"prop_stockade_wheel","hash":3404504017,"options":{"buoyancy":0.0,"max_health":1000,"is_visible":true,"is_attached":true,"is_bullet_proof":false,"is_melee_proof":false,"is_fire_proof":false,"is_networked":true,"use_soft_pinning":true,"alpha":255,"spawn_mode":1,"lod_distance":16960,"has_gravity":true,"is_light_on":true,"bone_index":0,"gravity":0.0,"is_invincible":false,"weight":0.0,"is_dynamic":false,"is_driver_visible":true,"is_frozen":true,"has_collision":false,"object_tint":0,"is_explosion_proof":false,"health":1000,"is_mission_entity":true,"is_on_fire":false},"num_bones":0,"target_version":"0.41","offset":{"y":0,"z":0,"x":-0.35},"rotation_order":2,"initial_handle":607554,"world_rotation":{"y":-16.455732,"z":-125.180313,"x":86.015366},"children":{},"parents_initial_handle":459332,"type":"OBJECT","position":{"y":-200.209915,"z":53.885593,"x":156.840271}}],"parents_initial_handle":245563,"type":"OBJECT","position":{"y":-200.427277,"z":53.892483,"x":156.56604}},{"model":"prop_stockade_wheel","rotation":{"y":0,"z":0,"x":0},"name":"prop_stockade_wheel","hash":3404504017,"options":{"buoyancy":0.0,"max_health":1000,"is_visible":true,"is_attached":true,"is_bullet_proof":false,"is_melee_proof":false,"is_fire_proof":false,"is_networked":true,"use_soft_pinning":true,"alpha":255,"spawn_mode":1,"lod_distance":16960,"has_gravity":true,"is_light_on":true,"bone_index":49,"gravity":0.0,"is_invincible":false,"weight":0.0,"is_dynamic":false,"is_driver_visible":true,"is_frozen":true,"has_collision":false,"object_tint":0,"is_explosion_proof":false,"health":1000,"is_mission_entity":true,"is_on_fire":false},"num_bones":0,"target_version":"0.41","offset":{"y":0,"z":0,"x":0.41},"rotation_order":2,"initial_handle":264771,"world_rotation":{"y":-4.832248,"z":43.12701,"x":78.866425},"children":[{"model":"prop_stockade_wheel","rotation":{"y":0,"z":0,"x":0},"name":"prop_stockade_wheel","hash":3404504017,"options":{"buoyancy":0.0,"max_health":1000,"is_visible":true,"is_attached":true,"is_bullet_proof":false,"is_melee_proof":false,"is_fire_proof":false,"is_networked":true,"use_soft_pinning":true,"alpha":255,"spawn_mode":1,"lod_distance":16960,"has_gravity":true,"is_light_on":true,"bone_index":0,"gravity":0.0,"is_invincible":false,"weight":0.0,"is_dynamic":false,"is_driver_visible":true,"is_frozen":true,"has_collision":false,"object_tint":0,"is_explosion_proof":false,"health":1000,"is_mission_entity":true,"is_on_fire":false},"num_bones":0,"target_version":"0.41","offset":{"y":0,"z":0,"x":-0.35},"rotation_order":2,"initial_handle":475459,"world_rotation":{"y":-4.832248,"z":43.12701,"x":78.866425},"children":{},"parents_initial_handle":264771,"type":"OBJECT","position":{"y":-201.498596,"z":53.889141,"x":155.213989}}],"parents_initial_handle":245563,"type":"OBJECT","position":{"y":-201.281296,"z":53.894833,"x":155.488297}},{"model":"imp_prop_impexp_spoiler_03a","created":"2023-11-28T02:43:57Z","name":"Spoiler 3","hash":"2119369457","options":{"is_mission_entity":true,"is_explosion_proof":false,"is_bullet_proof":false,"is_networked":true,"is_fire_proof":false,"bone_index":0,"alpha":255,"spawn_mode":1,"is_attached":true,"has_gravity":true,"is_light_on":true,"weight":0.0,"gravity":0.0,"is_invincible":true,"is_melee_proof":false,"is_dynamic":true,"has_collision":false,"is_frozen":false,"lod_distance":16960,"object_tint":0,"use_soft_pinning":true,"is_driver_visible":true,"buoyancy":0.0,"is_visible":true},"author":"TwinGTAV","offset":{"y":0.75,"z":1.67,"x":0},"world_rotation":{"y":0.163311,"z":-141.649612,"x":14.546917},"type":"OBJECT","blip_icon":1,"blip_color":2,"rotation_order":2,"rotation":{"y":0.0,"z":-180.0,"x":15.0},"version":"Constructor 0.42 / 0.41 / 0.42","position":{"y":-198.733414,"z":55.783157,"x":154.340118},"children":{},"target_version":"0.41","num_bones":0},{"model":"sadler","rotation":{"y":0,"z":0,"x":0},"name":"Sadler","hash":3695398481,"options":{"is_mission_entity":true,"is_visible":true,"is_bullet_proof":false,"is_networked":true,"is_attached":true,"bone_index":0,"alpha":255,"spawn_mode":1,"is_fire_proof":false,"has_gravity":true,"is_light_on":true,"is_melee_proof":false,"gravity":0.0,"is_invincible":true,"is_driver_visible":true,"is_dynamic":true,"has_collision":false,"is_frozen":false,"use_soft_pinning":true,"object_tint":0,"is_explosion_proof":false,"weight":0.0,"lod_distance":16960,"buoyancy":0.0},"author":"TwinGTAV","offset":{"y":-0.17,"z":0.5,"x":0},"blip_sprite":1,"world_rotation":{"y":-0.158081,"z":38.392662,"x":0.453023},"type":"VEHICLE","blip_icon":1,"blip_color":2,"rotation_order":2,"created":"2023-12-01T00:44:00Z","target_version":"0.41","num_bones":79,"version":"Constructor 0.42 / 0.41 / 0.42","blip_handle":74449000,"children":[{"model":"imp_prop_impexp_spoiler_03a","created":"2023-11-28T02:43:57Z","name":"Spoiler 3","hash":"2119369457","options":{"is_mission_entity":true,"is_explosion_proof":false,"is_bullet_proof":false,"is_melee_proof":false,"is_attached":true,"bone_index":0,"alpha":255,"spawn_mode":1,"is_fire_proof":false,"has_gravity":true,"is_light_on":true,"buoyancy":0.0,"gravity":0.0,"is_invincible":true,"weight":0.0,"is_dynamic":true,"has_collision":false,"is_frozen":false,"use_soft_pinning":true,"object_tint":0,"is_networked":true,"is_driver_visible":true,"lod_distance":16960,"is_visible":true},"author":"TwinGTAV","offset":{"y":0.91,"z":1.18,"x":0},"world_rotation":{"y":0.160538,"z":-141.636581,"x":10.046936},"type":"OBJECT","blip_icon":1,"blip_color":2,"rotation_order":2,"rotation":{"y":0,"z":180.0,"x":10.5},"version":"Constructor 0.42 / 0.41 / 0.42","position":{"y":-198.741333,"z":55.793076,"x":154.346359},"children":{},"target_version":"0.41","num_bones":0}],"vehicle_attributes":{"paint":{"livery2_legacy":-1,"primary":{"color":-1,"paint_type":7,"vehicle_standard_color":0,"is_custom":true,"custom_color":{"r":255,"g":255,"b":255},"pearlescent_color":-1},"dirt_level":0.0,"secondary":{"color":-1,"paint_type":7,"custom_color":{"r":255,"g":255,"b":255},"vehicle_standard_color":0,"is_custom":true},"livery":-1,"color_combo":-1,"interior_color":0,"livery_legacy":-1,"dashboard_color":0,"fade":0.0,"extra_colors":{"wheel":156,"pearlescent":10},"vehicle_custom_color":{"r":8,"g":8,"b":8}},"windows":{"rolled_down":{},"broken":{"front":false,"rear":false}},"mods":{"_15":-1,"_2":-1,"_35":-1,"_0":-1,"_20":false,"_39":-1,"_6":-1,"_16":4,"_4":-1,"_36":-1,"_8":-1,"_21":false,"_33":-1,"_13":2,"_37":-1,"_22":true,"_34":-1,"_14":0,"_38":-1,"_1":-1,"_25":-1,"_45":-1,"_30":-1,"_19":false,"_10":-1,"_29":-1,"_26":-1,"_41":-1,"_46":-1,"_3":-1,"_7":-1,"_11":3,"_18":true,"_31":-1,"_49":-1,"_43":-1,"_40":-1,"_23":-1,"_12":2,"_27":-1,"_32":-1,"_47":-1,"_44":-1,"_9":-1,"_24":-1,"_17":false,"_28":-1,"_5":-1,"_48":-1,"_42":-1},"wheels":{"tire_smoke_color":{"r":255,"g":255,"b":255},"wheel_type":3,"bulletproof_tires":false,"tires_burst":{},"detached":{"_1":true,"_2":true,"_4":true,"_0":true,"_3":true,"_5":true}},"headlights":{"headlight_color":-1,"headlights_color":0,"headlights_type":true},"extras":{"_1":true,"_2":true,"_12":true,"_10":true,"_6":false,"_5":true,"_4":true,"_7":false,"_11":true},"doors":{"open":{"frontright":false,"backright":false,"hood":false,"backleft":false,"trunk2":false,"trunk":false,"frontleft":false},"broken":{}},"options":{"window_tint":1,"search_light":false,"radio_loud":false,"engine_running":false,"license_plate_text":"  TWIN  ","emergency_lights":false,"license_plate_type":5,"siren":false,"bulletproof_tires":true},"neon":{"color":{"r":255,"g":255,"b":255},"lights":{"right":true,"back":true,"front":true,"left":true}}},"position":{"y":-199.445206,"z":54.605923,"x":154.908249}},{"model":"imp_prop_impexp_radiator_04","created":"2023-11-29T23:05:51Z","name":"imp_prop_impexp_radiator_04","hash":3481439166,"options":{"buoyancy":0.0,"is_mission_entity":true,"is_visible":true,"is_melee_proof":false,"is_bullet_proof":false,"is_networked":true,"is_attached":true,"health":1000,"is_fire_proof":false,"alpha":255,"spawn_mode":1,"use_soft_pinning":true,"is_on_fire":false,"is_light_on":true,"has_gravity":true,"gravity":0.0,"is_invincible":false,"is_driver_visible":true,"is_dynamic":false,"has_collision":true,"is_frozen":true,"weight":0.0,"lod_distance":16960,"is_explosion_proof":false,"object_tint":0,"bone_index":0,"max_health":1000},"author":"TwinGTAV","offset":{"y":2.67,"z":0.73,"x":0.09},"parents_initial_handle":261384,"children":{},"type":"OBJECT","blip_icon":1,"blip_color":2,"num_bones":0,"initial_handle":655114,"target_version":"0.41","version":"Constructor 0.42 / 0.41 / 0.42","position":{"y":-197.165283,"z":54.85862,"x":153.215698},"world_rotation":{"y":-0.389356,"z":38.035587,"x":-66.046494},"rotation":{"y":0,"z":0,"x":-66.5},"rotation_order":2},{"model":"imp_prop_impexp_radiator_04","created":"2023-11-29T23:05:51Z","name":"imp_prop_impexp_radiator_04","hash":3481439166,"options":{"buoyancy":0.0,"max_health":1000,"is_visible":true,"is_melee_proof":false,"is_bullet_proof":false,"is_networked":true,"bone_index":0,"is_attached":true,"is_fire_proof":false,"alpha":255,"spawn_mode":1,"use_soft_pinning":true,"is_on_fire":false,"is_light_on":true,"is_mission_entity":true,"gravity":0.0,"is_invincible":false,"has_collision":true,"is_dynamic":false,"weight":0.0,"is_frozen":true,"is_driver_visible":true,"lod_distance":16960,"is_explosion_proof":false,"object_tint":0,"has_gravity":true,"health":1000},"author":"TwinGTAV","offset":{"y":2.67,"z":0.73,"x":-0.09},"initial_handle":655114,"children":{},"type":"OBJECT","blip_icon":1,"blip_color":2,"rotation_order":2,"target_version":"0.41","num_bones":0,"version":"Constructor 0.42 / 0.41 / 0.42","rotation":{"y":0,"z":0,"x":-66.5},"parents_initial_handle":261384,"world_rotation":{"y":-0.389356,"z":38.035587,"x":-66.046494},"position":{"y":-197.277069,"z":54.85812,"x":153.074615}},{"model":"prop_fncsec_02pole","rotation":{"y":450,"z":0,"x":360},"name":"Truck Lift Kit","hash":2004077130,"options":{"buoyancy":0.0,"max_health":1000,"is_explosion_proof":false,"is_melee_proof":false,"is_bullet_proof":false,"is_networked":true,"bone_index":0,"has_gravity":true,"health":1000,"alpha":255,"spawn_mode":1,"lod_distance":16960,"is_on_fire":false,"is_light_on":true,"is_driver_visible":true,"gravity":0.0,"is_invincible":false,"weight":0.0,"is_dynamic":false,"has_collision":false,"is_frozen":true,"is_mission_entity":true,"object_tint":1,"is_fire_proof":false,"is_attached":true,"is_visible":true,"use_soft_pinning":true},"author":"TwinGTAV","offset":{"y":-2.000001,"z":-0.2,"x":-1.0},"parents_initial_handle":245563,"children":[{"model":"imp_prop_impexp_diff_01","rotation":{"y":90.0,"z":-22.5,"x":1.5},"name":"imp_prop_impexp_diff_01","hash":-507191895,"options":{"buoyancy":0.0,"is_visible":true,"is_bullet_proof":false,"is_melee_proof":false,"is_attached":true,"bone_index":0,"alpha":255,"spawn_mode":1,"is_explosion_proof":false,"has_gravity":true,"is_light_on":true,"is_mission_entity":true,"gravity":0.0,"is_invincible":true,"has_collision":false,"is_dynamic":true,"is_driver_visible":true,"is_frozen":false,"lod_distance":16960,"use_soft_pinning":true,"object_tint":0,"weight":0.0,"is_fire_proof":false,"is_networked":true},"author":"TwinGTAV","offset":{"y":0.08,"z":0.99,"x":-0.1},"world_rotation":{"y":179.222137,"z":36.709167,"x":-22.034466},"type":"OBJECT","blip_icon":1,"blip_color":2,"num_bones":0,"created":"2023-11-30T02:00:19Z","version":"Constructor 0.42 / 0.41 / 0.42","rotation_order":2,"children":[{"model":"prop_roofpipe_06","created":"2023-11-29T23:05:59Z","name":"prop_roofpipe_06","hash":2410906218,"options":{"buoyancy":0.0,"max_health":1000,"is_explosion_proof":false,"is_mission_entity":true,"is_bullet_proof":false,"is_networked":true,"is_fire_proof":false,"is_visible":true,"is_melee_proof":false,"alpha":255,"spawn_mode":1,"lod_distance":16960,"has_gravity":true,"is_light_on":true,"is_driver_visible":true,"gravity":0.0,"is_invincible":false,"weight":0.0,"is_dynamic":false,"has_collision":false,"is_frozen":true,"use_soft_pinning":true,"object_tint":0,"is_attached":true,"bone_index":0,"is_on_fire":false,"health":1000},"author":"TwinGTAV","offset":{"y":1.82,"z":-0.65,"x":0.04},"parents_initial_handle":261384,"world_rotation":{"y":112.037697,"z":-29.591278,"x":-88.839203},"type":"OBJECT","blip_icon":1,"blip_color":2,"rotation_order":2,"initial_handle":555280,"num_bones":0,"version":"Constructor 0.42 / 0.41 / 0.42","target_version":"0.41","rotation":{"y":-2.2,"z":0.9,"x":67.5},"children":{},"position":{"y":-199.299622,"z":53.911243,"x":154.792328}},{"model":"prop_roofpipe_06","created":"2023-11-29T23:05:59Z","name":"prop_roofpipe_06","hash":2410906218,"options":{"buoyancy":0.0,"is_on_fire":false,"is_explosion_proof":false,"is_melee_proof":false,"is_bullet_proof":false,"is_networked":true,"is_attached":true,"has_gravity":true,"health":1000,"alpha":255,"spawn_mode":1,"lod_distance":16960,"max_health":1000,"is_light_on":true,"is_driver_visible":true,"gravity":0.0,"is_invincible":false,"weight":0.0,"is_dynamic":false,"has_collision":false,"is_frozen":true,"is_mission_entity":true,"object_tint":0,"is_fire_proof":false,"bone_index":0,"is_visible":true,"use_soft_pinning":true},"author":"TwinGTAV","offset":{"y":3.58,"z":-1.375,"x":0.08},"parents_initial_handle":261384,"world_rotation":{"y":112.037697,"z":-29.591278,"x":-88.839203},"type":"OBJECT","blip_icon":1,"blip_color":2,"rotation_order":2,"initial_handle":555280,"rotation":{"y":-2.2,"z":0.9,"x":67.5},"version":"Constructor 0.42 / 0.41 / 0.42","num_bones":0,"target_version":"0.41","children":{},"position":{"y":-197.80365,"z":53.922432,"x":153.614731}},{"model":"prop_roofpipe_06","created":"2023-11-29T23:05:59Z","name":"prop_roofpipe_06","hash":2410906218,"options":{"is_mission_entity":true,"max_health":1000,"is_visible":true,"is_fire_proof":false,"is_bullet_proof":false,"is_networked":true,"bone_index":0,"health":1000,"is_explosion_proof":false,"alpha":255,"spawn_mode":1,"use_soft_pinning":true,"has_gravity":true,"is_light_on":true,"is_driver_visible":true,"gravity":0.0,"is_invincible":false,"weight":0.0,"is_dynamic":false,"has_collision":false,"is_frozen":true,"buoyancy":0.0,"object_tint":0,"is_attached":true,"lod_distance":16960,"is_melee_proof":false,"is_on_fire":false},"author":"TwinGTAV","offset":{"y":3.71,"z":-1.415,"x":-0.81},"parents_initial_handle":261384,"world_rotation":{"y":89.35125,"z":-141.30687,"x":-27.452532},"type":"OBJECT","blip_icon":1,"blip_color":2,"rotation_order":2,"initial_handle":555280,"num_bones":0,"version":"Constructor 0.42 / 0.41 / 0.42","target_version":"0.41","rotation":{"y":89.3,"z":-1.8,"x":130.5},"children":{},"position":{"y":-197.159744,"z":53.921936,"x":154.244003}}],"target_version":"0.41","position":{"y":-200.818237,"z":53.992077,"x":155.98555}},{"model":"prop_fncsec_02pole","rotation":{"y":-103.5,"z":90.0,"x":88.5},"name":"prop_fncsec_02pole1","hash":2004077130,"options":{"is_mission_entity":true,"has_gravity":true,"is_explosion_proof":false,"is_on_fire":false,"is_bullet_proof":false,"is_melee_proof":false,"bone_index":0,"is_networked":true,"health":1000,"alpha":255,"spawn_mode":1,"lod_distance":16960,"max_health":1000,"is_light_on":true,"weight":0.0,"gravity":0.0,"is_invincible":false,"is_driver_visible":true,"is_dynamic":false,"has_collision":false,"is_frozen":true,"is_visible":true,"object_tint":1,"is_fire_proof":false,"is_attached":true,"use_soft_pinning":true,"buoyancy":0.0},"author":"TwinGTAV","offset":{"y":4.05,"z":1.0,"x":0.0},"initial_handle":689508,"world_rotation":{"y":76.953217,"z":-51.620449,"x":1.658054},"type":"OBJECT","blip_icon":1,"blip_color":2,"rotation_order":2,"created":"2023-12-02T15:58:18Z","target_version":"0.41","version":"Constructor 0.42 / 0.41 / 0.42","position":{"y":-197.699753,"z":53.9235,"x":153.527634},"children":{},"parents_initial_handle":8797,"num_bones":0},{"model":"prop_fncsec_02pole","rotation":{"y":-75.0,"z":90.0,"x":90.0},"name":"prop_fncsec_02pole1","hash":2004077130,"options":{"is_mission_entity":true,"buoyancy":0.0,"is_explosion_proof":false,"use_soft_pinning":true,"is_bullet_proof":false,"is_melee_proof":false,"bone_index":0,"is_attached":true,"is_fire_proof":false,"alpha":255,"spawn_mode":1,"object_tint":1,"is_on_fire":false,"is_light_on":true,"is_visible":true,"gravity":0.0,"is_invincible":false,"has_collision":false,"is_dynamic":false,"weight":0.0,"is_frozen":true,"is_driver_visible":true,"lod_distance":16960,"health":1000,"has_gravity":true,"is_networked":true,"max_health":1000},"author":"TwinGTAV","offset":{"y":2.11,"z":1.0,"x":-0.51},"initial_handle":689508,"world_rotation":{"y":105.453033,"z":-51.608574,"x":0.158086},"type":"OBJECT","blip_icon":1,"blip_color":2,"num_bones":0,"parents_initial_handle":8797,"position":{"y":-199.224258,"z":54.418144,"x":154.733841},"version":"Constructor 0.42 / 0.41 / 0.42","target_version":"0.41","created":"2023-12-02T15:58:18Z","children":{},"rotation_order":2},{"model":"imp_prop_impexp_diff_01","rotation":{"y":90.0,"z":156.0,"x":0.0},"name":"imp_prop_impexp_diff_01","hash":-507191895,"options":{"buoyancy":0.0,"is_visible":true,"is_bullet_proof":false,"is_melee_proof":false,"is_attached":true,"is_networked":true,"alpha":255,"spawn_mode":1,"is_fire_proof":false,"has_gravity":true,"is_light_on":true,"weight":0.0,"gravity":0.0,"is_invincible":true,"object_tint":0,"is_dynamic":true,"has_collision":false,"is_frozen":false,"use_soft_pinning":true,"lod_distance":16960,"is_driver_visible":true,"bone_index":0,"is_explosion_proof":false,"is_mission_entity":true},"author":"TwinGTAV","offset":{"y":3.91,"z":0.98,"x":0.09},"world_rotation":{"y":0.172444,"z":-141.677475,"x":23.546867},"type":"OBJECT","blip_icon":1,"blip_color":2,"position":{"y":-197.821182,"z":53.83234,"x":153.598663},"target_version":"0.41","version":"Constructor 0.42 / 0.41 / 0.42","num_bones":0,"children":{},"created":"2023-11-30T02:00:19Z","rotation_order":2}],"type":"OBJECT","blip_icon":1,"blip_color":2,"rotation_order":2,"created":"2023-12-02T16:11:29Z","world_rotation":{"y":89.841896,"z":38.392677,"x":0.453033},"version":"Constructor 0.42 / 0.41 / 0.42","target_version":"0.41","num_bones":0,"initial_handle":176983,"position":{"y":-201.494965,"z":53.888718,"x":155.259018}}],"created":"2023-11-28T23:08:24Z","position":{"y":-199.308014,"z":54.107285,"x":154.8013}}