{"model":"sandking2","rotation":{"y":0,"z":0,"x":0},"name":"Dually Caracara","hash":989381445,"options":{"is_mission_entity":true,"is_on_fire":false,"is_visible":true,"is_bullet_proof":true,"is_explosion_proof":true,"is_networked":true,"has_siren":true,"is_melee_proof":true,"bone_index":0,"use_soft_pinning":true,"has_gravity":true,"alpha":0,"spawn_mode":1,"has_collision":true,"max_health":1000,"is_light_on":true,"is_driver_visible":true,"gravity":0.0,"is_invincible":true,"siren_status":3,"is_dynamic":true,"weight":0.0,"is_frozen":false,"buoyancy":0.0,"lod_distance":16960,"is_fire_proof":true,"is_attached":false,"object_tint":0,"health":1000},"author":"TwinGTAV","offset":{"y":0,"z":0,"x":0},"initial_handle":245563,"blip_sprite":1,"children":[{"model":"prop_stockade_wheel","rotation":{"y":0,"z":0,"x":0},"name":"prop_stockade_wheel","hash":3404504017,"options":{"buoyancy":0.0,"max_health":1000,"is_visible":true,"is_networked":true,"is_bullet_proof":false,"is_melee_proof":false,"bone_index":50,"is_attached":true,"is_mission_entity":true,"alpha":255,"spawn_mode":1,"lod_distance":16960,"is_on_fire":false,"is_light_on":true,"weight":0.0,"gravity":0.0,"is_invincible":false,"is_driver_visible":true,"is_dynamic":false,"has_collision":false,"is_frozen":true,"health":1000,"use_soft_pinning":true,"is_explosion_proof":false,"is_fire_proof":false,"object_tint":0,"has_gravity":true},"position":{"y":-271.845367,"z":52.56221,"x":393.784027},"target_version":"0.41","offset":{"y":0,"z":0,"x":0.15},"num_bones":0,"parents_initial_handle":245563,"initial_handle":191042,"children":[{"model":"imp_prop_impexp_wheel_01a","created":"2023-12-02T01:49:56Z","name":"imp_prop_impexp_wheel_01a","hash":1916814927,"options":{"is_mission_entity":true,"is_explosion_proof":false,"is_bullet_proof":false,"is_melee_proof":false,"bone_index":0,"object_tint":0,"alpha":255,"spawn_mode":1,"is_visible":true,"has_gravity":true,"is_light_on":true,"is_fire_proof":false,"gravity":0.0,"is_invincible":true,"is_networked":true,"is_dynamic":true,"is_driver_visible":true,"is_frozen":false,"use_soft_pinning":true,"lod_distance":16960,"has_collision":false,"weight":0.0,"buoyancy":0.0,"is_attached":true},"author":"TwinGTAV","offset":{"y":0.0,"z":0,"x":-0.04},"world_rotation":{"y":72.21122,"z":-34.763329,"x":-2.502774},"type":"OBJECT","blip_icon":1,"blip_color":2,"position":{"y":-271.878204,"z":52.563957,"x":393.76123},"rotation":{"y":0.0,"z":-90.0,"x":0},"version":"Constructor 0.42 / 0.41 / 0.42","num_bones":0,"children":{},"target_version":"0.41","rotation_order":2}],"world_rotation":{"y":8.142131,"z":47.486267,"x":72.041672},"type":"OBJECT","rotation_order":2},{"model":"prop_stockade_wheel","rotation":{"y":0,"z":0,"x":0},"name":"prop_stockade_wheel","hash":3404504017,"options":{"buoyancy":0.0,"max_health":1000,"is_visible":true,"is_networked":true,"is_bullet_proof":false,"is_melee_proof":false,"bone_index":47,"is_attached":true,"is_mission_entity":true,"alpha":255,"spawn_mode":1,"lod_distance":16960,"is_on_fire":false,"is_light_on":true,"weight":0.0,"gravity":0.0,"is_invincible":false,"is_driver_visible":true,"is_dynamic":false,"has_collision":false,"is_frozen":true,"health":1000,"use_soft_pinning":true,"is_explosion_proof":false,"is_fire_proof":false,"object_tint":0,"has_gravity":true},"position":{"y":-270.290436,"z":52.445496,"x":394.860901},"target_version":"0.41","offset":{"y":0,"z":0,"x":0.15},"num_bones":0,"parents_initial_handle":245563,"initial_handle":676419,"children":[{"model":"imp_prop_impexp_wheel_01a","created":"2023-12-02T01:49:56Z","name":"imp_prop_impexp_wheel_01a","hash":1916814927,"options":{"is_mission_entity":true,"is_explosion_proof":false,"is_bullet_proof":false,"is_melee_proof":false,"bone_index":0,"object_tint":0,"alpha":255,"spawn_mode":1,"is_visible":true,"has_gravity":true,"is_light_on":true,"is_fire_proof":false,"gravity":0.0,"is_invincible":true,"is_networked":true,"is_dynamic":true,"is_driver_visible":true,"is_frozen":false,"use_soft_pinning":true,"lod_distance":16960,"has_collision":false,"weight":0.0,"buoyancy":0.0,"is_attached":true},"author":"TwinGTAV","offset":{"y":0.0,"z":0,"x":-0.04},"world_rotation":{"y":-101.246071,"z":145.354111,"x":4.559453},"type":"OBJECT","blip_icon":1,"blip_color":2,"position":{"y":-270.257629,"z":52.442314,"x":394.883575},"rotation":{"y":0.0,"z":-90.0,"x":0},"version":"Constructor 0.42 / 0.41 / 0.42","num_bones":0,"children":{},"target_version":"0.41","rotation_order":2}],"world_rotation":{"y":-157.760101,"z":77.144875,"x":-77.87587},"type":"OBJECT","rotation_order":2},{"model":"prop_stockade_wheel","rotation":{"y":0,"z":0,"x":0},"name":"prop_stockade_wheel","hash":3404504017,"options":{"buoyancy":0.0,"max_health":1000,"is_visible":true,"is_networked":true,"is_bullet_proof":false,"is_melee_proof":false,"bone_index":48,"is_attached":true,"is_mission_entity":true,"alpha":255,"spawn_mode":1,"lod_distance":16960,"is_on_fire":false,"is_light_on":true,"weight":0.0,"gravity":0.0,"is_invincible":false,"is_driver_visible":true,"is_dynamic":false,"has_collision":false,"is_frozen":true,"health":1000,"use_soft_pinning":true,"is_explosion_proof":false,"is_fire_proof":false,"object_tint":0,"has_gravity":true},"position":{"y":-272.763611,"z":52.249199,"x":397.953308},"target_version":"0.41","offset":{"y":0,"z":0,"x":0.41},"num_bones":0,"parents_initial_handle":245563,"initial_handle":459332,"children":[{"model":"prop_stockade_wheel","rotation":{"y":0,"z":0,"x":0},"name":"prop_stockade_wheel","hash":3404504017,"options":{"buoyancy":0.0,"max_health":1000,"is_visible":true,"is_networked":true,"is_bullet_proof":false,"is_melee_proof":false,"bone_index":0,"is_attached":true,"is_mission_entity":true,"alpha":255,"spawn_mode":1,"lod_distance":16960,"is_on_fire":false,"is_light_on":true,"weight":0.0,"gravity":0.0,"is_invincible":false,"is_driver_visible":true,"is_dynamic":false,"has_collision":false,"is_frozen":true,"health":1000,"use_soft_pinning":true,"is_explosion_proof":false,"is_fire_proof":false,"object_tint":0,"has_gravity":true},"position":{"y":-272.484772,"z":52.222675,"x":398.146027},"target_version":"0.41","offset":{"y":0,"z":0,"x":-0.34},"num_bones":0,"parents_initial_handle":459332,"initial_handle":607554,"children":[{"model":"imp_prop_impexp_wheel_01a","created":"2023-12-02T01:49:56Z","name":"imp_prop_impexp_wheel_01a","hash":1916814927,"options":{"is_mission_entity":true,"is_explosion_proof":false,"is_bullet_proof":false,"is_melee_proof":false,"bone_index":0,"object_tint":0,"alpha":255,"spawn_mode":1,"is_visible":true,"has_gravity":true,"is_light_on":true,"is_fire_proof":false,"gravity":0.0,"is_invincible":true,"is_networked":true,"is_dynamic":true,"is_driver_visible":true,"is_frozen":false,"use_soft_pinning":true,"lod_distance":16960,"has_collision":false,"weight":0.0,"buoyancy":0.0,"is_attached":true},"author":"TwinGTAV","offset":{"y":0.0,"z":0,"x":-0.04},"world_rotation":{"y":-77.829903,"z":145.349228,"x":4.474123},"type":"OBJECT","blip_icon":1,"blip_color":2,"position":{"y":-272.451965,"z":52.219555,"x":398.168701},"rotation":{"y":0.0,"z":-90.0,"x":0},"version":"Constructor 0.42 / 0.41 / 0.42","num_bones":0,"children":{},"target_version":"0.41","rotation_order":2}],"world_rotation":{"y":-20.363277,"z":-144.536835,"x":-77.045204},"type":"OBJECT","rotation_order":2}],"world_rotation":{"y":-20.363277,"z":-144.536835,"x":-77.045204},"type":"OBJECT","rotation_order":2},{"model":"prop_stockade_wheel","rotation":{"y":0,"z":0,"x":0},"name":"prop_stockade_wheel","hash":3404504017,"options":{"buoyancy":0.0,"max_health":1000,"is_visible":true,"is_networked":true,"is_bullet_proof":false,"is_melee_proof":false,"bone_index":49,"is_attached":true,"is_mission_entity":true,"alpha":255,"spawn_mode":1,"lod_distance":16960,"is_on_fire":false,"is_light_on":true,"weight":0.0,"gravity":0.0,"is_invincible":false,"is_driver_visible":true,"is_dynamic":false,"has_collision":false,"is_frozen":true,"health":1000,"use_soft_pinning":true,"is_explosion_proof":false,"is_fire_proof":false,"object_tint":0,"has_gravity":true},"position":{"y":-273.891998,"z":52.331852,"x":397.171753},"target_version":"0.41","offset":{"y":0,"z":0,"x":0.41},"num_bones":0,"parents_initial_handle":245563,"initial_handle":264771,"children":[{"model":"prop_stockade_wheel","rotation":{"y":0,"z":0,"x":0},"name":"prop_stockade_wheel","hash":3404504017,"options":{"buoyancy":0.0,"max_health":1000,"is_visible":true,"is_networked":true,"is_bullet_proof":false,"is_melee_proof":false,"bone_index":0,"is_attached":true,"is_mission_entity":true,"alpha":255,"spawn_mode":1,"lod_distance":16960,"is_on_fire":false,"is_light_on":true,"weight":0.0,"gravity":0.0,"is_invincible":false,"is_driver_visible":true,"is_dynamic":false,"has_collision":false,"is_frozen":true,"health":1000,"use_soft_pinning":true,"is_explosion_proof":false,"is_fire_proof":false,"object_tint":0,"has_gravity":true},"position":{"y":-274.171051,"z":52.346191,"x":396.978027},"target_version":"0.41","offset":{"y":0,"z":0,"x":-0.34},"num_bones":0,"parents_initial_handle":264771,"initial_handle":475459,"children":[{"model":"imp_prop_impexp_wheel_01a","created":"2023-12-02T01:49:56Z","name":"imp_prop_impexp_wheel_01a","hash":1916814927,"options":{"is_mission_entity":true,"is_explosion_proof":false,"is_bullet_proof":false,"is_melee_proof":false,"bone_index":0,"object_tint":0,"alpha":255,"spawn_mode":1,"is_visible":true,"has_gravity":true,"is_light_on":true,"is_fire_proof":false,"gravity":0.0,"is_invincible":true,"is_networked":true,"is_dynamic":true,"is_driver_visible":true,"is_frozen":false,"use_soft_pinning":true,"lod_distance":16960,"has_collision":false,"weight":0.0,"buoyancy":0.0,"is_attached":true},"author":"TwinGTAV","offset":{"y":0.0,"z":0,"x":-0.04},"world_rotation":{"y":137.418198,"z":-34.7682,"x":-2.417451},"type":"OBJECT","blip_icon":1,"blip_color":2,"position":{"y":-274.203888,"z":52.347878,"x":396.955231},"rotation":{"y":0.0,"z":-90.0,"x":0},"version":"Constructor 0.42 / 0.41 / 0.42","num_bones":0,"children":{},"target_version":"0.41","rotation_order":2}],"world_rotation":{"y":176.718445,"z":-122.548424,"x":42.534966},"type":"OBJECT","rotation_order":2}],"world_rotation":{"y":176.718445,"z":-122.548424,"x":42.534966},"type":"OBJECT","rotation_order":2},{"model":"CARACARA2","rotation":{"y":0,"z":0,"x":0},"name":"CARACARA2","hash":-1349095620,"options":{"buoyancy":0.0,"is_explosion_proof":false,"is_bullet_proof":false,"is_networked":true,"bone_index":0,"is_mission_entity":true,"alpha":255,"spawn_mode":1,"is_visible":true,"has_gravity":true,"is_light_on":true,"is_attached":true,"gravity":0.0,"is_invincible":true,"weight":0.0,"is_dynamic":true,"has_collision":true,"is_frozen":false,"lod_distance":16960,"object_tint":0,"is_melee_proof":false,"is_driver_visible":true,"use_soft_pinning":true,"is_fire_proof":false},"author":"TwinGTAV","offset":{"y":0,"z":0.19,"x":0},"blip_sprite":1,"children":[{"model":"imp_prop_impexp_exhaust_05","created":"2023-11-29T23:07:11Z","name":"Exhaust Tip","hash":240285960,"options":{"health":1000,"is_mission_entity":true,"is_visible":true,"weight":0.0,"is_bullet_proof":false,"is_networked":true,"is_attached":true,"is_explosion_proof":false,"is_melee_proof":false,"alpha":255,"spawn_mode":1,"lod_distance":16960,"max_health":1000,"is_light_on":true,"is_on_fire":false,"gravity":0.0,"is_invincible":false,"is_driver_visible":true,"is_dynamic":false,"has_collision":false,"is_frozen":true,"buoyancy":0.0,"object_tint":0,"use_soft_pinning":true,"bone_index":0,"is_fire_proof":false,"has_gravity":true},"author":"TwinGTAV","offset":{"y":-3.28,"z":-0.08,"x":-0.44},"initial_handle":150540,"world_rotation":{"y":3.541612,"z":55.0014,"x":4.752854},"type":"OBJECT","blip_icon":1,"blip_color":2,"num_bones":0,"parents_initial_handle":503566,"rotation_order":2,"version":"Constructor 0.42 / 0.41 / 0.42","target_version":"0.41","rotation":{"y":0,"z":0,"x":1.5},"children":{},"position":{"y":-274.428955,"z":52.546066,"x":398.405884}},{"model":"imp_prop_impexp_exhaust_05","created":"2023-11-29T23:07:11Z","name":"Exhaust Tip","hash":240285960,"options":{"is_mission_entity":true,"has_gravity":true,"is_visible":true,"max_health":1000,"is_bullet_proof":false,"is_networked":true,"is_attached":true,"is_melee_proof":false,"health":1000,"alpha":255,"spawn_mode":1,"lod_distance":16960,"is_on_fire":false,"is_light_on":true,"weight":0.0,"gravity":0.0,"is_invincible":false,"is_driver_visible":true,"is_dynamic":false,"has_collision":false,"is_frozen":true,"is_explosion_proof":false,"object_tint":0,"is_fire_proof":false,"bone_index":0,"use_soft_pinning":true,"buoyancy":0.0},"author":"TwinGTAV","offset":{"y":-3.28,"z":-0.08,"x":0.44},"initial_handle":150540,"world_rotation":{"y":3.541612,"z":55.0014,"x":4.752854},"type":"OBJECT","blip_icon":1,"blip_color":2,"rotation_order":2,"parents_initial_handle":503566,"rotation":{"y":0,"z":0,"x":1.5},"version":"Constructor 0.42 / 0.41 / 0.42","num_bones":0,"target_version":"0.41","children":{},"position":{"y":-273.706879,"z":52.491894,"x":398.905975}}],"type":"VEHICLE","blip_icon":1,"blip_color":2,"position":{"y":-272.192596,"z":52.784977,"x":395.976898},"created":"2023-11-30T02:28:12Z","rotation_order":2,"version":"Constructor 0.42 / 0.41 / 0.42","target_version":"0.41","world_rotation":{"y":3.535131,"z":55.0942,"x":3.255714},"vehicle_attributes":{"paint":{"livery2_legacy":-1,"primary":{"vehicle_standard_color":12,"custom_color":{"r":0,"g":0,"b":0},"is_custom":true},"dirt_level":0.0,"extra_colors":{"wheel":0,"pearlescent":0},"livery":3,"color_combo":-1,"interior_color":0,"livery_legacy":-1,"secondary":{"vehicle_standard_color":0,"custom_color":{"r":0,"g":0,"b":0},"is_custom":true},"fade":0.929412,"dashboard_color":156,"vehicle_custom_color":{"r":5,"g":5,"b":5}},"extras":{},"mods":{"_15":-1,"_2":0,"_35":-1,"_0":-1,"_20":false,"_39":-1,"_6":2,"_16":4,"_4":1,"_36":-1,"_8":0,"_21":false,"_33":-1,"_13":3,"_37":-1,"_22":true,"_34":-1,"_14":0,"_38":-1,"_42":-1,"_25":-1,"_45":-1,"_30":-1,"_19":false,"_10":1,"_29":-1,"_26":-1,"_41":-1,"_46":-1,"_3":-1,"_7":6,"_11":3,"_9":-1,"_31":-1,"_18":true,"_43":-1,"_40":-1,"_23":-1,"_12":2,"_27":-1,"_32":-1,"_47":-1,"_44":-1,"_5":-1,"_24":-1,"_1":6,"_28":-1,"_49":-1,"_48":3,"_17":false},"wheels":{"tire_smoke_color":{"r":255,"g":255,"b":255},"wheel_type":3,"bulletproof_tires":false,"tires_burst":{},"detached":{"_1":true,"_2":true,"_4":true,"_3":true,"_0":true,"_5":true}},"headlights":{"headlight_color":-1,"headlights_color":0,"headlights_type":true},"options":{"license_plate_text":"  TWIN  ","search_light":false,"license_plate_type":5,"engine_running":false,"radio_loud":false,"emergency_lights":false,"window_tint":1,"siren":false,"bulletproof_tires":true},"doors":{"open":{"frontleft":false,"trunk":false,"hood":false,"backleft":false,"trunk2":false,"backright":false,"frontright":false},"broken":{}},"windows":{"rolled_down":{},"broken":{"front":false,"rear":false}},"neon":{"color":{"r":255,"g":0,"b":0},"lights":{"right":true,"back":true,"front":true,"left":true}}},"num_bones":86},{"model":"imp_prop_impexp_spoiler_03a","rotation":{"y":0.0,"z":-180.0,"x":15.0},"name":"Spoiler 3","hash":"2119369457","options":{"buoyancy":0.0,"is_visible":true,"is_bullet_proof":false,"is_networked":true,"bone_index":0,"is_attached":true,"alpha":255,"spawn_mode":1,"is_mission_entity":true,"has_gravity":true,"is_light_on":true,"is_melee_proof":false,"gravity":0.0,"is_invincible":true,"weight":0.0,"is_dynamic":true,"has_collision":false,"is_frozen":false,"lod_distance":16960,"object_tint":0,"is_explosion_proof":false,"is_driver_visible":true,"use_soft_pinning":true,"is_fire_proof":false},"author":"TwinGTAV","offset":{"y":0.82,"z":1.45,"x":0},"world_rotation":{"y":-3.604606,"z":-123.971916,"x":11.715513},"type":"OBJECT","blip_icon":1,"blip_color":2,"rotation_order":2,"target_version":"0.41","version":"Constructor 0.42 / 0.41 / 0.42","position":{"y":-271.701294,"z":54.08712,"x":395.408539},"children":{},"created":"2023-11-28T02:43:57Z","num_bones":0}],"type":"VEHICLE","blip_icon":1,"blip_color":2,"num_bones":77,"created":"2023-11-28T23:08:24Z","world_rotation":{"y":3.535131,"z":55.0942,"x":3.255714},"position":{"y":-272.196045,"z":52.595646,"x":395.961365},"version":"Constructor 0.42 / 0.41 / 0.42","rotation_order":2,"target_version":"0.41","vehicle_attributes":{"headlights":{"headlight_color":-1,"multiplier":1,"headlights_color":255,"headlights_type":false},"options":{"license_plate_text":"  TWIN  ","search_light":false,"license_plate_type":0,"engine_running":true,"radio_loud":false,"emergency_lights":false,"window_tint":-1,"siren":false,"bulletproof_tires":false},"mods":{"_15":-1,"_2":-1,"_35":-1,"_0":-1,"_20":false,"_39":-1,"_6":-1,"_16":-1,"_4":-1,"_36":-1,"_8":-1,"_21":false,"_33":-1,"_13":-1,"_37":-1,"_22":false,"_34":-1,"_14":-1,"_38":-1,"_42":-1,"_25":-1,"_45":-1,"_30":-1,"_49":-1,"_10":-1,"_29":-1,"_26":-1,"_41":-1,"_46":-1,"_3":-1,"_7":-1,"_11":-1,"_9":-1,"_31":-1,"_18":true,"_43":-1,"_40":-1,"_23":-1,"_12":-1,"_27":-1,"_32":-1,"_47":-1,"_44":-1,"_5":-1,"_24":-1,"_19":false,"_28":-1,"_1":-1,"_48":-1,"_17":false},"wheels":{"bulletproof_tires":false,"tire_smoke_color":{"r":255,"g":255,"b":255},"tires_burst":{"_1":false,"_5":false,"_4":false,"_0":false,"_45":false,"_2":false,"_3":false,"_47":false},"wheel_type":4,"invisible_wheels":false,"detached":{}},"paint":{"livery2_legacy":-1,"primary":{"color":-1,"paint_type":6,"custom_color":{},"vehicle_standard_color":3,"is_custom":false,"pearlescent_color":-1},"dirt_level":0.0,"extra_colors":{"wheel":156,"pearlescent":18},"color_combo":2,"dashboard_color":0,"interior_color":0,"livery_legacy":-1,"livery":-1,"fade":0.294118,"secondary":{"color":-1,"paint_type":6,"is_custom":false,"vehicle_standard_color":2,"custom_color":{}},"vehicle_custom_color":{"r":41,"g":44,"b":46}},"windows":{"rolled_down":{},"broken":{"front":false,"rear":false}},"doors":{"open":{"frontright":false,"hood":false,"trunk":false,"backleft":false,"trunk2":false,"backright":false,"frontleft":false},"broken":{"frontright":true,"hood":true,"trunk":true,"backleft":false,"trunk2":false,"backright":false,"frontleft":true}},"extras":{"_1":true,"_2":true,"_13":false,"_0":false,"_12":true,"_10":false,"_14":false,"_6":false,"_5":false,"_4":false,"_3":true,"_7":false,"_11":true,"_9":false,"_8":false},"neon":{"color":{"r":255,"g":255,"b":255},"lights":{"right":true,"back":true,"front":true,"left":true}}},"blip_handle":90374238}