{"offset":{"z":0,"y":0,"x":0},"type":"VEHICLE","rotation":{"z":0,"y":0,"x":0},"position":{"z":36.874088,"y":-329.141083,"x":-1253.814453},"hash":989381445,"name":"Offroad_BobcatXXL","blip_color":2,"blip_icon":1,"children":[{"children":{},"model":"prop_stockade_wheel","offset":{"z":0,"y":0,"x":0.15},"type":"OBJECT","rotation":{"z":0,"y":0,"x":0},"position":{"z":36.642761,"y":-328.483887,"x":-1255.906372},"hash":3404504017,"name":"prop_stockade_wheel","world_rotation":{"z":-128.871536,"y":-175.412155,"x":-60.621456},"initial_handle":191042,"num_bones":0,"parents_initial_handle":245563,"options":{"max_health":1000,"is_explosion_proof":false,"buoyancy":0.0,"bone_index":50,"is_on_fire":false,"is_attached":true,"gravity":0.0,"is_invincible":false,"is_networked":true,"is_fire_proof":false,"is_mission_entity":true,"object_tint":0,"has_collision":false,"use_soft_pinning":true,"is_frozen":true,"is_visible":true,"weight":0.0,"is_bullet_proof":false,"spawn_mode":1,"is_dynamic":false,"health":1000,"has_gravity":true,"is_light_on":true,"alpha":255,"is_driver_visible":true,"is_melee_proof":false,"lod_distance":16960},"rotation_order":2,"target_version":"0.41"},{"children":{},"model":"prop_stockade_wheel","offset":{"z":0,"y":0,"x":0.15},"type":"OBJECT","rotation":{"z":0,"y":0,"x":0},"position":{"z":36.683067,"y":-327.09552,"x":-1254.617188},"hash":3404504017,"name":"prop_stockade_wheel","world_rotation":{"z":47.462593,"y":179.606842,"x":61.288929},"initial_handle":676419,"num_bones":0,"parents_initial_handle":245563,"options":{"max_health":1000,"is_explosion_proof":false,"buoyancy":0.0,"bone_index":47,"is_on_fire":false,"is_attached":true,"gravity":0.0,"is_invincible":false,"is_networked":true,"is_fire_proof":false,"is_mission_entity":true,"object_tint":0,"has_collision":false,"use_soft_pinning":true,"is_frozen":true,"is_visible":true,"weight":0.0,"is_bullet_proof":false,"spawn_mode":1,"is_dynamic":false,"health":1000,"has_gravity":true,"is_light_on":true,"alpha":255,"is_driver_visible":true,"is_melee_proof":false,"lod_distance":16960},"rotation_order":2,"target_version":"0.41"},{"children":[{"children":{},"model":"prop_stockade_wheel","offset":{"z":0,"y":0,"x":-0.34},"type":"OBJECT","rotation":{"z":0,"y":0,"x":0},"position":{"z":36.710213,"y":-329.728943,"x":-1251.664062},"hash":3404504017,"name":"prop_stockade_wheel","world_rotation":{"z":-132.891342,"y":0.532805,"x":1.175567},"initial_handle":607554,"num_bones":0,"parents_initial_handle":459332,"options":{"max_health":1000,"is_explosion_proof":false,"buoyancy":0.0,"bone_index":0,"is_on_fire":false,"is_attached":true,"gravity":0.0,"is_invincible":false,"is_networked":true,"is_fire_proof":false,"is_mission_entity":true,"object_tint":0,"has_collision":false,"use_soft_pinning":true,"is_frozen":true,"is_visible":true,"weight":0.0,"is_bullet_proof":false,"spawn_mode":1,"is_dynamic":false,"health":1000,"has_gravity":true,"is_light_on":true,"alpha":255,"is_driver_visible":true,"is_melee_proof":false,"lod_distance":16960},"rotation_order":2,"target_version":"0.41"}],"model":"prop_stockade_wheel","offset":{"z":0,"y":0,"x":0.41},"type":"OBJECT","rotation":{"z":0,"y":0,"x":0},"position":{"z":36.70705,"y":-329.978088,"x":-1251.895386},"hash":3404504017,"name":"prop_stockade_wheel","world_rotation":{"z":-132.891342,"y":0.532805,"x":1.175567},"initial_handle":459332,"num_bones":0,"parents_initial_handle":245563,"options":{"max_health":1000,"is_explosion_proof":false,"buoyancy":0.0,"bone_index":48,"is_on_fire":false,"is_attached":true,"gravity":0.0,"is_invincible":false,"is_networked":true,"is_fire_proof":false,"is_mission_entity":true,"object_tint":0,"has_collision":false,"use_soft_pinning":true,"is_frozen":true,"is_visible":true,"weight":0.0,"is_bullet_proof":false,"spawn_mode":1,"is_dynamic":false,"health":1000,"has_gravity":true,"is_light_on":true,"alpha":255,"is_driver_visible":true,"is_melee_proof":false,"lod_distance":16960},"rotation_order":2,"target_version":"0.41"},{"children":[{"children":{},"model":"prop_stockade_wheel","offset":{"z":0,"y":0,"x":-0.34},"type":"OBJECT","rotation":{"z":0,"y":0,"x":0},"position":{"z":36.654167,"y":-331.234375,"x":-1253.061646},"hash":3404504017,"name":"prop_stockade_wheel","world_rotation":{"z":-135.601761,"y":-176.234161,"x":46.469967},"initial_handle":475459,"num_bones":0,"parents_initial_handle":264771,"options":{"max_health":1000,"is_explosion_proof":false,"buoyancy":0.0,"bone_index":0,"is_on_fire":false,"is_attached":true,"gravity":0.0,"is_invincible":false,"is_networked":true,"is_fire_proof":false,"is_mission_entity":true,"object_tint":0,"has_collision":false,"use_soft_pinning":true,"is_frozen":true,"is_visible":true,"weight":0.0,"is_bullet_proof":false,"spawn_mode":1,"is_dynamic":false,"health":1000,"has_gravity":true,"is_light_on":true,"alpha":255,"is_driver_visible":true,"is_melee_proof":false,"lod_distance":16960},"rotation_order":2,"target_version":"0.41"}],"model":"prop_stockade_wheel","offset":{"z":0,"y":0,"x":0.41},"type":"OBJECT","rotation":{"z":0,"y":0,"x":0},"position":{"z":36.669548,"y":-330.985443,"x":-1252.830566},"hash":3404504017,"name":"prop_stockade_wheel","world_rotation":{"z":-135.601761,"y":-176.234161,"x":46.469967},"initial_handle":264771,"num_bones":0,"parents_initial_handle":245563,"options":{"max_health":1000,"is_explosion_proof":false,"buoyancy":0.0,"bone_index":49,"is_on_fire":false,"is_attached":true,"gravity":0.0,"is_invincible":false,"is_networked":true,"is_fire_proof":false,"is_mission_entity":true,"object_tint":0,"has_collision":false,"use_soft_pinning":true,"is_frozen":true,"is_visible":true,"weight":0.0,"is_bullet_proof":false,"spawn_mode":1,"is_dynamic":false,"health":1000,"has_gravity":true,"is_light_on":true,"alpha":255,"is_driver_visible":true,"is_melee_proof":false,"lod_distance":16960},"rotation_order":2,"target_version":"0.41"},{"children":[{"children":[{"children":[{"children":[{"children":{},"model":"prop_fncsec_02pole","offset":{"z":0,"y":0,"x":-0.5},"type":"OBJECT","rotation":{"z":0,"y":14,"x":0.000002},"position":{"z":37.173973,"y":-329.145996,"x":-1253.821167},"hash":2004077130,"name":"prop_fncsec_02pole","world_rotation":{"z":-42.875027,"y":103.699448,"x":1.557729},"initial_handle":696164,"num_bones":0,"parents_initial_handle":661852,"options":{"max_health":1000,"is_explosion_proof":false,"buoyancy":0.0,"bone_index":0,"is_on_fire":false,"is_attached":true,"gravity":0.0,"is_invincible":false,"is_networked":true,"is_fire_proof":false,"is_mission_entity":true,"object_tint":1,"has_collision":false,"use_soft_pinning":true,"is_frozen":true,"is_visible":true,"weight":0.0,"is_bullet_proof":false,"spawn_mode":1,"is_dynamic":false,"health":1000,"has_gravity":true,"is_light_on":true,"alpha":255,"is_driver_visible":true,"is_melee_proof":false,"lod_distance":16960},"rotation_order":2,"target_version":"0.41"}],"model":"prop_fncsec_02pole","offset":{"z":2.0,"y":0,"x":0},"type":"OBJECT","rotation":{"z":0,"y":0,"x":0},"position":{"z":36.674164,"y":-329.137817,"x":-1253.809937},"hash":2004077130,"name":"prop_fncsec_02pole","world_rotation":{"z":-42.875027,"y":89.699448,"x":1.55774},"initial_handle":661852,"num_bones":0,"parents_initial_handle":8797,"options":{"max_health":1000,"is_explosion_proof":false,"buoyancy":0.0,"bone_index":0,"is_on_fire":false,"is_attached":true,"gravity":0.0,"is_invincible":false,"is_networked":true,"is_fire_proof":false,"is_mission_entity":true,"object_tint":1,"has_collision":false,"use_soft_pinning":true,"is_frozen":true,"is_visible":true,"weight":0.0,"is_bullet_proof":false,"spawn_mode":1,"is_dynamic":false,"health":1000,"has_gravity":true,"is_light_on":true,"alpha":255,"is_driver_visible":true,"is_melee_proof":false,"lod_distance":16960},"rotation_order":2,"target_version":"0.41"},{"children":{},"model":"prop_fncsec_02pole","offset":{"z":0,"y":0,"x":0},"type":"OBJECT","rotation":{"z":0,"y":346,"x":360},"position":{"z":36.663677,"y":-327.776825,"x":-1255.275391},"hash":2004077130,"name":"prop_fncsec_02pole","world_rotation":{"z":-42.875034,"y":75.699463,"x":1.55775},"initial_handle":689508,"num_bones":0,"parents_initial_handle":8797,"options":{"max_health":1000,"is_explosion_proof":false,"buoyancy":0.0,"bone_index":0,"is_on_fire":false,"is_attached":true,"gravity":0.0,"is_invincible":false,"is_networked":true,"is_fire_proof":false,"is_mission_entity":true,"object_tint":1,"has_collision":false,"use_soft_pinning":true,"is_frozen":true,"is_visible":true,"weight":0.0,"is_bullet_proof":false,"spawn_mode":1,"is_dynamic":false,"health":1000,"has_gravity":true,"is_light_on":true,"alpha":255,"is_driver_visible":true,"is_melee_proof":false,"lod_distance":16960},"rotation_order":2,"target_version":"0.41"}],"model":"prop_fncsec_02pole","offset":{"z":1.0,"y":0,"x":0},"type":"OBJECT","rotation":{"z":0,"y":0,"x":450},"position":{"z":36.663677,"y":-327.776825,"x":-1255.275391},"hash":2004077130,"name":"prop_fncsec_02pole","world_rotation":{"z":-42.875027,"y":89.699448,"x":1.55774},"initial_handle":8797,"num_bones":0,"parents_initial_handle":148538,"options":{"max_health":1000,"is_explosion_proof":false,"buoyancy":0.0,"bone_index":0,"is_on_fire":false,"is_attached":true,"gravity":0.0,"is_invincible":false,"is_networked":true,"is_fire_proof":false,"is_mission_entity":true,"object_tint":1,"has_collision":false,"use_soft_pinning":true,"is_frozen":true,"is_visible":true,"weight":0.0,"is_bullet_proof":false,"spawn_mode":1,"is_dynamic":false,"health":1000,"has_gravity":true,"is_light_on":true,"alpha":255,"is_driver_visible":true,"is_melee_proof":false,"lod_distance":16960},"rotation_order":2,"target_version":"0.41"}],"model":"prop_fncsec_02pole","offset":{"z":0,"y":3.999999,"x":0},"type":"OBJECT","rotation":{"z":0,"y":0,"x":0},"position":{"z":36.636494,"y":-328.509399,"x":-1255.955566},"hash":2004077130,"name":"prop_fncsec_02pole","world_rotation":{"z":47.116825,"y":88.442238,"x":-0.300436},"initial_handle":148538,"num_bones":0,"parents_initial_handle":176983,"options":{"max_health":1000,"is_explosion_proof":false,"buoyancy":0.0,"bone_index":0,"is_on_fire":false,"is_attached":true,"gravity":0.0,"is_invincible":false,"is_networked":true,"is_fire_proof":false,"is_mission_entity":true,"object_tint":1,"has_collision":false,"use_soft_pinning":true,"is_frozen":true,"is_visible":true,"weight":0.0,"is_bullet_proof":false,"spawn_mode":1,"is_dynamic":false,"health":1000,"has_gravity":true,"is_light_on":true,"alpha":255,"is_driver_visible":true,"is_melee_proof":false,"lod_distance":16960},"rotation_order":2,"target_version":"0.41"},{"offset":{"z":0.99,"y":0.08,"x":-0.1},"type":"OBJECT","rotation":{"z":-22.5,"y":90.0,"x":1.5},"position":{"z":36.78392,"y":-330.453339,"x":-1252.412109},"hash":-507191895,"name":"imp_prop_impexp_diff_01","blip_color":2,"blip_icon":1,"children":[{"offset":{"z":-0.65,"y":1.8,"x":0.04},"type":"OBJECT","num_bones":0,"position":{"z":36.68565,"y":-329.145477,"x":-1253.806396},"hash":2410906218,"name":"prop_roofpipe_06","blip_color":2,"created":"2023-11-29T23:05:59Z","children":{},"model":"prop_roofpipe_06","options":{"max_health":1000,"is_attached":true,"buoyancy":0.0,"bone_index":0,"is_on_fire":false,"spawn_mode":1,"gravity":0.0,"has_gravity":true,"is_networked":true,"is_fire_proof":false,"health":1000,"object_tint":0,"has_collision":false,"use_soft_pinning":true,"is_frozen":true,"is_dynamic":false,"weight":0.0,"is_bullet_proof":false,"lod_distance":16960,"is_melee_proof":false,"is_mission_entity":true,"alpha":255,"is_light_on":true,"is_visible":true,"is_driver_visible":true,"is_explosion_proof":false,"is_invincible":false},"parents_initial_handle":261384,"rotation":{"z":0.9,"y":-2.2,"x":67.5},"world_rotation":{"z":-50.202351,"y":82.691963,"x":-87.503693},"version":"Constructor 0.42 / 0.41 / 0.42","target_version":"0.41","author":"TwinGTAV","initial_handle":555280,"rotation_order":2,"blip_icon":1},{"offset":{"z":-1.375,"y":3.58,"x":0.08},"type":"OBJECT","num_bones":0,"position":{"z":36.664223,"y":-327.832275,"x":-1255.210205},"hash":2410906218,"name":"prop_roofpipe_06","blip_color":2,"created":"2023-11-29T23:05:59Z","children":{},"model":"prop_roofpipe_06","options":{"max_health":1000,"is_attached":true,"buoyancy":0.0,"bone_index":0,"is_on_fire":false,"is_invincible":false,"gravity":0.0,"is_explosion_proof":false,"is_networked":true,"is_fire_proof":false,"is_mission_entity":true,"object_tint":0,"has_collision":false,"use_soft_pinning":true,"is_frozen":true,"is_visible":true,"weight":0.0,"is_bullet_proof":false,"spawn_mode":1,"is_dynamic":false,"health":1000,"has_gravity":true,"is_light_on":true,"alpha":255,"is_driver_visible":true,"is_melee_proof":false,"lod_distance":16960},"parents_initial_handle":261384,"blip_icon":1,"world_rotation":{"z":-50.202351,"y":82.691963,"x":-87.503693},"version":"Constructor 0.42 / 0.41 / 0.42","target_version":"0.41","author":"TwinGTAV","initial_handle":555280,"rotation_order":2,"rotation":{"z":0.9,"y":-2.2,"x":67.5}},{"offset":{"z":-1.415,"y":3.71,"x":-0.81},"type":"OBJECT","num_bones":0,"position":{"z":36.684044,"y":-327.100494,"x":-1254.686035},"hash":2410906218,"name":"prop_roofpipe_06","blip_color":2,"created":"2023-11-29T23:05:59Z","children":{},"model":"prop_roofpipe_06","options":{"max_health":1000,"is_attached":true,"buoyancy":0.0,"bone_index":0,"is_on_fire":false,"lod_distance":16960,"gravity":0.0,"is_melee_proof":false,"is_networked":true,"is_fire_proof":false,"health":1000,"object_tint":0,"has_collision":false,"is_invincible":false,"is_frozen":true,"alpha":255,"weight":0.0,"is_bullet_proof":false,"spawn_mode":1,"is_dynamic":false,"is_mission_entity":true,"is_visible":true,"is_light_on":true,"has_gravity":true,"is_driver_visible":true,"is_explosion_proof":false,"use_soft_pinning":true},"parents_initial_handle":261384,"rotation":{"z":-1.8,"y":89.3,"x":130.5},"world_rotation":{"z":-131.873718,"y":90.913315,"x":-26.683111},"version":"Constructor 0.42 / 0.41 / 0.42","target_version":"0.41","author":"TwinGTAV","initial_handle":555280,"rotation_order":2,"blip_icon":1}],"model":"imp_prop_impexp_diff_01","target_version":"0.41","world_rotation":{"z":44.844494,"y":177.681152,"x":-22.739178},"version":"Constructor 0.42 / 0.41 / 0.42","options":{"is_attached":true,"buoyancy":0.0,"bone_index":0,"gravity":0.0,"is_invincible":true,"is_networked":true,"is_fire_proof":false,"alpha":255,"object_tint":0,"has_collision":false,"use_soft_pinning":true,"is_frozen":false,"is_melee_proof":false,"weight":0.0,"is_bullet_proof":false,"spawn_mode":1,"is_dynamic":true,"is_mission_entity":true,"is_visible":true,"is_light_on":true,"has_gravity":true,"is_driver_visible":true,"is_explosion_proof":false,"lod_distance":16960},"author":"TwinGTAV","num_bones":0,"rotation_order":2,"created":"2023-11-30T02:00:19Z"}],"model":"prop_fncsec_02pole","offset":{"z":-0.2,"y":-2.000001,"x":-1.0},"type":"OBJECT","rotation":{"z":0,"y":450,"x":360},"position":{"z":36.657467,"y":-331.231384,"x":-1253.024658},"hash":2004077130,"name":"prop_fncsec_02pole","world_rotation":{"z":47.116825,"y":88.442238,"x":-0.300436},"initial_handle":176983,"num_bones":0,"parents_initial_handle":245563,"options":{"max_health":1000,"is_explosion_proof":false,"buoyancy":0.0,"bone_index":0,"is_on_fire":false,"is_attached":true,"gravity":0.0,"is_invincible":false,"is_networked":true,"is_fire_proof":false,"is_mission_entity":true,"object_tint":1,"has_collision":false,"use_soft_pinning":true,"is_frozen":true,"is_visible":true,"weight":0.0,"is_bullet_proof":false,"spawn_mode":1,"is_dynamic":false,"health":1000,"has_gravity":true,"is_light_on":true,"alpha":255,"is_driver_visible":true,"is_melee_proof":false,"lod_distance":16960},"rotation_order":2,"target_version":"0.41"},{"offset":{"z":0.6,"y":0.2,"x":0.0},"type":"VEHICLE","rotation":{"z":0,"y":0,"x":0},"position":{"z":37.472809,"y":-329.014801,"x":-1253.974365},"hash":1069929536,"name":"Bobcat XL","blip_color":2,"created":"2023-11-28T23:00:12Z","children":[{"offset":{"z":0.69,"y":-1.18,"x":0},"type":"OBJECT","num_bones":0,"position":{"z":38.168732,"y":-329.829071,"x":-1253.125122},"hash":"3731192383","name":"Headache Rack","blip_color":2,"created":"2023-11-28T02:40:25Z","children":{},"model":"imp_prop_impexp_rear_bars_01a","options":{"is_attached":true,"buoyancy":0.0,"bone_index":0,"gravity":0.0,"is_visible":true,"is_networked":true,"is_fire_proof":true,"is_dynamic":true,"object_tint":0,"has_collision":false,"is_invincible":true,"is_frozen":false,"alpha":255,"weight":0.0,"is_bullet_proof":true,"spawn_mode":1,"is_melee_proof":true,"is_mission_entity":true,"has_gravity":true,"is_light_on":true,"lod_distance":16960,"is_driver_visible":true,"is_explosion_proof":true,"use_soft_pinning":true},"world_rotation":{"z":47.116783,"y":-1.557748,"x":-0.300443},"version":"Constructor 0.42 / 0.41 / 0.42","blip_icon":1,"author":"TwinGTAV","target_version":"0.41","rotation_order":2,"rotation":{"z":0,"y":0,"x":0}},{"offset":{"z":0.98,"y":0.61,"x":0},"type":"OBJECT","num_bones":0,"position":{"z":38.449234,"y":-328.615723,"x":-1254.443237},"hash":"2119369457","name":"Spoiler 3","blip_color":2,"created":"2023-11-28T02:43:57Z","children":{},"model":"imp_prop_impexp_spoiler_03a","options":{"is_attached":true,"buoyancy":0.0,"bone_index":0,"gravity":0.0,"is_visible":true,"is_networked":true,"is_fire_proof":false,"is_dynamic":true,"object_tint":0,"has_collision":false,"is_invincible":true,"is_frozen":false,"alpha":255,"weight":0.0,"is_bullet_proof":false,"spawn_mode":1,"is_melee_proof":false,"is_mission_entity":true,"has_gravity":true,"is_light_on":true,"lod_distance":16960,"is_driver_visible":true,"is_explosion_proof":false,"use_soft_pinning":true},"world_rotation":{"z":-133.130112,"y":1.578467,"x":9.297085},"version":"Constructor 0.42 / 0.41 / 0.42","blip_icon":1,"author":"TwinGTAV","target_version":"0.41","rotation_order":2,"rotation":{"z":180.0,"y":0.0,"x":9.0}}],"model":"bobcatxl","blip_handle":113311791,"options":{"max_health":1000,"has_gravity":true,"is_attached":true,"is_explosion_proof":true,"buoyancy":0.0,"is_frozen":false,"bone_index":0,"lod_distance":16960,"is_on_fire":false,"siren_status":3,"gravity":0.0,"alpha":255,"is_networked":true,"is_fire_proof":true,"is_mission_entity":true,"object_tint":0,"has_collision":false,"is_invincible":true,"has_special_physics":true,"is_dynamic":true,"weight":0.0,"is_bullet_proof":true,"spawn_mode":1,"is_melee_proof":true,"health":999,"is_visible":true,"is_light_on":true,"has_siren":true,"is_driver_visible":true,"use_soft_pinning":true,"engine_running":true},"parents_initial_handle":245563,"blip_icon":1,"target_version":"0.41","vehicle_attributes":{"options":{"search_light":false,"engine_running":false,"license_plate_type":3,"bulletproof_tires":true,"engine_power":1.0,"emergency_lights":false,"window_tint":1,"siren":false,"license_plate_text":"  TWIN  ","radio_loud":false},"headlights":{"headlights_color":0,"headlight_color":-1,"multiplier":1,"headlights_type":true},"paint":{"livery":-1,"color_combo":-1,"fade":0.0,"secondary":{"paint_type":3,"color":-1,"is_custom":false,"vehicle_standard_color":12,"custom_color":{"g":0,"r":0,"b":0}},"vehicle_custom_color":{"g":0,"r":105,"b":0},"livery2_legacy":-1,"dirt_level":0.0,"primary":{"paint_type":6,"color":-1,"is_custom":true,"vehicle_standard_color":27,"pearlescent_color":-1,"custom_color":{"g":255,"r":255,"b":255}},"interior_color":0,"dashboard_color":0,"livery_legacy":-1,"extra_colors":{"pearlescent":0,"wheel":0}},"extras":{"_1":false,"_10":true,"_0":false,"_8":false,"_9":false,"_6":false,"_7":false,"_14":false,"_13":false,"_12":true,"_11":false,"_3":false,"_2":false,"_5":false,"_4":false},"mods":{"_43":-1,"_27":-1,"_8":-1,"_23":-1,"_47":-1,"_42":-1,"_26":-1,"_22":true,"_0":-1,"_46":-1,"_40":-1,"_45":-1,"_20":false,"_49":-1,"_25":-1,"_41":-1,"_21":false,"_44":-1,"_3":-1,"_48":-1,"_5":-1,"_17":false,"_33":-1,"_9":-1,"_13":2,"_37":-1,"_4":-1,"_24":-1,"_14":0,"_16":4,"_30":-1,"_32":-1,"_36":-1,"_1":-1,"_19":false,"_6":-1,"_10":-1,"_12":2,"_15":-1,"_39":-1,"_35":-1,"_31":-1,"_7":-1,"_18":true,"_29":-1,"_11":3,"_38":-1,"_2":-1,"_28":-1,"_34":-1},"doors":{"broken":{"backright":false,"trunk2":false,"frontleft":false,"trunk":false,"backleft":false,"frontright":false,"hood":false},"open":{"backright":false,"trunk2":false,"frontleft":false,"trunk":false,"backleft":false,"frontright":false,"hood":false}},"windows":{"rolled_down":{},"broken":{"front":false,"rear":false}},"neon":{"lights":{"left":true,"front":true,"right":true,"back":true},"color":{"g":255,"r":255,"b":255}},"wheels":{"bulletproof_tires":false,"invisible_wheels":true,"tire_smoke_color":{"g":255,"r":255,"b":255},"detached":{"_4":true,"_5":true,"_3":true,"_2":true,"_0":true,"_1":true},"wheel_type":4,"tires_burst":{}}},"world_rotation":{"z":47.116783,"y":-1.557748,"x":-0.300443},"version":"Constructor 0.42 / 0.41 / 0.42","initial_handle":167745,"author":"TwinGTAV","blip_sprite":1,"rotation_order":2,"num_bones":71}],"model":"sandking2","blip_handle":70647909,"options":{"max_health":1000,"is_attached":false,"buoyancy":0.0,"is_invincible":true,"bone_index":0,"is_explosion_proof":true,"is_on_fire":false,"is_melee_proof":true,"gravity":0.0,"is_mission_entity":true,"is_networked":true,"is_fire_proof":true,"siren_status":3,"object_tint":0,"has_collision":true,"use_soft_pinning":true,"is_frozen":false,"alpha":0,"weight":0.0,"is_bullet_proof":true,"lod_distance":16960,"is_dynamic":true,"health":1000,"has_gravity":true,"is_light_on":true,"has_siren":true,"is_driver_visible":true,"spawn_mode":1,"is_visible":true},"target_version":"0.41","num_bones":77,"created":"2023-11-28T23:08:24Z","world_rotation":{"z":47.116783,"y":-1.557748,"x":-0.300443},"version":"Constructor 0.42 / 0.41 / 0.42","initial_handle":245563,"author":"TwinGTAV","blip_sprite":1,"rotation_order":2,"vehicle_attributes":{"options":{"search_light":false,"engine_running":true,"license_plate_type":0,"bulletproof_tires":false,"emergency_lights":false,"window_tint":-1,"siren":false,"license_plate_text":"  TWIN  ","radio_loud":false},"headlights":{"headlights_color":255,"headlight_color":-1,"multiplier":1,"headlights_type":false},"paint":{"livery":-1,"color_combo":2,"fade":0.294118,"secondary":{"paint_type":6,"color":-1,"is_custom":false,"vehicle_standard_color":2,"custom_color":{}},"vehicle_custom_color":{"g":44,"r":41,"b":46},"livery2_legacy":-1,"dirt_level":0.0,"primary":{"paint_type":6,"color":-1,"is_custom":false,"vehicle_standard_color":3,"pearlescent_color":-1,"custom_color":{}},"interior_color":0,"dashboard_color":0,"livery_legacy":-1,"extra_colors":{"pearlescent":18,"wheel":156}},"extras":{"_4":false,"_10":false,"_5":false,"_8":false,"_9":false,"_6":false,"_7":false,"_2":true,"_1":true,"_13":false,"_11":true,"_3":true,"_14":false,"_0":false,"_12":true},"mods":{"_43":-1,"_27":-1,"_8":-1,"_23":-1,"_6":-1,"_42":-1,"_26":-1,"_22":false,"_0":-1,"_46":-1,"_40":-1,"_45":-1,"_20":false,"_49":-1,"_25":-1,"_28":-1,"_21":false,"_44":-1,"_3":-1,"_48":-1,"_24":-1,"_17":false,"_33":-1,"_9":-1,"_13":-1,"_37":-1,"_34":-1,"_7":-1,"_2":-1,"_16":-1,"_47":-1,"_32":-1,"_36":-1,"_1":-1,"_19":false,"_41":-1,"_10":-1,"_12":-1,"_15":-1,"_39":-1,"_35":-1,"_31":-1,"_29":-1,"_18":true,"_5":-1,"_11":-1,"_38":-1,"_14":-1,"_30":-1,"_4":-1},"doors":{"open":{"backright":false,"trunk2":false,"frontleft":false,"hood":false,"backleft":false,"frontright":false,"trunk":false},"broken":{"backright":false,"trunk2":false,"frontleft":true,"hood":true,"backleft":false,"frontright":true,"trunk":true}},"neon":{"color":{"g":255,"r":255,"b":255},"lights":{"left":true,"front":true,"right":true,"back":true}},"windows":{"broken":{"rear":false,"front":false},"rolled_down":{}},"wheels":{"bulletproof_tires":false,"invisible_wheels":false,"tire_smoke_color":{"g":255,"r":255,"b":255},"detached":{},"wheel_type":4,"tires_burst":{"_4":false,"_5":false,"_45":false,"_0":false,"_3":false,"_2":false,"_47":false,"_1":false}}}}