{"model":"sandking2","rotation":{"y":0,"z":0,"x":0},"name":"Dually Lgard","hash":989381445,"vehicle_attributes":{"paint":{"livery2_legacy":-1,"primary":{"color":-1,"paint_type":6,"custom_color":{},"vehicle_standard_color":3,"is_custom":false,"pearlescent_color":-1},"dirt_level":0.0,"secondary":{"color":-1,"paint_type":6,"is_custom":false,"custom_color":{},"vehicle_standard_color":2},"livery":-1,"dashboard_color":0,"interior_color":0,"livery_legacy":-1,"color_combo":2,"fade":0.294118,"extra_colors":{"wheel":156,"pearlescent":18},"vehicle_custom_color":{"r":41,"g":44,"b":46}},"extras":{"_1":true,"_2":true,"_13":false,"_0":false,"_12":true,"_10":false,"_11":true,"_6":false,"_5":false,"_4":false,"_14":false,"_7":false,"_8":false,"_9":false,"_3":true},"mods":{"_15":-1,"_2":-1,"_35":-1,"_0":-1,"_20":false,"_39":-1,"_6":-1,"_16":-1,"_4":-1,"_36":-1,"_8":-1,"_21":false,"_33":-1,"_13":-1,"_37":-1,"_22":false,"_34":-1,"_14":-1,"_38":-1,"_42":-1,"_25":-1,"_45":-1,"_30":-1,"_19":false,"_10":-1,"_29":-1,"_26":-1,"_41":-1,"_46":-1,"_3":-1,"_7":-1,"_11":-1,"_9":-1,"_31":-1,"_1":-1,"_43":-1,"_40":-1,"_23":-1,"_12":-1,"_27":-1,"_32":-1,"_47":-1,"_44":-1,"_49":-1,"_24":-1,"_17":false,"_28":-1,"_5":-1,"_48":-1,"_18":true},"wheels":{"bulletproof_tires":false,"tire_smoke_color":{"r":255,"g":255,"b":255},"wheel_type":4,"tires_burst":{"_1":false,"_5":false,"_4":false,"_0":false,"_3":false,"_2":false,"_45":false,"_47":false},"invisible_wheels":false,"detached":{}},"headlights":{"headlights_type":false,"multiplier":1,"headlights_color":255,"headlight_color":-1},"windows":{"rolled_down":{},"broken":{"front":false,"rear":false}},"doors":{"open":{"frontright":false,"trunk":false,"backright":false,"backleft":false,"trunk2":false,"hood":false,"frontleft":false},"broken":{"frontright":true,"trunk":true,"backright":false,"backleft":false,"trunk2":false,"hood":true,"frontleft":true}},"options":{"license_plate_text":"  TWIN  ","search_light":false,"license_plate_type":0,"engine_running":true,"window_tint":-1,"emergency_lights":false,"radio_loud":false,"siren":false,"bulletproof_tires":false},"neon":{"color":{"r":255,"g":255,"b":255},"lights":{"right":true,"back":true,"front":true,"left":true}}},"author":"TwinGTAV","offset":{"y":0,"z":0,"x":0},"initial_handle":245563,"blip_sprite":1,"world_rotation":{"y":1.953284,"z":67.250519,"x":0.417864},"type":"VEHICLE","blip_icon":1,"blip_color":2,"num_bones":77,"position":{"y":-186.878937,"z":54.004635,"x":165.919891},"target_version":"0.41","rotation_order":2,"version":"Constructor 0.42 / 0.41 / 0.42","options":{"is_mission_entity":true,"is_on_fire":false,"is_bullet_proof":true,"is_melee_proof":true,"is_visible":true,"is_attached":false,"has_siren":true,"is_networked":true,"is_fire_proof":true,"object_tint":0,"bone_index":0,"alpha":0,"spawn_mode":1,"max_health":1000,"has_gravity":true,"is_light_on":true,"is_driver_visible":true,"gravity":0.0,"is_invincible":true,"siren_status":3,"is_dynamic":true,"has_collision":true,"is_frozen":false,"lod_distance":16960,"use_soft_pinning":true,"weight":0.0,"is_explosion_proof":true,"health":1000,"buoyancy":0.0},"children":[{"model":"prop_stockade_wheel","target_version":"0.41","name":"prop_stockade_wheel","hash":3404504017,"options":{"buoyancy":0.0,"health":1000,"is_visible":true,"is_fire_proof":false,"is_bullet_proof":false,"is_networked":true,"bone_index":50,"is_melee_proof":false,"is_attached":true,"alpha":255,"spawn_mode":1,"use_soft_pinning":true,"has_gravity":true,"is_light_on":true,"is_mission_entity":true,"gravity":0.0,"is_invincible":false,"has_collision":false,"is_dynamic":false,"weight":0.0,"is_frozen":true,"max_health":1000,"object_tint":0,"lod_distance":16960,"is_driver_visible":true,"is_explosion_proof":false,"is_on_fire":false},"num_bones":0,"position":{"y":-186.991913,"z":53.85265,"x":163.722946},"offset":{"y":0,"z":0,"x":0.15},"initial_handle":191042,"parents_initial_handle":245563,"rotation":{"y":0,"z":0,"x":0},"children":[{"model":"imp_prop_impexp_wheel_01a","created":"2023-12-02T01:49:56Z","name":"imp_prop_impexp_wheel_01a","hash":1916814927,"options":{"buoyancy":0.0,"is_visible":true,"is_bullet_proof":false,"is_networked":true,"is_attached":true,"is_explosion_proof":false,"alpha":255,"spawn_mode":1,"is_mission_entity":true,"has_gravity":true,"is_light_on":true,"has_collision":false,"gravity":0.0,"is_invincible":true,"is_fire_proof":false,"is_dynamic":true,"weight":0.0,"is_frozen":false,"use_soft_pinning":true,"lod_distance":16960,"object_tint":0,"is_driver_visible":true,"is_melee_proof":false,"bone_index":0},"author":"TwinGTAV","offset":{"y":0.0,"z":0,"x":-0.04},"world_rotation":{"y":-179.807205,"z":-22.741892,"x":-1.040324},"type":"OBJECT","blip_icon":1,"blip_color":2,"num_bones":0,"target_version":"0.41","version":"Constructor 0.42 / 0.41 / 0.42","rotation_order":2,"children":{},"rotation":{"y":0.0,"z":-90.0,"x":0},"position":{"y":-187.028793,"z":53.853374,"x":163.707489}}],"world_rotation":{"y":178.959656,"z":-112.745377,"x":-0.192756},"type":"OBJECT","rotation_order":2},{"model":"prop_stockade_wheel","target_version":"0.41","name":"prop_stockade_wheel","hash":3404504017,"options":{"buoyancy":0.0,"health":1000,"is_visible":true,"is_fire_proof":false,"is_bullet_proof":false,"is_networked":true,"bone_index":47,"is_melee_proof":false,"is_attached":true,"alpha":255,"spawn_mode":1,"use_soft_pinning":true,"has_gravity":true,"is_light_on":true,"is_mission_entity":true,"gravity":0.0,"is_invincible":false,"has_collision":false,"is_dynamic":false,"weight":0.0,"is_frozen":true,"max_health":1000,"object_tint":0,"lod_distance":16960,"is_driver_visible":true,"is_explosion_proof":false,"is_on_fire":false},"num_bones":0,"position":{"y":-185.245285,"z":53.784195,"x":164.454803},"offset":{"y":0,"z":0,"x":0.15},"initial_handle":676419,"parents_initial_handle":245563,"rotation":{"y":0,"z":0,"x":0},"children":[{"model":"imp_prop_impexp_wheel_01a","created":"2023-12-02T01:49:56Z","name":"imp_prop_impexp_wheel_01a","hash":1916814927,"options":{"is_mission_entity":true,"is_visible":true,"is_bullet_proof":false,"is_networked":true,"is_fire_proof":false,"is_explosion_proof":false,"alpha":255,"spawn_mode":1,"is_attached":true,"has_gravity":true,"is_light_on":true,"buoyancy":0.0,"gravity":0.0,"is_invincible":true,"is_driver_visible":true,"is_dynamic":true,"has_collision":false,"is_frozen":false,"use_soft_pinning":true,"lod_distance":16960,"object_tint":0,"weight":0.0,"is_melee_proof":false,"bone_index":0},"author":"TwinGTAV","offset":{"y":0.0,"z":0,"x":-0.04},"world_rotation":{"y":69.580482,"z":157.273163,"x":3.100295},"type":"OBJECT","blip_icon":1,"blip_color":2,"num_bones":0,"target_version":"0.41","version":"Constructor 0.42 / 0.41 / 0.42","rotation_order":2,"children":{},"rotation":{"y":0.0,"z":-90.0,"x":0},"position":{"y":-185.20845,"z":53.782032,"x":164.47023}}],"world_rotation":{"y":-8.824355,"z":-104.460991,"x":69.356384},"type":"OBJECT","rotation_order":2},{"model":"prop_stockade_wheel","target_version":"0.41","name":"prop_stockade_wheel","hash":3404504017,"options":{"buoyancy":0.0,"health":1000,"is_visible":true,"is_fire_proof":false,"is_bullet_proof":false,"is_networked":true,"bone_index":48,"is_melee_proof":false,"is_attached":true,"alpha":255,"spawn_mode":1,"use_soft_pinning":true,"has_gravity":true,"is_light_on":true,"is_mission_entity":true,"gravity":0.0,"is_invincible":false,"has_collision":false,"is_dynamic":false,"weight":0.0,"is_frozen":true,"max_health":1000,"object_tint":0,"lod_distance":16960,"is_driver_visible":true,"is_explosion_proof":false,"is_on_fire":false},"num_bones":0,"position":{"y":-187.01445,"z":53.771137,"x":168.002762},"offset":{"y":0,"z":0,"x":0.41},"initial_handle":459332,"parents_initial_handle":245563,"rotation":{"y":0,"z":0,"x":0},"children":[{"model":"prop_stockade_wheel","target_version":"0.41","name":"prop_stockade_wheel","hash":3404504017,"options":{"buoyancy":0.0,"health":1000,"is_visible":true,"is_fire_proof":false,"is_bullet_proof":false,"is_networked":true,"bone_index":0,"is_melee_proof":false,"is_attached":true,"alpha":255,"spawn_mode":1,"use_soft_pinning":true,"has_gravity":true,"is_light_on":true,"is_mission_entity":true,"gravity":0.0,"is_invincible":false,"has_collision":false,"is_dynamic":false,"weight":0.0,"is_frozen":true,"max_health":1000,"object_tint":0,"lod_distance":16960,"is_driver_visible":true,"is_explosion_proof":false,"is_on_fire":false},"num_bones":0,"position":{"y":-186.701263,"z":53.753807,"x":168.133957},"offset":{"y":0,"z":0,"x":-0.34},"initial_handle":607554,"parents_initial_handle":459332,"rotation":{"y":0,"z":0,"x":0},"children":[{"model":"imp_prop_impexp_wheel_01a","created":"2023-12-02T01:49:56Z","name":"imp_prop_impexp_wheel_01a","hash":1916814927,"options":{"is_mission_entity":true,"is_visible":true,"is_bullet_proof":false,"is_networked":true,"is_fire_proof":false,"is_explosion_proof":false,"alpha":255,"spawn_mode":1,"is_attached":true,"has_gravity":true,"is_light_on":true,"buoyancy":0.0,"gravity":0.0,"is_invincible":true,"is_driver_visible":true,"is_dynamic":true,"has_collision":false,"is_frozen":false,"use_soft_pinning":true,"lod_distance":16960,"object_tint":0,"weight":0.0,"is_melee_proof":false,"bone_index":0},"author":"TwinGTAV","offset":{"y":0.0,"z":0,"x":-0.04},"world_rotation":{"y":107.625107,"z":157.271851,"x":2.921875},"type":"OBJECT","blip_icon":1,"blip_color":2,"num_bones":0,"target_version":"0.41","version":"Constructor 0.42 / 0.41 / 0.42","rotation_order":2,"children":{},"rotation":{"y":0.0,"z":-90.0,"x":0},"position":{"y":-186.664413,"z":53.751766,"x":168.149399}}],"world_rotation":{"y":-170.431686,"z":58.156612,"x":72.141937},"type":"OBJECT","rotation_order":2}],"world_rotation":{"y":-170.431686,"z":58.156612,"x":72.141937},"type":"OBJECT","rotation_order":2},{"model":"prop_stockade_wheel","target_version":"0.41","name":"prop_stockade_wheel","hash":3404504017,"options":{"buoyancy":0.0,"health":1000,"is_visible":true,"is_fire_proof":false,"is_bullet_proof":false,"is_networked":true,"bone_index":49,"is_melee_proof":false,"is_attached":true,"alpha":255,"spawn_mode":1,"use_soft_pinning":true,"has_gravity":true,"is_light_on":true,"is_mission_entity":true,"gravity":0.0,"is_invincible":false,"has_collision":false,"is_dynamic":false,"weight":0.0,"is_frozen":true,"max_health":1000,"object_tint":0,"lod_distance":16960,"is_driver_visible":true,"is_explosion_proof":false,"is_on_fire":false},"num_bones":0,"position":{"y":-188.281982,"z":53.816532,"x":167.471603},"offset":{"y":0,"z":0,"x":0.41},"initial_handle":264771,"parents_initial_handle":245563,"rotation":{"y":0,"z":0,"x":0},"children":[{"model":"prop_stockade_wheel","target_version":"0.41","name":"prop_stockade_wheel","hash":3404504017,"options":{"buoyancy":0.0,"health":1000,"is_visible":true,"is_fire_proof":false,"is_bullet_proof":false,"is_networked":true,"bone_index":0,"is_melee_proof":false,"is_attached":true,"alpha":255,"spawn_mode":1,"use_soft_pinning":true,"has_gravity":true,"is_light_on":true,"is_mission_entity":true,"gravity":0.0,"is_invincible":false,"has_collision":false,"is_dynamic":false,"weight":0.0,"is_frozen":true,"max_health":1000,"object_tint":0,"lod_distance":16960,"is_driver_visible":true,"is_explosion_proof":false,"is_on_fire":false},"num_bones":0,"position":{"y":-188.595505,"z":53.821648,"x":167.340179},"offset":{"y":0,"z":0,"x":-0.34},"initial_handle":475459,"parents_initial_handle":264771,"rotation":{"y":0,"z":0,"x":0},"children":[{"model":"imp_prop_impexp_wheel_01a","created":"2023-12-02T01:49:56Z","name":"imp_prop_impexp_wheel_01a","hash":1916814927,"options":{"is_mission_entity":true,"is_visible":true,"is_bullet_proof":false,"is_networked":true,"is_fire_proof":false,"is_explosion_proof":false,"alpha":255,"spawn_mode":1,"is_attached":true,"has_gravity":true,"is_light_on":true,"buoyancy":0.0,"gravity":0.0,"is_invincible":true,"is_driver_visible":true,"is_dynamic":true,"has_collision":false,"is_frozen":false,"use_soft_pinning":true,"lod_distance":16960,"object_tint":0,"weight":0.0,"is_melee_proof":false,"bone_index":0},"author":"TwinGTAV","offset":{"y":0.0,"z":0,"x":-0.04},"world_rotation":{"y":14.10899,"z":-22.743177,"x":-0.861904},"type":"OBJECT","blip_icon":1,"blip_color":2,"num_bones":0,"target_version":"0.41","version":"Constructor 0.42 / 0.41 / 0.42","rotation_order":2,"children":{},"rotation":{"y":0.0,"z":-90.0,"x":0},"position":{"y":-188.632385,"z":53.82225,"x":167.324722}}],"world_rotation":{"y":0.88871,"z":67.040176,"x":14.107362},"type":"OBJECT","rotation_order":2}],"world_rotation":{"y":0.88871,"z":67.040176,"x":14.107362},"type":"OBJECT","rotation_order":2},{"model":"LGUARD","created":"2023-12-02T01:45:30Z","name":"LGUARD","hash":469291905,"vehicle_attributes":{"paint":{"livery2_legacy":-1,"primary":{"color":-1,"paint_type":7,"custom_color":{},"vehicle_standard_color":111,"is_custom":false,"pearlescent_color":-1},"dirt_level":0.0,"secondary":{"color":-1,"paint_type":7,"is_custom":false,"custom_color":{},"vehicle_standard_color":111},"livery":-1,"dashboard_color":0,"interior_color":0,"livery_legacy":-1,"color_combo":0,"fade":0.019608,"extra_colors":{"wheel":111,"pearlescent":91},"vehicle_custom_color":{"r":240,"g":240,"b":240}},"extras":{"_1":false,"_11":true,"_10":true,"_12":true},"mods":{"_15":-1,"_2":-1,"_35":-1,"_0":-1,"_20":false,"_39":-1,"_6":-1,"_16":4,"_4":-1,"_36":-1,"_8":-1,"_21":false,"_33":-1,"_13":2,"_37":-1,"_22":true,"_34":-1,"_14":1,"_38":-1,"_42":-1,"_25":-1,"_45":-1,"_30":-1,"_19":false,"_10":-1,"_29":-1,"_26":-1,"_41":-1,"_46":-1,"_3":-1,"_7":-1,"_11":3,"_18":true,"_31":-1,"_9":-1,"_43":-1,"_40":-1,"_23":-1,"_12":2,"_27":-1,"_32":-1,"_47":-1,"_44":-1,"_49":-1,"_24":-1,"_17":false,"_28":-1,"_5":-1,"_48":-1,"_1":-1},"wheels":{"bulletproof_tires":false,"tire_smoke_color":{"r":255,"g":255,"b":255},"wheel_type":3,"tires_burst":{},"invisible_wheels":true,"detached":{"_1":true,"_5":true,"_4":true,"_0":true,"_3":true,"_2":true}},"headlights":{"headlight_color":-1,"headlights_color":6,"headlights_type":true},"windows":{"rolled_down":{},"broken":{"front":false,"rear":false}},"doors":{"open":{"frontright":false,"trunk":false,"hood":false,"trunk2":false,"backleft":false,"backright":false,"frontleft":false},"broken":{}},"options":{"license_plate_text":"  TWIN  ","search_light":false,"license_plate_type":5,"engine_running":false,"window_tint":1,"emergency_lights":true,"radio_loud":false,"siren":false,"bulletproof_tires":true},"neon":{"color":{"r":255,"g":255,"b":0},"lights":{"right":true,"back":true,"front":true,"left":true}}},"author":"TwinGTAV","offset":{"y":0,"z":0.58,"x":0},"blip_sprite":1,"children":[{"model":"imp_prop_impexp_radiator_04","created":"2023-11-29T23:05:51Z","name":"imp_prop_impexp_radiator_04","hash":3481439166,"options":{"health":1000,"has_gravity":true,"is_explosion_proof":false,"is_melee_proof":false,"is_bullet_proof":false,"is_networked":true,"bone_index":0,"is_attached":true,"is_fire_proof":false,"alpha":255,"spawn_mode":1,"use_soft_pinning":true,"is_on_fire":false,"is_light_on":true,"max_health":1000,"gravity":0.0,"is_invincible":false,"is_driver_visible":true,"is_dynamic":false,"weight":0.0,"is_frozen":true,"has_collision":false,"object_tint":0,"lod_distance":16960,"is_visible":true,"buoyancy":0.0,"is_mission_entity":true},"author":"TwinGTAV","offset":{"y":2.56,"z":0.28,"x":0},"parents_initial_handle":261384,"world_rotation":{"y":4.308003,"z":71.105286,"x":-63.016407},"type":"OBJECT","blip_icon":1,"blip_color":2,"num_bones":0,"initial_handle":655114,"rotation_order":2,"version":"Constructor 0.42 / 0.41 / 0.42","rotation":{"y":0,"z":0,"x":-63.5},"target_version":"0.41","children":{},"position":{"y":-185.864395,"z":54.882782,"x":163.576233}},{"model":"imp_prop_impexp_front_bars_01a","created":"2023-11-28T02:37:17Z","name":"Bull Bar1","hash":"4238628018","options":{"is_mission_entity":true,"is_visible":true,"is_bullet_proof":true,"is_networked":true,"is_attached":true,"bone_index":0,"alpha":255,"spawn_mode":1,"buoyancy":0.0,"has_gravity":true,"is_light_on":true,"is_explosion_proof":true,"gravity":0.0,"is_invincible":true,"is_driver_visible":true,"is_dynamic":true,"weight":0.0,"is_frozen":false,"lod_distance":16960,"object_tint":0,"use_soft_pinning":true,"has_collision":false,"is_melee_proof":true,"is_fire_proof":true},"author":"TwinGTAV","offset":{"y":2.64,"z":0.2,"x":0},"world_rotation":{"y":1.953284,"z":67.250519,"x":0.417864},"type":"OBJECT","blip_icon":1,"blip_color":2,"position":{"y":-185.835739,"z":54.803413,"x":163.50087},"target_version":"0.41","version":"Constructor 0.42 / 0.41 / 0.42","rotation_order":2,"children":{},"rotation":{"y":0,"z":0,"x":0},"num_bones":0},{"model":"imp_prop_impexp_front_bars_02a","created":"2023-11-28T02:38:10Z","name":"Bull Bar3","hash":"1398111895","options":{"is_mission_entity":true,"is_visible":true,"is_bullet_proof":true,"is_networked":true,"is_attached":true,"bone_index":0,"alpha":255,"spawn_mode":1,"buoyancy":0.0,"has_gravity":true,"is_light_on":true,"is_explosion_proof":true,"gravity":0.0,"is_invincible":true,"is_driver_visible":true,"is_dynamic":true,"weight":0.0,"is_frozen":false,"lod_distance":16960,"object_tint":0,"use_soft_pinning":true,"has_collision":false,"is_melee_proof":true,"is_fire_proof":true},"author":"TwinGTAV","offset":{"y":2.47,"z":-0.06,"x":0},"world_rotation":{"y":-178.016144,"z":67.611992,"x":-10.075974},"type":"OBJECT","blip_icon":1,"blip_color":2,"position":{"y":-185.90892,"z":54.542332,"x":163.652466},"target_version":"0.41","version":"Constructor 0.42 / 0.41 / 0.42","rotation_order":2,"children":[{"model":"imp_prop_impexp_rear_bars_01b","created":"2023-11-28T02:41:07Z","name":"Headache Rack 2","hash":"3505315666","options":{"is_mission_entity":true,"is_visible":true,"is_bullet_proof":true,"is_networked":true,"is_attached":true,"bone_index":0,"alpha":255,"spawn_mode":1,"buoyancy":0.0,"has_gravity":true,"is_light_on":true,"is_explosion_proof":true,"gravity":0.0,"is_invincible":true,"is_driver_visible":true,"is_dynamic":true,"weight":0.0,"is_frozen":false,"lod_distance":16960,"object_tint":0,"use_soft_pinning":true,"has_collision":false,"is_melee_proof":true,"is_fire_proof":true},"author":"TwinGTAV","offset":{"y":-5.3,"z":0.45,"x":0},"world_rotation":{"y":2.644941,"z":65.481003,"x":42.387707},"type":"OBJECT","blip_icon":1,"blip_color":2,"position":{"y":-187.940811,"z":55.026794,"x":168.54422},"target_version":"0.41","version":"Constructor 0.42 / 0.41 / 0.42","rotation_order":2,"children":{},"rotation":{"y":0.0,"z":180.0,"x":-127.5},"num_bones":0}],"rotation":{"y":180.0,"z":0,"x":-10.5},"num_bones":0},{"model":"prop_beach_lg_surf","target_version":"0.41","name":"prop_beach_lg_surf","hash":-418873017,"options":{"is_mission_entity":true,"is_visible":true,"is_bullet_proof":true,"is_networked":true,"is_fire_proof":true,"is_explosion_proof":true,"alpha":255,"spawn_mode":1,"is_attached":true,"has_gravity":true,"is_light_on":true,"buoyancy":0.0,"gravity":0.0,"is_invincible":true,"is_driver_visible":true,"is_dynamic":true,"has_collision":false,"is_frozen":false,"use_soft_pinning":true,"lod_distance":16960,"object_tint":0,"weight":0.0,"is_melee_proof":true,"bone_index":0},"num_bones":0,"position":{"y":-186.986557,"z":56.050251,"x":166.357239},"offset":{"y":-0.43,"z":1.47,"x":0},"rotation":{"y":0,"z":0,"x":0.0},"world_rotation":{"y":1.953284,"z":67.250519,"x":0.417864},"blip_color":2,"children":{},"blip_icon":1,"type":"OBJECT","rotation_order":2},{"model":"ch_prop_arcade_race_car_01a","created":"2023-11-28T02:31:26Z","name":"Arcade Car1","hash":"535457934","options":{"buoyancy":0.0,"is_explosion_proof":true,"is_bullet_proof":true,"is_networked":true,"bone_index":0,"is_driver_visible":true,"alpha":255,"spawn_mode":1,"is_attached":true,"has_gravity":true,"is_light_on":true,"weight":0.0,"gravity":0.0,"is_invincible":true,"is_fire_proof":true,"is_dynamic":true,"has_collision":false,"is_frozen":false,"use_soft_pinning":true,"lod_distance":16960,"object_tint":15,"is_visible":true,"is_melee_proof":true,"is_mission_entity":true},"author":"TwinGTAV","offset":{"y":-1.69,"z":1.19,"x":0.0},"world_rotation":{"y":-178.046692,"z":67.250519,"x":0.417864},"type":"OBJECT","blip_icon":1,"blip_color":2,"num_bones":5,"rotation":{"y":180.0,"z":0,"x":0.0},"version":"Constructor 0.42 / 0.41 / 0.42","rotation_order":2,"children":{},"target_version":"0.41","position":{"y":-187.481796,"z":55.761234,"x":167.513611}},{"model":"ch_prop_arcade_race_bike_02a","created":"2023-11-28T02:33:56Z","name":"Arcade Bike","hash":"852473920","options":{"is_mission_entity":true,"is_explosion_proof":true,"is_bullet_proof":true,"is_networked":true,"bone_index":0,"is_visible":true,"alpha":255,"spawn_mode":1,"is_attached":true,"has_gravity":true,"is_light_on":true,"weight":0.0,"gravity":0.0,"is_invincible":true,"is_fire_proof":true,"is_dynamic":true,"is_driver_visible":true,"is_frozen":false,"use_soft_pinning":true,"lod_distance":16960,"object_tint":0,"has_collision":false,"is_melee_proof":true,"buoyancy":0.0},"author":"TwinGTAV","offset":{"y":-1.81,"z":0.44,"x":0.35},"world_rotation":{"y":-178.046692,"z":67.250519,"x":0.417864},"type":"OBJECT","blip_icon":1,"blip_color":2,"num_bones":3,"target_version":"0.41","version":"Constructor 0.42 / 0.41 / 0.42","rotation_order":2,"children":{},"rotation":{"y":180.0,"z":0,"x":0.0},"position":{"y":-187.227036,"z":54.998886,"x":167.744537}},{"model":"ch_prop_arcade_race_bike_02a","created":"2023-11-28T02:33:56Z","name":"Arcade Bike","hash":"852473920","options":{"is_mission_entity":true,"is_explosion_proof":true,"is_bullet_proof":true,"is_networked":true,"bone_index":0,"is_driver_visible":true,"alpha":255,"spawn_mode":1,"is_visible":true,"has_gravity":true,"is_light_on":true,"buoyancy":0.0,"gravity":0.0,"is_invincible":true,"weight":0.0,"is_dynamic":true,"has_collision":false,"is_frozen":false,"use_soft_pinning":true,"lod_distance":16960,"is_fire_proof":true,"is_melee_proof":true,"is_attached":true,"object_tint":0},"author":"TwinGTAV","offset":{"y":-1.81,"z":0.44,"x":-0.35},"world_rotation":{"y":-178.046692,"z":67.250519,"x":0.417864},"type":"OBJECT","blip_icon":1,"blip_color":2,"position":{"y":-187.872269,"z":55.022743,"x":167.474152},"target_version":"0.41","version":"Constructor 0.42 / 0.41 / 0.42","rotation_order":2,"children":{},"rotation":{"y":180.0,"z":0,"x":0.0},"num_bones":3},{"model":"ch_prop_arcade_race_car_01a","created":"2023-11-28T02:31:26Z","name":"Arcade Car1","hash":"535457934","options":{"is_mission_entity":true,"is_visible":true,"is_bullet_proof":true,"is_melee_proof":true,"is_fire_proof":true,"is_attached":true,"alpha":255,"spawn_mode":1,"buoyancy":0.0,"has_gravity":true,"is_light_on":true,"is_explosion_proof":true,"gravity":0.0,"is_invincible":true,"bone_index":0,"is_dynamic":true,"is_driver_visible":true,"is_frozen":false,"lod_distance":16960,"object_tint":15,"use_soft_pinning":true,"has_collision":false,"weight":0.0,"is_networked":true},"author":"TwinGTAV","offset":{"y":-0.88,"z":1.19,"x":0.0},"world_rotation":{"y":178.046707,"z":-112.749466,"x":-0.417864},"type":"OBJECT","blip_icon":1,"blip_color":2,"position":{"y":-187.168579,"z":55.767139,"x":166.766647},"target_version":"0.41","version":"Constructor 0.42 / 0.41 / 0.42","rotation_order":2,"children":{},"rotation":{"y":180.0,"z":180.0,"x":0.0},"num_bones":5},{"model":"ch_prop_arcade_race_bike_02a","created":"2023-11-28T02:33:56Z","name":"Arcade Bike","hash":"852473920","options":{"is_mission_entity":true,"is_explosion_proof":true,"is_bullet_proof":true,"is_networked":true,"bone_index":0,"is_visible":true,"alpha":255,"spawn_mode":1,"is_attached":true,"has_gravity":true,"is_light_on":true,"weight":0.0,"gravity":0.0,"is_invincible":true,"is_fire_proof":true,"is_dynamic":true,"is_driver_visible":true,"is_frozen":false,"use_soft_pinning":true,"lod_distance":16960,"object_tint":0,"has_collision":false,"is_melee_proof":true,"buoyancy":0.0},"author":"TwinGTAV","offset":{"y":1.49,"z":-0.14,"x":-0.05},"world_rotation":{"y":88.0467,"z":-112.749458,"x":-0.417868},"type":"OBJECT","blip_icon":1,"blip_color":2,"num_bones":3,"target_version":"0.41","version":"Constructor 0.42 / 0.41 / 0.42","rotation_order":2,"children":{},"rotation":{"y":90.0,"z":180.0,"x":0.0},"position":{"y":-186.336258,"z":54.45694,"x":164.535294}},{"model":"ch_prop_arcade_race_bike_02a","created":"2023-11-28T02:33:56Z","name":"Arcade Bike","hash":"852473920","options":{"is_mission_entity":true,"is_visible":true,"is_bullet_proof":true,"is_networked":true,"is_attached":true,"bone_index":0,"alpha":255,"spawn_mode":1,"buoyancy":0.0,"has_gravity":true,"is_light_on":true,"is_explosion_proof":true,"gravity":0.0,"is_invincible":true,"weight":0.0,"is_dynamic":true,"has_collision":false,"is_frozen":false,"lod_distance":16960,"object_tint":0,"is_driver_visible":true,"use_soft_pinning":true,"is_melee_proof":true,"is_fire_proof":true},"author":"TwinGTAV","offset":{"y":1.49,"z":-0.14,"x":0.05},"world_rotation":{"y":-91.953278,"z":-112.749466,"x":-0.417868},"type":"OBJECT","blip_icon":1,"blip_color":2,"position":{"y":-186.24408,"z":54.453529,"x":164.573914},"target_version":"0.41","version":"Constructor 0.42 / 0.41 / 0.42","rotation_order":2,"children":{},"rotation":{"y":-90.0,"z":180.0,"x":0.0},"num_bones":3},{"model":"ch_prop_arcade_race_bike_02a","created":"2023-11-28T02:33:56Z","name":"Arcade Bike","hash":"852473920","options":{"is_mission_entity":true,"is_explosion_proof":true,"is_bullet_proof":true,"is_networked":true,"bone_index":0,"is_visible":true,"alpha":255,"spawn_mode":1,"is_attached":true,"has_gravity":true,"is_light_on":true,"weight":0.0,"gravity":0.0,"is_invincible":true,"is_fire_proof":true,"is_dynamic":true,"is_driver_visible":true,"is_frozen":false,"use_soft_pinning":true,"lod_distance":16960,"object_tint":0,"has_collision":false,"is_melee_proof":true,"buoyancy":0.0},"author":"TwinGTAV","offset":{"y":1.32,"z":0.36,"x":0.17},"world_rotation":{"y":-91.953278,"z":-112.749466,"x":-0.417868},"type":"OBJECT","blip_icon":1,"blip_color":2,"num_bones":3,"target_version":"0.41","version":"Constructor 0.42 / 0.41 / 0.42","rotation_order":2,"children":{},"rotation":{"y":-90.0,"z":180.0,"x":0.0},"position":{"y":-186.184906,"z":54.947895,"x":164.786987}},{"model":"ch_prop_arcade_race_bike_02a","created":"2023-11-28T02:33:56Z","name":"Arcade Bike","hash":"852473920","options":{"is_mission_entity":true,"is_explosion_proof":true,"is_bullet_proof":true,"is_networked":true,"bone_index":0,"is_driver_visible":true,"alpha":255,"spawn_mode":1,"is_visible":true,"has_gravity":true,"is_light_on":true,"buoyancy":0.0,"gravity":0.0,"is_invincible":true,"weight":0.0,"is_dynamic":true,"has_collision":false,"is_frozen":false,"use_soft_pinning":true,"lod_distance":16960,"is_fire_proof":true,"is_melee_proof":true,"is_attached":true,"object_tint":0},"author":"TwinGTAV","offset":{"y":1.32,"z":0.36,"x":-0.17},"world_rotation":{"y":88.0467,"z":-112.749458,"x":-0.417868},"type":"OBJECT","blip_icon":1,"blip_color":2,"num_bones":3,"rotation":{"y":90.0,"z":180.0,"x":0.0},"version":"Constructor 0.42 / 0.41 / 0.42","rotation_order":2,"children":{},"target_version":"0.41","position":{"y":-186.498306,"z":54.959484,"x":164.65567}},{"model":"ch_prop_arcade_race_truck_01b","created":"2023-11-28T02:33:32Z","name":"Arcade Car4","hash":"854126185","options":{"is_mission_entity":true,"is_explosion_proof":false,"is_bullet_proof":false,"is_networked":true,"bone_index":0,"is_visible":true,"alpha":255,"spawn_mode":1,"is_attached":true,"has_gravity":true,"is_light_on":true,"weight":0.0,"gravity":0.0,"is_invincible":true,"is_fire_proof":false,"is_dynamic":true,"is_driver_visible":true,"is_frozen":false,"use_soft_pinning":true,"lod_distance":16960,"object_tint":0,"has_collision":false,"is_melee_proof":false,"buoyancy":0.0},"author":"TwinGTAV","offset":{"y":-1.95,"z":-0.26,"x":0},"world_rotation":{"y":1.953284,"z":67.250519,"x":0.417864},"type":"OBJECT","blip_icon":1,"blip_color":2,"position":{"y":-187.623825,"z":54.310219,"x":167.724518},"rotation":{"y":0,"z":0,"x":0},"version":"Constructor 0.42 / 0.41 / 0.42","rotation_order":2,"children":{},"target_version":"0.41","num_bones":4}],"type":"VEHICLE","blip_icon":1,"blip_color":2,"num_bones":81,"target_version":"0.41","world_rotation":{"y":1.953284,"z":67.250519,"x":0.417864},"rotation_order":2,"version":"Constructor 0.42 / 0.41 / 0.42","blip_handle":212271164,"rotation":{"y":0,"z":0,"x":0},"options":{"is_mission_entity":true,"is_visible":true,"is_explosion_proof":false,"has_siren":true,"is_melee_proof":false,"is_fire_proof":false,"is_bullet_proof":false,"is_attached":true,"alpha":255,"spawn_mode":1,"buoyancy":0.0,"has_gravity":true,"is_light_on":true,"object_tint":0,"gravity":0.0,"is_invincible":true,"siren_status":3,"is_dynamic":true,"has_collision":true,"is_frozen":false,"bone_index":0,"use_soft_pinning":true,"is_driver_visible":true,"weight":0.0,"lod_distance":16960,"is_networked":true},"position":{"y":-186.862335,"z":54.584282,"x":165.931442}},{"model":"prop_fncsec_02pole","rotation":{"y":450,"z":0,"x":360},"name":"Truck Lift Kit","hash":2004077130,"options":{"buoyancy":0.0,"max_health":1000,"is_explosion_proof":false,"is_melee_proof":false,"is_bullet_proof":false,"is_networked":true,"bone_index":0,"has_gravity":true,"health":1000,"alpha":255,"spawn_mode":1,"lod_distance":16960,"is_on_fire":false,"is_light_on":true,"is_driver_visible":true,"gravity":0.0,"is_invincible":false,"weight":0.0,"is_dynamic":false,"has_collision":false,"is_frozen":true,"is_mission_entity":true,"object_tint":1,"is_fire_proof":false,"is_attached":true,"is_visible":true,"use_soft_pinning":true},"author":"TwinGTAV","offset":{"y":-2.000001,"z":-0.2,"x":-1.0},"parents_initial_handle":245563,"children":[{"model":"imp_prop_impexp_diff_01","rotation":{"y":90.0,"z":-22.5,"x":1.5},"name":"imp_prop_impexp_diff_01","hash":-507191895,"options":{"buoyancy":0.0,"is_visible":true,"is_bullet_proof":false,"is_melee_proof":false,"is_attached":true,"bone_index":0,"alpha":255,"spawn_mode":1,"is_explosion_proof":false,"has_gravity":true,"is_light_on":true,"is_mission_entity":true,"gravity":0.0,"is_invincible":true,"has_collision":false,"is_dynamic":true,"is_driver_visible":true,"is_frozen":false,"lod_distance":16960,"use_soft_pinning":true,"object_tint":0,"weight":0.0,"is_fire_proof":false,"is_networked":true},"author":"TwinGTAV","offset":{"y":0.08,"z":0.99,"x":-0.1},"world_rotation":{"y":-178.500885,"z":66.438904,"x":-22.115587},"type":"OBJECT","blip_icon":1,"blip_color":2,"num_bones":0,"created":"2023-11-30T02:00:19Z","version":"Constructor 0.42 / 0.41 / 0.42","rotation_order":2,"children":[{"model":"prop_roofpipe_06","created":"2023-11-29T23:05:59Z","name":"prop_roofpipe_06","hash":2410906218,"options":{"buoyancy":0.0,"max_health":1000,"is_explosion_proof":false,"is_mission_entity":true,"is_bullet_proof":false,"is_networked":true,"is_fire_proof":false,"is_visible":true,"is_melee_proof":false,"alpha":255,"spawn_mode":1,"lod_distance":16960,"has_gravity":true,"is_light_on":true,"is_driver_visible":true,"gravity":0.0,"is_invincible":false,"weight":0.0,"is_dynamic":false,"has_collision":false,"is_frozen":true,"use_soft_pinning":true,"object_tint":0,"is_attached":true,"bone_index":0,"is_on_fire":false,"health":1000},"author":"TwinGTAV","offset":{"y":1.82,"z":-0.65,"x":0.04},"parents_initial_handle":261384,"world_rotation":{"y":-111.118652,"z":136.118576,"x":-88.890755},"type":"OBJECT","blip_icon":1,"blip_color":2,"rotation_order":2,"initial_handle":555280,"num_bones":0,"version":"Constructor 0.42 / 0.41 / 0.42","target_version":"0.41","rotation":{"y":-2.2,"z":0.9,"x":67.5},"children":{},"position":{"y":-186.882599,"z":53.808788,"x":165.905319}},{"model":"prop_roofpipe_06","created":"2023-11-29T23:05:59Z","name":"prop_roofpipe_06","hash":2410906218,"options":{"buoyancy":0.0,"is_on_fire":false,"is_explosion_proof":false,"is_melee_proof":false,"is_bullet_proof":false,"is_networked":true,"is_attached":true,"has_gravity":true,"health":1000,"alpha":255,"spawn_mode":1,"lod_distance":16960,"max_health":1000,"is_light_on":true,"is_driver_visible":true,"gravity":0.0,"is_invincible":false,"weight":0.0,"is_dynamic":false,"has_collision":false,"is_frozen":true,"is_mission_entity":true,"object_tint":0,"is_fire_proof":false,"bone_index":0,"is_visible":true,"use_soft_pinning":true},"author":"TwinGTAV","offset":{"y":3.58,"z":-1.375,"x":0.08},"parents_initial_handle":261384,"world_rotation":{"y":-111.118652,"z":136.118576,"x":-88.890755},"type":"OBJECT","blip_icon":1,"blip_color":2,"rotation_order":2,"initial_handle":555280,"rotation":{"y":-2.2,"z":0.9,"x":67.5},"version":"Constructor 0.42 / 0.41 / 0.42","num_bones":0,"target_version":"0.41","children":{},"position":{"y":-186.140884,"z":53.818588,"x":164.151871}},{"model":"prop_roofpipe_06","created":"2023-11-29T23:05:59Z","name":"prop_roofpipe_06","hash":2410906218,"options":{"is_mission_entity":true,"max_health":1000,"is_visible":true,"is_fire_proof":false,"is_bullet_proof":false,"is_networked":true,"bone_index":0,"health":1000,"is_explosion_proof":false,"alpha":255,"spawn_mode":1,"use_soft_pinning":true,"has_gravity":true,"is_light_on":true,"is_driver_visible":true,"gravity":0.0,"is_invincible":false,"weight":0.0,"is_dynamic":false,"has_collision":false,"is_frozen":true,"buoyancy":0.0,"object_tint":0,"is_attached":true,"lod_distance":16960,"is_melee_proof":false,"is_on_fire":false},"author":"TwinGTAV","offset":{"y":3.71,"z":-1.415,"x":-0.81},"parents_initial_handle":261384,"world_rotation":{"y":86.972656,"z":-113.528847,"x":-27.408556},"type":"OBJECT","blip_icon":1,"blip_color":2,"rotation_order":2,"initial_handle":555280,"num_bones":0,"version":"Constructor 0.42 / 0.41 / 0.42","target_version":"0.41","rotation":{"y":89.3,"z":-1.8,"x":130.5},"children":{},"position":{"y":-185.273743,"z":53.785118,"x":164.391769}}],"target_version":"0.41","position":{"y":-187.633453,"z":53.891033,"x":167.684631}},{"model":"prop_fncsec_02pole","rotation":{"y":-103.5,"z":90.0,"x":88.5},"name":"prop_fncsec_02pole1","hash":2004077130,"options":{"is_mission_entity":true,"has_gravity":true,"is_explosion_proof":false,"is_on_fire":false,"is_bullet_proof":false,"is_melee_proof":false,"bone_index":0,"is_networked":true,"health":1000,"alpha":255,"spawn_mode":1,"lod_distance":16960,"max_health":1000,"is_light_on":true,"weight":0.0,"gravity":0.0,"is_invincible":false,"is_driver_visible":true,"is_dynamic":false,"has_collision":false,"is_frozen":true,"is_visible":true,"object_tint":1,"is_fire_proof":false,"is_attached":true,"use_soft_pinning":true,"buoyancy":0.0},"author":"TwinGTAV","offset":{"y":4.05,"z":1.0,"x":0.0},"initial_handle":689508,"world_rotation":{"y":76.917885,"z":-22.74617,"x":-0.453254},"type":"OBJECT","blip_icon":1,"blip_color":2,"rotation_order":2,"created":"2023-12-02T15:58:18Z","target_version":"0.41","version":"Constructor 0.42 / 0.41 / 0.42","position":{"y":-186.091934,"z":53.819706,"x":164.025436},"children":{},"parents_initial_handle":8797,"num_bones":0},{"model":"prop_fncsec_02pole","rotation":{"y":-75.0,"z":90.0,"x":90.0},"name":"prop_fncsec_02pole1","hash":2004077130,"options":{"is_mission_entity":true,"buoyancy":0.0,"is_explosion_proof":false,"use_soft_pinning":true,"is_bullet_proof":false,"is_melee_proof":false,"bone_index":0,"is_attached":true,"is_fire_proof":false,"alpha":255,"spawn_mode":1,"object_tint":1,"is_on_fire":false,"is_light_on":true,"is_visible":true,"gravity":0.0,"is_invincible":false,"has_collision":false,"is_dynamic":false,"weight":0.0,"is_frozen":true,"is_driver_visible":true,"lod_distance":16960,"health":1000,"has_gravity":true,"is_networked":true,"max_health":1000},"author":"TwinGTAV","offset":{"y":2.11,"z":1.0,"x":-0.51},"initial_handle":689508,"world_rotation":{"y":105.418114,"z":-22.73521,"x":-1.953219},"type":"OBJECT","blip_icon":1,"blip_color":2,"num_bones":0,"parents_initial_handle":8797,"position":{"y":-186.82753,"z":54.315247,"x":165.824615},"version":"Constructor 0.42 / 0.41 / 0.42","target_version":"0.41","created":"2023-12-02T15:58:18Z","children":{},"rotation_order":2},{"model":"imp_prop_impexp_diff_01","rotation":{"y":90.0,"z":156.0,"x":0.0},"name":"imp_prop_impexp_diff_01","hash":-507191895,"options":{"buoyancy":0.0,"is_visible":true,"is_bullet_proof":false,"is_melee_proof":false,"is_attached":true,"is_networked":true,"alpha":255,"spawn_mode":1,"is_fire_proof":false,"has_gravity":true,"is_light_on":true,"weight":0.0,"gravity":0.0,"is_invincible":true,"object_tint":0,"is_dynamic":true,"has_collision":false,"is_frozen":false,"use_soft_pinning":true,"lod_distance":16960,"is_driver_visible":true,"bone_index":0,"is_explosion_proof":false,"is_mission_entity":true},"author":"TwinGTAV","offset":{"y":3.91,"z":0.98,"x":0.09},"world_rotation":{"y":-2.131042,"z":-111.882843,"x":23.567347},"type":"OBJECT","blip_icon":1,"blip_color":2,"position":{"y":-186.167084,"z":53.729424,"x":164.145035},"target_version":"0.41","version":"Constructor 0.42 / 0.41 / 0.42","num_bones":0,"children":{},"created":"2023-11-30T02:00:19Z","rotation_order":2}],"type":"OBJECT","blip_icon":1,"blip_color":2,"rotation_order":2,"created":"2023-12-02T16:11:29Z","world_rotation":{"y":91.95327,"z":67.250526,"x":0.417878},"version":"Constructor 0.42 / 0.41 / 0.42","target_version":"0.41","num_bones":0,"initial_handle":176983,"position":{"y":-188.579803,"z":53.824253,"x":167.374023}}],"created":"2023-11-28T23:08:24Z","blip_handle":94961727}