{"model":"sandking2","rotation":{"y":0,"z":0,"x":0},"name":"Dually Kamacho","hash":989381445,"vehicle_attributes":{"paint":{"livery2_legacy":-1,"primary":{"color":-1,"paint_type":6,"vehicle_standard_color":3,"custom_color":{},"is_custom":false,"pearlescent_color":-1},"dirt_level":0.0,"secondary":{"color":-1,"paint_type":6,"is_custom":false,"vehicle_standard_color":2,"custom_color":{}},"livery":-1,"extra_colors":{"wheel":156,"pearlescent":18},"interior_color":0,"livery_legacy":-1,"dashboard_color":0,"fade":0.294118,"color_combo":2,"vehicle_custom_color":{"r":41,"g":44,"b":46}},"windows":{"rolled_down":{},"broken":{"front":false,"rear":false}},"mods":{"_15":-1,"_2":-1,"_35":-1,"_0":-1,"_20":false,"_39":-1,"_6":-1,"_16":-1,"_4":-1,"_36":-1,"_8":-1,"_21":false,"_33":-1,"_13":-1,"_37":-1,"_22":false,"_34":-1,"_14":-1,"_38":-1,"_42":-1,"_25":-1,"_45":-1,"_30":-1,"_49":-1,"_10":-1,"_29":-1,"_26":-1,"_41":-1,"_46":-1,"_3":-1,"_7":-1,"_11":-1,"_9":-1,"_31":-1,"_19":false,"_43":-1,"_40":-1,"_23":-1,"_12":-1,"_27":-1,"_32":-1,"_47":-1,"_44":-1,"_5":-1,"_24":-1,"_18":true,"_28":-1,"_17":false,"_48":-1,"_1":-1},"wheels":{"detached":{},"tire_smoke_color":{"r":255,"g":255,"b":255},"tires_burst":{"_1":false,"_5":false,"_4":false,"_3":false,"_0":false,"_2":false,"_45":false,"_47":false},"wheel_type":4,"invisible_wheels":false,"bulletproof_tires":false},"headlights":{"headlights_type":false,"multiplier":1,"headlights_color":255,"headlight_color":-1},"options":{"window_tint":-1,"search_light":false,"license_plate_type":0,"engine_running":true,"radio_loud":false,"emergency_lights":false,"license_plate_text":"  TWIN  ","siren":false,"bulletproof_tires":false},"doors":{"broken":{"frontright":true,"hood":true,"trunk":true,"trunk2":false,"backleft":false,"backright":false,"frontleft":true},"open":{"frontright":false,"hood":false,"trunk":false,"trunk2":false,"backleft":false,"backright":false,"frontleft":false}},"extras":{"_1":true,"_2":true,"_13":false,"_0":false,"_12":true,"_10":false,"_14":false,"_6":false,"_5":false,"_4":false,"_3":true,"_7":false,"_8":false,"_9":false,"_11":true},"neon":{"color":{"r":255,"g":255,"b":255},"lights":{"right":true,"back":true,"front":true,"left":true}}},"author":"TwinGTAV","offset":{"y":0,"z":0,"x":0},"initial_handle":245563,"blip_sprite":1,"world_rotation":{"y":-0.812659,"z":-171.346939,"x":-2.323866},"type":"VEHICLE","blip_icon":1,"blip_color":2,"num_bones":77,"created":"2023-11-28T23:08:24Z","position":{"y":-204.86731,"z":54.058147,"x":158.674164},"blip_handle":97386553,"version":"Constructor 0.42 / 0.41 / 0.42","options":{"buoyancy":0.0,"has_gravity":true,"is_networked":true,"bone_index":0,"is_visible":true,"is_fire_proof":true,"has_siren":true,"is_melee_proof":true,"is_attached":false,"use_soft_pinning":true,"object_tint":0,"alpha":0,"spawn_mode":1,"is_driver_visible":true,"is_on_fire":false,"is_light_on":true,"weight":0.0,"gravity":0.0,"is_invincible":true,"siren_status":3,"is_dynamic":true,"has_collision":true,"is_frozen":false,"is_mission_entity":true,"lod_distance":16960,"is_bullet_proof":true,"is_explosion_proof":true,"health":1000,"max_health":1000},"children":[{"model":"prop_stockade_wheel","target_version":"0.41","name":"prop_stockade_wheel","hash":3404504017,"options":{"buoyancy":0.0,"max_health":1000,"is_explosion_proof":false,"health":1000,"is_bullet_proof":false,"is_networked":true,"is_fire_proof":false,"is_attached":true,"bone_index":50,"alpha":255,"spawn_mode":1,"lod_distance":16960,"has_gravity":true,"is_light_on":true,"is_on_fire":false,"gravity":0.0,"is_invincible":false,"weight":0.0,"is_dynamic":false,"has_collision":false,"is_frozen":true,"is_driver_visible":true,"object_tint":0,"is_melee_proof":false,"is_visible":true,"use_soft_pinning":true,"is_mission_entity":true},"num_bones":0,"rotation_order":2,"offset":{"y":0,"z":0,"x":0.15},"initial_handle":191042,"parents_initial_handle":245563,"rotation":{"y":0,"z":0,"x":0},"children":{},"world_rotation":{"y":-0.40076,"z":-171.038162,"x":48.01564},"type":"OBJECT","position":{"y":-206.675186,"z":53.80476,"x":159.905426}},{"model":"prop_stockade_wheel","target_version":"0.41","name":"prop_stockade_wheel","hash":3404504017,"options":{"buoyancy":0.0,"max_health":1000,"is_explosion_proof":false,"health":1000,"is_bullet_proof":false,"is_networked":true,"is_fire_proof":false,"is_attached":true,"bone_index":47,"alpha":255,"spawn_mode":1,"lod_distance":16960,"has_gravity":true,"is_light_on":true,"is_on_fire":false,"gravity":0.0,"is_invincible":false,"weight":0.0,"is_dynamic":false,"has_collision":false,"is_frozen":true,"is_driver_visible":true,"object_tint":0,"is_melee_proof":false,"is_visible":true,"use_soft_pinning":true,"is_mission_entity":true},"num_bones":0,"rotation_order":2,"offset":{"y":0,"z":0,"x":0.15},"initial_handle":676419,"parents_initial_handle":245563,"rotation":{"y":0,"z":0,"x":0},"children":{},"world_rotation":{"y":-170.595505,"z":-162.185593,"x":-78.977943},"type":"OBJECT","position":{"y":-206.959244,"z":53.779568,"x":158.032013}},{"model":"prop_stockade_wheel","target_version":"0.41","name":"prop_stockade_wheel","hash":3404504017,"options":{"buoyancy":0.0,"max_health":1000,"is_explosion_proof":false,"health":1000,"is_bullet_proof":false,"is_networked":true,"is_fire_proof":false,"is_attached":true,"bone_index":48,"alpha":255,"spawn_mode":1,"lod_distance":16960,"has_gravity":true,"is_light_on":true,"is_on_fire":false,"gravity":0.0,"is_invincible":false,"weight":0.0,"is_dynamic":false,"has_collision":false,"is_frozen":true,"is_driver_visible":true,"object_tint":0,"is_melee_proof":false,"is_visible":true,"use_soft_pinning":true,"is_mission_entity":true},"num_bones":0,"rotation_order":2,"offset":{"y":0.0,"z":0,"x":0.41},"initial_handle":459332,"parents_initial_handle":245563,"rotation":{"y":0,"z":0,"x":0},"children":[{"model":"prop_stockade_wheel","target_version":"0.41","name":"prop_stockade_wheel","hash":3404504017,"options":{"buoyancy":0.0,"max_health":1000,"is_explosion_proof":false,"health":1000,"is_bullet_proof":false,"is_networked":true,"is_fire_proof":false,"is_attached":true,"bone_index":0,"alpha":255,"spawn_mode":1,"lod_distance":16960,"has_gravity":true,"is_light_on":true,"is_on_fire":false,"gravity":0.0,"is_invincible":false,"weight":0.0,"is_dynamic":false,"has_collision":false,"is_frozen":true,"is_driver_visible":true,"object_tint":0,"is_melee_proof":false,"is_visible":true,"use_soft_pinning":true,"is_mission_entity":true},"num_bones":0,"rotation_order":2,"offset":{"y":0,"z":0,"x":-0.35},"initial_handle":607554,"parents_initial_handle":459332,"rotation":{"y":0,"z":0,"x":0},"children":{},"world_rotation":{"y":-179.157059,"z":-170.768906,"x":-45.570755},"type":"OBJECT","position":{"y":-203.062759,"z":53.879005,"x":157.34642}}],"world_rotation":{"y":-179.157059,"z":-170.768906,"x":-45.570755},"type":"OBJECT","position":{"y":-203.010254,"z":53.88261,"x":157.692444}},{"model":"prop_stockade_wheel","target_version":"0.41","name":"prop_stockade_wheel","hash":3404504017,"options":{"buoyancy":0.0,"max_health":1000,"is_explosion_proof":false,"health":1000,"is_bullet_proof":false,"is_networked":true,"is_fire_proof":false,"is_attached":true,"bone_index":49,"alpha":255,"spawn_mode":1,"lod_distance":16960,"has_gravity":true,"is_light_on":true,"is_on_fire":false,"gravity":0.0,"is_invincible":false,"weight":0.0,"is_dynamic":false,"has_collision":false,"is_frozen":true,"is_driver_visible":true,"object_tint":0,"is_melee_proof":false,"is_visible":true,"use_soft_pinning":true,"is_mission_entity":true},"num_bones":0,"rotation_order":2,"offset":{"y":0,"z":0,"x":0.41},"initial_handle":264771,"parents_initial_handle":245563,"rotation":{"y":0,"z":0,"x":0},"children":[{"model":"prop_stockade_wheel","target_version":"0.41","name":"prop_stockade_wheel","hash":3404504017,"options":{"buoyancy":0.0,"max_health":1000,"is_explosion_proof":false,"health":1000,"is_bullet_proof":false,"is_networked":true,"is_fire_proof":false,"is_attached":true,"bone_index":0,"alpha":255,"spawn_mode":1,"lod_distance":16960,"has_gravity":true,"is_light_on":true,"is_on_fire":false,"gravity":0.0,"is_invincible":false,"weight":0.0,"is_dynamic":false,"has_collision":false,"is_frozen":true,"is_driver_visible":true,"object_tint":0,"is_melee_proof":false,"is_visible":true,"use_soft_pinning":true,"is_mission_entity":true},"num_bones":0,"rotation_order":2,"offset":{"y":0,"z":0,"x":-0.35},"initial_handle":475459,"parents_initial_handle":264771,"rotation":{"y":0,"z":0,"x":0},"children":{},"world_rotation":{"y":-178.342056,"z":9.48279,"x":-27.6723},"type":"OBJECT","position":{"y":-202.749954,"z":53.863106,"x":159.397614}}],"world_rotation":{"y":-178.342056,"z":9.48279,"x":-27.6723},"type":"OBJECT","position":{"y":-202.802948,"z":53.872074,"x":159.051773}},{"model":"imp_prop_impexp_spoiler_03a","target_version":"0.41","name":"Spoiler 3","hash":"2119369457","options":{"buoyancy":0.0,"is_explosion_proof":false,"is_bullet_proof":false,"is_melee_proof":false,"is_fire_proof":false,"is_networked":true,"alpha":255,"spawn_mode":1,"is_attached":true,"has_gravity":true,"is_light_on":true,"bone_index":0,"gravity":0.0,"is_invincible":true,"is_mission_entity":true,"is_dynamic":true,"has_collision":false,"is_frozen":false,"use_soft_pinning":true,"lod_distance":16960,"object_tint":0,"weight":0.0,"is_visible":true,"is_driver_visible":true},"author":"TwinGTAV","offset":{"y":0.75,"z":1.5,"x":0},"world_rotation":{"y":0.850572,"z":8.432731,"x":17.322306},"type":"OBJECT","blip_icon":1,"blip_color":2,"rotation_order":2,"created":"2023-11-28T02:43:57Z","version":"Constructor 0.42 / 0.41 / 0.42","position":{"y":-205.665085,"z":55.526352,"x":158.817093},"children":{},"rotation":{"y":0.0,"z":-180.0,"x":15.0},"num_bones":0},{"model":"kamacho","target_version":"0.41","name":"Kamacho","hash":4173521127,"vehicle_attributes":{"paint":{"livery2_legacy":-1,"dashboard_color":65,"dirt_level":0.0,"extra_colors":{"wheel":112,"pearlescent":10},"livery":8,"secondary":{"color":-1,"paint_type":7,"is_custom":true,"vehicle_standard_color":12,"custom_color":{"r":0,"g":0,"b":0}},"interior_color":93,"livery_legacy":-1,"primary":{"color":-1,"paint_type":7,"custom_color":{"r":255,"g":255,"b":255},"vehicle_standard_color":0,"is_custom":true,"pearlescent_color":-1},"fade":0.0,"color_combo":-1,"vehicle_custom_color":{"r":8,"g":8,"b":8}},"windows":{"rolled_down":{},"broken":{"rearright":false,"midright":false,"frontleft":false,"frontright":false,"rear":false,"front":false,"rearleft":false}},"mods":{"_15":-1,"_2":4,"_35":-1,"_0":-1,"_20":false,"_39":-1,"_6":1,"_16":4,"_4":3,"_36":-1,"_8":-1,"_21":false,"_33":-1,"_13":2,"_37":-1,"_22":true,"_34":-1,"_14":0,"_38":-1,"_42":-1,"_25":-1,"_45":-1,"_30":-1,"_49":-1,"_10":-1,"_29":-1,"_26":-1,"_5":0,"_46":-1,"_3":0,"_7":7,"_11":3,"_18":true,"_31":-1,"_19":false,"_43":-1,"_40":-1,"_23":-1,"_12":2,"_27":-1,"_32":-1,"_47":-1,"_44":-1,"_9":-1,"_24":-1,"_17":false,"_28":-1,"_41":-1,"_48":8,"_1":2},"wheels":{"tire_smoke_color":{"r":255,"g":255,"b":255},"tires_burst":{},"detached":{"_1":true,"_2":true,"_4":true,"_3":true,"_0":true,"_5":true},"wheel_type":3,"bulletproof_tires":false},"headlights":{"headlights_type":true,"headlights_color":1,"headlight_color":-1},"options":{"window_tint":1,"search_light":false,"license_plate_type":0,"engine_running":false,"radio_loud":false,"emergency_lights":false,"license_plate_text":"  TWIN  ","siren":false,"bulletproof_tires":true},"doors":{"broken":{},"open":{"frontleft":false,"hood":false,"trunk":false,"trunk2":false,"backleft":false,"backright":false,"frontright":false}},"extras":{"_1":true},"neon":{"color":{"r":255,"g":0,"b":0},"lights":{"right":true,"back":true,"front":true,"left":true}}},"author":"TwinGTAV","offset":{"y":0,"z":0.23,"x":0},"blip_sprite":1,"children":{},"type":"VEHICLE","blip_icon":1,"blip_color":2,"rotation_order":2,"blip_handle":81461310,"world_rotation":{"y":-0.812659,"z":-171.346939,"x":-2.323866},"num_bones":73,"version":"Constructor 0.42 / 0.41 / 0.42","created":"2023-12-01T01:12:23Z","rotation":{"y":0,"z":0,"x":0},"options":{"buoyancy":0.0,"is_visible":true,"is_bullet_proof":false,"is_melee_proof":false,"is_attached":true,"is_mission_entity":true,"alpha":255,"spawn_mode":1,"is_fire_proof":false,"has_gravity":true,"is_light_on":true,"bone_index":0,"gravity":0.0,"is_invincible":true,"has_collision":true,"is_dynamic":true,"is_driver_visible":true,"is_frozen":false,"use_soft_pinning":true,"lod_distance":16960,"object_tint":0,"weight":0.0,"is_networked":true,"is_explosion_proof":false},"position":{"y":-204.876038,"z":54.287933,"x":158.678787}},{"model":"prop_fncsec_02pole","rotation":{"y":450,"z":0,"x":360},"name":"Truck Lift Kit","hash":2004077130,"options":{"buoyancy":0.0,"max_health":1000,"is_explosion_proof":false,"is_melee_proof":false,"is_bullet_proof":false,"is_networked":true,"bone_index":0,"has_gravity":true,"health":1000,"alpha":255,"spawn_mode":1,"lod_distance":16960,"is_on_fire":false,"is_light_on":true,"is_driver_visible":true,"gravity":0.0,"is_invincible":false,"weight":0.0,"is_dynamic":false,"has_collision":false,"is_frozen":true,"is_mission_entity":true,"object_tint":1,"is_fire_proof":false,"is_attached":true,"is_visible":true,"use_soft_pinning":true},"author":"TwinGTAV","offset":{"y":-2.000001,"z":-0.2,"x":-1.0},"parents_initial_handle":245563,"children":[{"model":"imp_prop_impexp_diff_01","rotation":{"y":90.0,"z":-22.5,"x":1.5},"name":"imp_prop_impexp_diff_01","hash":-507191895,"options":{"buoyancy":0.0,"is_visible":true,"is_bullet_proof":false,"is_melee_proof":false,"is_attached":true,"bone_index":0,"alpha":255,"spawn_mode":1,"is_explosion_proof":false,"has_gravity":true,"is_light_on":true,"is_mission_entity":true,"gravity":0.0,"is_invincible":true,"has_collision":false,"is_dynamic":true,"is_driver_visible":true,"is_frozen":false,"lod_distance":16960,"use_soft_pinning":true,"object_tint":0,"weight":0.0,"is_fire_proof":false,"is_networked":true},"author":"TwinGTAV","offset":{"y":0.08,"z":0.99,"x":-0.1},"world_rotation":{"y":178.412186,"z":-173.34166,"x":-24.788931},"type":"OBJECT","blip_icon":1,"blip_color":2,"num_bones":0,"created":"2023-11-30T02:00:19Z","version":"Constructor 0.42 / 0.41 / 0.42","rotation_order":2,"children":[{"model":"prop_roofpipe_06","created":"2023-11-29T23:05:59Z","name":"prop_roofpipe_06","hash":2410906218,"options":{"buoyancy":0.0,"max_health":1000,"is_explosion_proof":false,"is_mission_entity":true,"is_bullet_proof":false,"is_networked":true,"is_fire_proof":false,"is_visible":true,"is_melee_proof":false,"alpha":255,"spawn_mode":1,"lod_distance":16960,"has_gravity":true,"is_light_on":true,"is_driver_visible":true,"gravity":0.0,"is_invincible":false,"weight":0.0,"is_dynamic":false,"has_collision":false,"is_frozen":true,"use_soft_pinning":true,"object_tint":0,"is_attached":true,"bone_index":0,"is_on_fire":false,"health":1000},"author":"TwinGTAV","offset":{"y":1.82,"z":-0.65,"x":0.04},"parents_initial_handle":261384,"world_rotation":{"y":36.469433,"z":45.140114,"x":-87.088448},"type":"OBJECT","blip_icon":1,"blip_color":2,"rotation_order":2,"initial_handle":555280,"num_bones":0,"version":"Constructor 0.42 / 0.41 / 0.42","target_version":"0.41","rotation":{"y":-2.2,"z":0.9,"x":67.5},"children":{},"position":{"y":-204.86998,"z":53.86174,"x":158.674118}},{"model":"prop_roofpipe_06","created":"2023-11-29T23:05:59Z","name":"prop_roofpipe_06","hash":2410906218,"options":{"buoyancy":0.0,"is_on_fire":false,"is_explosion_proof":false,"is_melee_proof":false,"is_bullet_proof":false,"is_networked":true,"is_attached":true,"has_gravity":true,"health":1000,"alpha":255,"spawn_mode":1,"lod_distance":16960,"max_health":1000,"is_light_on":true,"is_driver_visible":true,"gravity":0.0,"is_invincible":false,"weight":0.0,"is_dynamic":false,"has_collision":false,"is_frozen":true,"is_mission_entity":true,"object_tint":0,"is_fire_proof":false,"bone_index":0,"is_visible":true,"use_soft_pinning":true},"author":"TwinGTAV","offset":{"y":3.58,"z":-1.375,"x":0.08},"parents_initial_handle":261384,"world_rotation":{"y":36.469433,"z":45.140114,"x":-87.088448},"type":"OBJECT","blip_icon":1,"blip_color":2,"rotation_order":2,"initial_handle":555280,"rotation":{"y":-2.2,"z":0.9,"x":67.5},"version":"Constructor 0.42 / 0.41 / 0.42","num_bones":0,"target_version":"0.41","children":{},"position":{"y":-206.751419,"z":53.780754,"x":158.954239}},{"model":"prop_roofpipe_06","created":"2023-11-29T23:05:59Z","name":"prop_roofpipe_06","hash":2410906218,"options":{"is_mission_entity":true,"max_health":1000,"is_visible":true,"is_fire_proof":false,"is_bullet_proof":false,"is_networked":true,"bone_index":0,"health":1000,"is_explosion_proof":false,"alpha":255,"spawn_mode":1,"use_soft_pinning":true,"has_gravity":true,"is_light_on":true,"is_driver_visible":true,"gravity":0.0,"is_invincible":false,"weight":0.0,"is_dynamic":false,"has_collision":false,"is_frozen":true,"buoyancy":0.0,"object_tint":0,"is_attached":true,"lod_distance":16960,"is_melee_proof":false,"is_on_fire":false},"author":"TwinGTAV","offset":{"y":3.71,"z":-1.415,"x":-0.81},"parents_initial_handle":261384,"world_rotation":{"y":90.054962,"z":9.273453,"x":-24.670475},"type":"OBJECT","blip_icon":1,"blip_color":2,"rotation_order":2,"initial_handle":555280,"num_bones":0,"version":"Constructor 0.42 / 0.41 / 0.42","target_version":"0.41","rotation":{"y":89.3,"z":-1.8,"x":130.5},"children":{},"position":{"y":-206.998596,"z":53.784935,"x":158.088501}}],"target_version":"0.41","position":{"y":-202.965424,"z":54.03595,"x":158.393402}},{"model":"prop_fncsec_02pole","rotation":{"y":-103.5,"z":90.0,"x":88.5},"name":"prop_fncsec_02pole1","hash":2004077130,"options":{"is_mission_entity":true,"has_gravity":true,"is_explosion_proof":false,"is_on_fire":false,"is_bullet_proof":false,"is_melee_proof":false,"bone_index":0,"is_networked":true,"health":1000,"alpha":255,"spawn_mode":1,"lod_distance":16960,"max_health":1000,"is_light_on":true,"weight":0.0,"gravity":0.0,"is_invincible":false,"is_driver_visible":true,"is_dynamic":false,"has_collision":false,"is_frozen":true,"is_visible":true,"object_tint":1,"is_fire_proof":false,"is_attached":true,"use_soft_pinning":true,"buoyancy":0.0},"author":"TwinGTAV","offset":{"y":4.05,"z":1.0,"x":0.0},"initial_handle":689508,"world_rotation":{"y":74.174248,"z":98.746872,"x":2.310775},"type":"OBJECT","blip_icon":1,"blip_color":2,"rotation_order":2,"created":"2023-12-02T15:58:18Z","target_version":"0.41","version":"Constructor 0.42 / 0.41 / 0.42","position":{"y":-206.88472,"z":53.775208,"x":158.978302},"children":{},"parents_initial_handle":8797,"num_bones":0},{"model":"prop_fncsec_02pole","rotation":{"y":-75.0,"z":90.0,"x":90.0},"name":"prop_fncsec_02pole1","hash":2004077130,"options":{"is_mission_entity":true,"buoyancy":0.0,"is_explosion_proof":false,"use_soft_pinning":true,"is_bullet_proof":false,"is_melee_proof":false,"bone_index":0,"is_attached":true,"is_fire_proof":false,"alpha":255,"spawn_mode":1,"object_tint":1,"is_on_fire":false,"is_light_on":true,"is_visible":true,"gravity":0.0,"is_invincible":false,"has_collision":false,"is_dynamic":false,"weight":0.0,"is_frozen":true,"is_driver_visible":true,"lod_distance":16960,"health":1000,"has_gravity":true,"is_networked":true,"max_health":1000},"author":"TwinGTAV","offset":{"y":2.11,"z":1.0,"x":-0.51},"initial_handle":689508,"world_rotation":{"y":102.675911,"z":98.686012,"x":0.812002},"type":"OBJECT","blip_icon":1,"blip_color":2,"num_bones":0,"parents_initial_handle":8797,"position":{"y":-204.987732,"z":54.3634,"x":158.69693},"version":"Constructor 0.42 / 0.41 / 0.42","target_version":"0.41","created":"2023-12-02T15:58:18Z","children":{},"rotation_order":2},{"model":"imp_prop_impexp_diff_01","rotation":{"y":90.0,"z":156.0,"x":0.0},"name":"imp_prop_impexp_diff_01","hash":-507191895,"options":{"buoyancy":0.0,"is_visible":true,"is_bullet_proof":false,"is_melee_proof":false,"is_attached":true,"is_networked":true,"alpha":255,"spawn_mode":1,"is_fire_proof":false,"has_gravity":true,"is_light_on":true,"weight":0.0,"gravity":0.0,"is_invincible":true,"object_tint":0,"is_dynamic":true,"has_collision":false,"is_frozen":false,"use_soft_pinning":true,"lod_distance":16960,"is_driver_visible":true,"bone_index":0,"is_explosion_proof":false,"is_mission_entity":true},"author":"TwinGTAV","offset":{"y":3.91,"z":0.98,"x":0.09},"world_rotation":{"y":0.905934,"z":8.284284,"x":26.321236},"type":"OBJECT","blip_icon":1,"blip_color":2,"position":{"y":-206.73999,"z":53.690685,"x":158.97522},"target_version":"0.41","version":"Constructor 0.42 / 0.41 / 0.42","num_bones":0,"children":{},"created":"2023-11-30T02:00:19Z","rotation_order":2}],"type":"OBJECT","blip_icon":1,"blip_color":2,"rotation_order":2,"created":"2023-12-02T16:11:29Z","world_rotation":{"y":89.187325,"z":-171.346924,"x":-2.323852},"version":"Constructor 0.42 / 0.41 / 0.42","target_version":"0.41","num_bones":0,"initial_handle":176983,"position":{"y":-202.733109,"z":53.925255,"x":159.35791}}],"target_version":"0.41","rotation_order":2}