{
	"format": "Cherax Entity",
	"type": 1,
	"model": 1086534307,
	"baseFlags": 1073808655,
	"mods": {
		"mod0": {
			"index": 4,
			"variation": false
		},
		"mod1": {
			"index": 2,
			"variation": false
		},
		"mod2": {
			"index": 0,
			"variation": false
		},
		"mod3": {
			"index": 0,
			"variation": false
		},
		"mod4": {
			"index": 4,
			"variation": false
		},
		"mod5": {
			"index": 5,
			"variation": false
		},
		"mod6": {
			"index": 0,
			"variation": false
		},
		"mod7": {
			"index": 0,
			"variation": false
		},
		"mod8": {
			"index": 0,
			"variation": false
		},
		"mod9": {
			"index": 0,
			"variation": false
		},
		"mod10": {
			"index": 4,
			"variation": false
		},
		"mod11": {
			"index": 4,
			"variation": false
		},
		"mod12": {
			"index": 3,
			"variation": false
		},
		"mod13": {
			"index": 3,
			"variation": false
		},
		"mod14": {
			"index": 58,
			"variation": false
		},
		"mod15": {
			"index": 0,
			"variation": false
		},
		"mod16": {
			"index": 5,
			"variation": false
		},
		"mod17": {
			"index": 0,
			"variation": false
		},
		"mod18": {
			"index": 1,
			"variation": false
		},
		"mod19": {
			"index": 0,
			"variation": false
		},
		"mod20": {
			"index": 0,
			"variation": false
		},
		"mod21": {
			"index": 0,
			"variation": false
		},
		"mod22": {
			"index": 10,
			"variation": false
		},
		"mod23": {
			"index": 0,
			"variation": false
		},
		"mod24": {
			"index": 72,
			"variation": false
		},
		"mod25": {
			"index": 0,
			"variation": false
		},
		"mod26": {
			"index": 0,
			"variation": false
		},
		"mod27": {
			"index": 0,
			"variation": false
		},
		"mod28": {
			"index": 0,
			"variation": false
		},
		"mod29": {
			"index": 0,
			"variation": false
		},
		"mod30": {
			"index": 0,
			"variation": false
		},
		"mod31": {
			"index": 0,
			"variation": false
		},
		"mod32": {
			"index": 0,
			"variation": false
		},
		"mod33": {
			"index": 0,
			"variation": false
		},
		"mod34": {
			"index": 0,
			"variation": false
		},
		"mod35": {
			"index": 0,
			"variation": false
		},
		"mod36": {
			"index": 0,
			"variation": false
		},
		"mod37": {
			"index": 0,
			"variation": false
		},
		"mod38": {
			"index": 0,
			"variation": false
		},
		"mod39": {
			"index": 0,
			"variation": false
		},
		"mod40": {
			"index": 0,
			"variation": false
		},
		"mod41": {
			"index": 0,
			"variation": false
		},
		"mod42": {
			"index": 0,
			"variation": false
		},
		"mod43": {
			"index": 0,
			"variation": false
		},
		"mod44": {
			"index": 0,
			"variation": false
		},
		"mod45": {
			"index": 0,
			"variation": false
		},
		"mod46": {
			"index": 0,
			"variation": false
		},
		"mod47": {
			"index": 0,
			"variation": false
		},
		"mod48": {
			"index": 20,
			"variation": false
		},
		"mod49": {
			"index": 0,
			"variation": false
		}
	},
	"wheelType": 6,
	"tyreSmokeColor": {
		"r": 255,
		"g": 255,
		"b": 255
	},
	"neonKits": {
		"left": false,
		"right": false,
		"front": false,
		"back": false,
		"color": {
			"r": 255,
			"g": 0,
			"b": 255
		}
	},
	"primaryColor": 151,
	"secondaryColor": 129,
	"pearlescentColor": 0,
	"isPrimaryColorCustom": false,
	"customPrimaryColor": {
		"r": 0,
		"g": 0,
		"b": 0
	},
	"isSecondaryColorCustom": false,
	"customSecondaryColor": {
		"r": 0,
		"g": 0,
		"b": 0
	},
	"windowTint": 0,
	"wheelColor": 156,
	"interiorColor": 0,
	"dashBoardColor": 111,
	"plateText": "10IKE249",
	"plateTextIndex": 0,
	"attachments": [
		{
			"data": {
				"offset": {
					"x": -0.190704345703125,
					"y": -2.5373730659484863,
					"z": 0.8929846882820129
				},
				"parentOffset": {
					"x": 0.0,
					"y": 0.0,
					"z": 0.0
				},
				"quat": {
					"x": 0.03344617411494255,
					"y": -0.005463316570967436,
					"z": -0.006707030814141035,
					"w": 0.9994030594825745
				},
				"otherBone": 0,
				"myBone": -1,
				"flags": 18562
			},
			"entity": {
				"format": "Cherax Entity",
				"type": 1,
				"model": 2164484578,
				"baseFlags": 66831,
				"mods": {
					"mod0": {
						"index": 0,
						"variation": false
					},
					"mod1": {
						"index": 0,
						"variation": false
					},
					"mod2": {
						"index": 0,
						"variation": false
					},
					"mod3": {
						"index": 0,
						"variation": false
					},
					"mod4": {
						"index": 0,
						"variation": false
					},
					"mod5": {
						"index": 0,
						"variation": false
					},
					"mod6": {
						"index": 0,
						"variation": false
					},
					"mod7": {
						"index": 0,
						"variation": false
					},
					"mod8": {
						"index": 0,
						"variation": false
					},
					"mod9": {
						"index": 0,
						"variation": false
					},
					"mod10": {
						"index": 0,
						"variation": false
					},
					"mod11": {
						"index": 0,
						"variation": false
					},
					"mod12": {
						"index": 0,
						"variation": false
					},
					"mod13": {
						"index": 0,
						"variation": false
					},
					"mod14": {
						"index": 0,
						"variation": false
					},
					"mod15": {
						"index": 0,
						"variation": false
					},
					"mod16": {
						"index": 0,
						"variation": false
					},
					"mod17": {
						"index": 0,
						"variation": false
					},
					"mod18": {
						"index": 1,
						"variation": false
					},
					"mod19": {
						"index": 0,
						"variation": false
					},
					"mod20": {
						"index": 0,
						"variation": false
					},
					"mod21": {
						"index": 0,
						"variation": false
					},
					"mod22": {
						"index": 10,
						"variation": false
					},
					"mod23": {
						"index": 0,
						"variation": false
					},
					"mod24": {
						"index": 0,
						"variation": false
					},
					"mod25": {
						"index": 0,
						"variation": false
					},
					"mod26": {
						"index": 0,
						"variation": false
					},
					"mod27": {
						"index": 0,
						"variation": false
					},
					"mod28": {
						"index": 0,
						"variation": false
					},
					"mod29": {
						"index": 0,
						"variation": false
					},
					"mod30": {
						"index": 0,
						"variation": false
					},
					"mod31": {
						"index": 0,
						"variation": false
					},
					"mod32": {
						"index": 0,
						"variation": false
					},
					"mod33": {
						"index": 0,
						"variation": false
					},
					"mod34": {
						"index": 0,
						"variation": false
					},
					"mod35": {
						"index": 0,
						"variation": false
					},
					"mod36": {
						"index": 0,
						"variation": false
					},
					"mod37": {
						"index": 0,
						"variation": false
					},
					"mod38": {
						"index": 0,
						"variation": false
					},
					"mod39": {
						"index": 0,
						"variation": false
					},
					"mod40": {
						"index": 0,
						"variation": false
					},
					"mod41": {
						"index": 0,
						"variation": false
					},
					"mod42": {
						"index": 0,
						"variation": false
					},
					"mod43": {
						"index": 0,
						"variation": false
					},
					"mod44": {
						"index": 0,
						"variation": false
					},
					"mod45": {
						"index": 0,
						"variation": false
					},
					"mod46": {
						"index": 0,
						"variation": false
					},
					"mod47": {
						"index": 0,
						"variation": false
					},
					"mod48": {
						"index": 0,
						"variation": false
					},
					"mod49": {
						"index": 0,
						"variation": false
					}
				},
				"wheelType": 11,
				"tyreSmokeColor": {
					"r": 255,
					"g": 255,
					"b": 255
				},
				"neonKits": {
					"left": false,
					"right": false,
					"front": false,
					"back": false,
					"color": {
						"r": 255,
						"g": 0,
						"b": 255
					}
				},
				"primaryColor": 42,
				"secondaryColor": 12,
				"pearlescentColor": 12,
				"isPrimaryColorCustom": true,
				"customPrimaryColor": {
					"r": 0,
					"g": 0,
					"b": 0
				},
				"isSecondaryColorCustom": true,
				"customSecondaryColor": {
					"r": 0,
					"g": 0,
					"b": 0
				},
				"windowTint": 0,
				"wheelColor": 156,
				"interiorColor": 0,
				"dashBoardColor": 0,
				"plateText": "97SYY976",
				"plateTextIndex": 3
			}
		},
		{
			"data": {
				"offset": {
					"x": -0.2751160264015198,
					"y": 1.6292119026184082,
					"z": 0.24958351254463196
				},
				"parentOffset": {
					"x": 0.0,
					"y": 0.0,
					"z": 0.0
				},
				"quat": {
					"x": 0.005073600448668003,
					"y": -0.0035470938310027122,
					"z": -0.9997268915176392,
					"w": 0.022533761337399483
				},
				"otherBone": 0,
				"myBone": -1,
				"flags": 18562
			},
			"entity": {
				"format": "Cherax Entity",
				"type": 3,
				"model": 693843550,
				"baseFlags": 8586503
			}
		}
	]
}