{
	"format": "Cherax Entity",
	"type": 1,
	"model": 15219735,
	"baseFlags": 1073808655,
	"mods": {
		"mod0": {
			"index": 0,
			"variation": false
		},
		"mod1": {
			"index": 8,
			"variation": false
		},
		"mod2": {
			"index": 2,
			"variation": false
		},
		"mod3": {
			"index": 1,
			"variation": false
		},
		"mod4": {
			"index": 1,
			"variation": false
		},
		"mod5": {
			"index": 0,
			"variation": false
		},
		"mod6": {
			"index": 0,
			"variation": false
		},
		"mod7": {
			"index": 0,
			"variation": false
		},
		"mod8": {
			"index": 1,
			"variation": false
		},
		"mod9": {
			"index": 0,
			"variation": false
		},
		"mod10": {
			"index": 0,
			"variation": false
		},
		"mod11": {
			"index": 4,
			"variation": false
		},
		"mod12": {
			"index": 3,
			"variation": false
		},
		"mod13": {
			"index": 3,
			"variation": false
		},
		"mod14": {
			"index": 58,
			"variation": false
		},
		"mod15": {
			"index": 4,
			"variation": false
		},
		"mod16": {
			"index": 5,
			"variation": false
		},
		"mod17": {
			"index": 0,
			"variation": false
		},
		"mod18": {
			"index": 1,
			"variation": false
		},
		"mod19": {
			"index": 0,
			"variation": false
		},
		"mod20": {
			"index": 0,
			"variation": false
		},
		"mod21": {
			"index": 0,
			"variation": false
		},
		"mod22": {
			"index": 1,
			"variation": false
		},
		"mod23": {
			"index": 0,
			"variation": false
		},
		"mod24": {
			"index": 0,
			"variation": false
		},
		"mod25": {
			"index": 0,
			"variation": false
		},
		"mod26": {
			"index": 0,
			"variation": false
		},
		"mod27": {
			"index": 0,
			"variation": false
		},
		"mod28": {
			"index": 0,
			"variation": false
		},
		"mod29": {
			"index": 0,
			"variation": false
		},
		"mod30": {
			"index": 0,
			"variation": false
		},
		"mod31": {
			"index": 0,
			"variation": false
		},
		"mod32": {
			"index": 0,
			"variation": false
		},
		"mod33": {
			"index": 0,
			"variation": false
		},
		"mod34": {
			"index": 0,
			"variation": false
		},
		"mod35": {
			"index": 0,
			"variation": false
		},
		"mod36": {
			"index": 0,
			"variation": false
		},
		"mod37": {
			"index": 0,
			"variation": false
		},
		"mod38": {
			"index": 0,
			"variation": false
		},
		"mod39": {
			"index": 0,
			"variation": false
		},
		"mod40": {
			"index": 0,
			"variation": false
		},
		"mod41": {
			"index": 0,
			"variation": false
		},
		"mod42": {
			"index": 0,
			"variation": false
		},
		"mod43": {
			"index": 0,
			"variation": false
		},
		"mod44": {
			"index": 0,
			"variation": false
		},
		"mod45": {
			"index": 0,
			"variation": false
		},
		"mod46": {
			"index": 0,
			"variation": false
		},
		"mod47": {
			"index": 0,
			"variation": false
		},
		"mod48": {
			"index": 11,
			"variation": false
		},
		"mod49": {
			"index": 0,
			"variation": false
		}
	},
	"wheelType": 1,
	"tyreSmokeColor": {
		"r": 255,
		"g": 255,
		"b": 255
	},
	"neonKits": {
		"left": false,
		"right": false,
		"front": false,
		"back": false,
		"color": {
			"r": 255,
			"g": 0,
			"b": 255
		}
	},
	"primaryColor": 27,
	"secondaryColor": 120,
	"pearlescentColor": 0,
	"isPrimaryColorCustom": true,
	"customPrimaryColor": {
		"r": 31,
		"g": 32,
		"b": 56
	},
	"isSecondaryColorCustom": true,
	"customSecondaryColor": {
		"r": 0,
		"g": 0,
		"b": 0
	},
	"windowTint": 0,
	"wheelColor": 0,
	"interiorColor": 13,
	"dashBoardColor": 111,
	"plateText": "63RCV534",
	"plateTextIndex": 0,
	"attachments": [
		{
			"data": {
				"offset": {
					"x": -5.050000190734863,
					"y": -3.740000009536743,
					"z": -0.4000000059604645
				},
				"parentOffset": {
					"x": 0.0,
					"y": 0.0,
					"z": 0.0
				},
				"quat": {
					"x": 0.0,
					"y": 0.0,
					"z": 0.0,
					"w": 1.0
				},
				"otherBone": 0,
				"myBone": -1,
				"flags": 18562
			},
			"entity": {
				"format": "Cherax Entity",
				"type": 3,
				"model": 1138540731,
				"baseFlags": 1082328383
			}
		},
		{
			"data": {
				"offset": {
					"x": -5.059999942779541,
					"y": -14.800000190734863,
					"z": -0.4000000059604645
				},
				"parentOffset": {
					"x": 0.0,
					"y": 0.0,
					"z": 0.0
				},
				"quat": {
					"x": 0.0,
					"y": 0.0,
					"z": 0.0,
					"w": 1.0
				},
				"otherBone": 0,
				"myBone": -1,
				"flags": 18562
			},
			"entity": {
				"format": "Cherax Entity",
				"type": 3,
				"model": 1138540731,
				"baseFlags": 1082328383
			}
		},
		{
			"data": {
				"offset": {
					"x": -21.450000762939453,
					"y": -33.18000030517578,
					"z": -0.4000000059604645
				},
				"parentOffset": {
					"x": 0.0,
					"y": 0.0,
					"z": 0.0
				},
				"quat": {
					"x": 0.0,
					"y": 0.0,
					"z": -0.6965392231941223,
					"w": 0.71751868724823
				},
				"otherBone": 0,
				"myBone": -1,
				"flags": 18562
			},
			"entity": {
				"format": "Cherax Entity",
				"type": 3,
				"model": 3079983249,
				"baseFlags": 1082328375
			}
		},
		{
			"data": {
				"offset": {
					"x": -21.040000915527344,
					"y": -46.88999938964844,
					"z": -0.4000000059604645
				},
				"parentOffset": {
					"x": 0.0,
					"y": 0.0,
					"z": 0.0
				},
				"quat": {
					"x": 0.0,
					"y": 0.0,
					"z": -0.6965392231941223,
					"w": 0.71751868724823
				},
				"otherBone": 0,
				"myBone": -1,
				"flags": 18562
			},
			"entity": {
				"format": "Cherax Entity",
				"type": 3,
				"model": 3079983249,
				"baseFlags": 1082328375
			}
		},
		{
			"data": {
				"offset": {
					"x": -17.799999237060547,
					"y": -34.0,
					"z": -9.350000381469727
				},
				"parentOffset": {
					"x": 0.0,
					"y": 0.0,
					"z": 0.0
				},
				"quat": {
					"x": 0.0,
					"y": 0.0,
					"z": -0.6965392231941223,
					"w": 0.71751868724823
				},
				"otherBone": 0,
				"myBone": -1,
				"flags": 18562
			},
			"entity": {
				"format": "Cherax Entity",
				"type": 3,
				"model": 693285899,
				"baseFlags": 1082328375
			}
		},
		{
			"data": {
				"offset": {
					"x": 19.549999237060547,
					"y": -3.640000104904175,
					"z": -0.41999998688697815
				},
				"parentOffset": {
					"x": 0.0,
					"y": 0.0,
					"z": 0.0
				},
				"quat": {
					"x": 0.0,
					"y": 0.0,
					"z": -0.9999996423721313,
					"w": 0.0008726873784326017
				},
				"otherBone": 0,
				"myBone": -1,
				"flags": 18562
			},
			"entity": {
				"format": "Cherax Entity",
				"type": 3,
				"model": 1138540731,
				"baseFlags": 1082328383
			}
		},
		{
			"data": {
				"offset": {
					"x": 19.549999237060547,
					"y": -14.729999542236328,
					"z": -0.41999998688697815
				},
				"parentOffset": {
					"x": 0.0,
					"y": 0.0,
					"z": 0.0
				},
				"quat": {
					"x": 0.0,
					"y": 0.0,
					"z": -0.9999996423721313,
					"w": 0.0008726873784326017
				},
				"otherBone": 0,
				"myBone": -1,
				"flags": 18562
			},
			"entity": {
				"format": "Cherax Entity",
				"type": 3,
				"model": 1138540731,
				"baseFlags": 1082328383
			}
		},
		{
			"data": {
				"offset": {
					"x": 23.239999771118164,
					"y": -33.04999923706055,
					"z": -0.41999998688697815
				},
				"parentOffset": {
					"x": 0.0,
					"y": 0.0,
					"z": 0.0
				},
				"quat": {
					"x": 0.0,
					"y": 0.0,
					"z": -0.7071067690849304,
					"w": 0.7071067690849304
				},
				"otherBone": 0,
				"myBone": -1,
				"flags": 18562
			},
			"entity": {
				"format": "Cherax Entity",
				"type": 3,
				"model": 3079983249,
				"baseFlags": 1082328375
			}
		},
		{
			"data": {
				"offset": {
					"x": 23.3700008392334,
					"y": -45.130001068115234,
					"z": -0.41999998688697815
				},
				"parentOffset": {
					"x": 0.0,
					"y": 0.0,
					"z": 0.0
				},
				"quat": {
					"x": 0.0,
					"y": 0.0,
					"z": -0.7071067690849304,
					"w": 0.7071067690849304
				},
				"otherBone": 0,
				"myBone": -1,
				"flags": 18562
			},
			"entity": {
				"format": "Cherax Entity",
				"type": 3,
				"model": 3079983249,
				"baseFlags": 1082328375
			}
		},
		{
			"data": {
				"offset": {
					"x": 3.869999885559082,
					"y": -69.83999633789063,
					"z": -0.7400000095367432
				},
				"parentOffset": {
					"x": 0.0,
					"y": 0.0,
					"z": 0.0
				},
				"quat": {
					"x": 0.0,
					"y": 0.0,
					"z": -0.9999996423721313,
					"w": 0.0008726873784326017
				},
				"otherBone": 0,
				"myBone": -1,
				"flags": 18562
			},
			"entity": {
				"format": "Cherax Entity",
				"type": 3,
				"model": 2047051359,
				"baseFlags": 1082328351
			}
		},
		{
			"data": {
				"offset": {
					"x": 25.0,
					"y": -65.12999725341797,
					"z": -0.7400000095367432
				},
				"parentOffset": {
					"x": 0.0,
					"y": 0.0,
					"z": 0.0
				},
				"quat": {
					"x": 0.0,
					"y": 0.0,
					"z": -0.9999996423721313,
					"w": 0.0008726873784326017
				},
				"otherBone": 0,
				"myBone": -1,
				"flags": 18562
			},
			"entity": {
				"format": "Cherax Entity",
				"type": 3,
				"model": 693285899,
				"baseFlags": 1082328375
			}
		},
		{
			"data": {
				"offset": {
					"x": -16.600000381469727,
					"y": -66.91999816894531,
					"z": -0.7400000095367432
				},
				"parentOffset": {
					"x": 0.0,
					"y": 0.0,
					"z": 0.0
				},
				"quat": {
					"x": 0.0,
					"y": 0.0,
					"z": -0.9999996423721313,
					"w": 0.0008726873784326017
				},
				"otherBone": 0,
				"myBone": -1,
				"flags": 18562
			},
			"entity": {
				"format": "Cherax Entity",
				"type": 3,
				"model": 693285899,
				"baseFlags": 1082328375
			}
		}
	]
}