{
	"format": "Cherax Entity",
	"type": 1,
	"model": 562680400,
	"baseFlags": 1073808655,
	"mods": {
		"mod0": {
			"index": 0,
			"variation": false
		},
		"mod1": {
			"index": 0,
			"variation": false
		},
		"mod2": {
			"index": 0,
			"variation": false
		},
		"mod3": {
			"index": 0,
			"variation": false
		},
		"mod4": {
			"index": 0,
			"variation": false
		},
		"mod5": {
			"index": 0,
			"variation": false
		},
		"mod6": {
			"index": 0,
			"variation": false
		},
		"mod7": {
			"index": 0,
			"variation": false
		},
		"mod8": {
			"index": 0,
			"variation": false
		},
		"mod9": {
			"index": 1,
			"variation": false
		},
		"mod10": {
			"index": 1,
			"variation": false
		},
		"mod11": {
			"index": 4,
			"variation": false
		},
		"mod12": {
			"index": 3,
			"variation": false
		},
		"mod13": {
			"index": 3,
			"variation": false
		},
		"mod14": {
			"index": 58,
			"variation": false
		},
		"mod15": {
			"index": 0,
			"variation": false
		},
		"mod16": {
			"index": 5,
			"variation": false
		},
		"mod17": {
			"index": 0,
			"variation": false
		},
		"mod18": {
			"index": 1,
			"variation": false
		},
		"mod19": {
			"index": 0,
			"variation": false
		},
		"mod20": {
			"index": 0,
			"variation": false
		},
		"mod21": {
			"index": 0,
			"variation": false
		},
		"mod22": {
			"index": 2,
			"variation": false
		},
		"mod23": {
			"index": 7,
			"variation": false
		},
		"mod24": {
			"index": 0,
			"variation": false
		},
		"mod25": {
			"index": 0,
			"variation": false
		},
		"mod26": {
			"index": 0,
			"variation": false
		},
		"mod27": {
			"index": 0,
			"variation": false
		},
		"mod28": {
			"index": 0,
			"variation": false
		},
		"mod29": {
			"index": 0,
			"variation": false
		},
		"mod30": {
			"index": 0,
			"variation": false
		},
		"mod31": {
			"index": 0,
			"variation": false
		},
		"mod32": {
			"index": 0,
			"variation": false
		},
		"mod33": {
			"index": 0,
			"variation": false
		},
		"mod34": {
			"index": 0,
			"variation": false
		},
		"mod35": {
			"index": 0,
			"variation": false
		},
		"mod36": {
			"index": 0,
			"variation": false
		},
		"mod37": {
			"index": 0,
			"variation": false
		},
		"mod38": {
			"index": 0,
			"variation": false
		},
		"mod39": {
			"index": 0,
			"variation": false
		},
		"mod40": {
			"index": 0,
			"variation": false
		},
		"mod41": {
			"index": 0,
			"variation": false
		},
		"mod42": {
			"index": 0,
			"variation": false
		},
		"mod43": {
			"index": 0,
			"variation": false
		},
		"mod44": {
			"index": 0,
			"variation": false
		},
		"mod45": {
			"index": 0,
			"variation": false
		},
		"mod46": {
			"index": 0,
			"variation": false
		},
		"mod47": {
			"index": 0,
			"variation": false
		},
		"mod48": {
			"index": 35,
			"variation": false
		},
		"mod49": {
			"index": 0,
			"variation": false
		}
	},
	"wheelType": 10,
	"tyreSmokeColor": {
		"r": 255,
		"g": 255,
		"b": 255
	},
	"neonKits": {
		"left": false,
		"right": false,
		"front": false,
		"back": false,
		"color": {
			"r": 255,
			"g": 0,
			"b": 255
		}
	},
	"primaryColor": 154,
	"secondaryColor": 154,
	"pearlescentColor": 3,
	"isPrimaryColorCustom": false,
	"customPrimaryColor": {
		"r": 0,
		"g": 0,
		"b": 0
	},
	"isSecondaryColorCustom": false,
	"customSecondaryColor": {
		"r": 0,
		"g": 0,
		"b": 0
	},
	"windowTint": 0,
	"wheelColor": 0,
	"interiorColor": 0,
	"dashBoardColor": 0,
	"plateText": "28QGH599",
	"plateTextIndex": 0,
	"attachments": [
		{
			"data": {
				"offset": {
					"x": -1.5099999904632568,
					"y": -10.489999771118164,
					"z": -0.699999988079071
				},
				"parentOffset": {
					"x": 0.0,
					"y": 0.0,
					"z": 0.0
				},
				"quat": {
					"x": 0.0,
					"y": 0.0,
					"z": 0.0,
					"w": 1.0
				},
				"otherBone": 0,
				"myBone": -1,
				"flags": 18562
			},
			"entity": {
				"format": "Cherax Entity",
				"type": 3,
				"model": 1138540731,
				"baseFlags": 1082328383
			}
		},
		{
			"data": {
				"offset": {
					"x": 23.110000610351563,
					"y": -10.420000076293945,
					"z": -0.699999988079071
				},
				"parentOffset": {
					"x": 0.0,
					"y": 0.0,
					"z": 0.0
				},
				"quat": {
					"x": 0.0,
					"y": 0.0,
					"z": 0.9999996423721313,
					"w": 0.0008726873784326017
				},
				"otherBone": 0,
				"myBone": -1,
				"flags": 18562
			},
			"entity": {
				"format": "Cherax Entity",
				"type": 3,
				"model": 1138540731,
				"baseFlags": 1082328383
			}
		},
		{
			"data": {
				"offset": {
					"x": -6.679999828338623,
					"y": -34.16999816894531,
					"z": -0.699999988079071
				},
				"parentOffset": {
					"x": 0.0,
					"y": 0.0,
					"z": 0.0
				},
				"quat": {
					"x": 0.0,
					"y": 0.0,
					"z": 0.7089555859565735,
					"w": 0.7052531242370605
				},
				"otherBone": 0,
				"myBone": -1,
				"flags": 18562
			},
			"entity": {
				"format": "Cherax Entity",
				"type": 3,
				"model": 3698956890,
				"baseFlags": 1082328375
			}
		},
		{
			"data": {
				"offset": {
					"x": 30.31999969482422,
					"y": -34.16999816894531,
					"z": -0.699999988079071
				},
				"parentOffset": {
					"x": 0.0,
					"y": 0.0,
					"z": 0.0
				},
				"quat": {
					"x": 0.0,
					"y": 0.0,
					"z": 0.7089555859565735,
					"w": 0.7052531242370605
				},
				"otherBone": 0,
				"myBone": -1,
				"flags": 18562
			},
			"entity": {
				"format": "Cherax Entity",
				"type": 3,
				"model": 3698956890,
				"baseFlags": 1082328375
			}
		},
		{
			"data": {
				"offset": {
					"x": 37.7400016784668,
					"y": -60.560001373291016,
					"z": -0.699999988079071
				},
				"parentOffset": {
					"x": 0.0,
					"y": 0.0,
					"z": 0.0
				},
				"quat": {
					"x": 0.0,
					"y": 0.0,
					"z": 0.9066762924194336,
					"w": 0.42182713747024536
				},
				"otherBone": 0,
				"myBone": -1,
				"flags": 18562
			},
			"entity": {
				"format": "Cherax Entity",
				"type": 3,
				"model": 3079983249,
				"baseFlags": 1082328375
			}
		},
		{
			"data": {
				"offset": {
					"x": -11.079999923706055,
					"y": -62.47999954223633,
					"z": -0.699999988079071
				},
				"parentOffset": {
					"x": 0.0,
					"y": 0.0,
					"z": 0.0
				},
				"quat": {
					"x": 0.0,
					"y": 0.0,
					"z": 0.43523108959198,
					"w": 0.9003188014030457
				},
				"otherBone": 0,
				"myBone": -1,
				"flags": 18562
			},
			"entity": {
				"format": "Cherax Entity",
				"type": 3,
				"model": 3079983249,
				"baseFlags": 1082328375
			}
		},
		{
			"data": {
				"offset": {
					"x": -20.299999237060547,
					"y": -89.87999725341797,
					"z": -0.699999988079071
				},
				"parentOffset": {
					"x": 0.0,
					"y": 0.0,
					"z": 0.0
				},
				"quat": {
					"x": 0.0,
					"y": 0.0,
					"z": 0.6723667979240417,
					"w": 0.7402181029319763
				},
				"otherBone": 0,
				"myBone": -1,
				"flags": 18562
			},
			"entity": {
				"format": "Cherax Entity",
				"type": 3,
				"model": 3698956890,
				"baseFlags": 1082328375
			}
		},
		{
			"data": {
				"offset": {
					"x": -8.75,
					"y": -89.87999725341797,
					"z": -0.699999988079071
				},
				"parentOffset": {
					"x": 0.0,
					"y": 0.0,
					"z": 0.0
				},
				"quat": {
					"x": 0.0,
					"y": 0.0,
					"z": 0.6723667979240417,
					"w": 0.7402181029319763
				},
				"otherBone": 0,
				"myBone": -1,
				"flags": 18562
			},
			"entity": {
				"format": "Cherax Entity",
				"type": 3,
				"model": 3454205229,
				"baseFlags": 1082328374
			}
		},
		{
			"data": {
				"offset": {
					"x": -6.090000152587891,
					"y": -89.87999725341797,
					"z": -0.699999988079071
				},
				"parentOffset": {
					"x": 0.0,
					"y": 0.0,
					"z": 0.0
				},
				"quat": {
					"x": 0.0,
					"y": 0.0,
					"z": 0.6723667979240417,
					"w": 0.7402181029319763
				},
				"otherBone": 0,
				"myBone": -1,
				"flags": 18562
			},
			"entity": {
				"format": "Cherax Entity",
				"type": 3,
				"model": 3454205229,
				"baseFlags": 1082328374
			}
		},
		{
			"data": {
				"offset": {
					"x": 44.29999923706055,
					"y": -89.87999725341797,
					"z": -0.699999988079071
				},
				"parentOffset": {
					"x": 0.0,
					"y": 0.0,
					"z": 0.0
				},
				"quat": {
					"x": 0.0,
					"y": 0.0,
					"z": 0.6723667979240417,
					"w": 0.7402181029319763
				},
				"otherBone": 0,
				"myBone": -1,
				"flags": 18562
			},
			"entity": {
				"format": "Cherax Entity",
				"type": 3,
				"model": 3698956890,
				"baseFlags": 1082328375
			}
		},
		{
			"data": {
				"offset": {
					"x": 44.869998931884766,
					"y": -94.0999984741211,
					"z": -0.699999988079071
				},
				"parentOffset": {
					"x": 0.0,
					"y": 0.0,
					"z": 0.0
				},
				"quat": {
					"x": 0.0,
					"y": 0.0,
					"z": 0.6723667979240417,
					"w": 0.7402181029319763
				},
				"otherBone": 0,
				"myBone": -1,
				"flags": 18562
			},
			"entity": {
				"format": "Cherax Entity",
				"type": 3,
				"model": 3079983249,
				"baseFlags": 1082328374
			}
		},
		{
			"data": {
				"offset": {
					"x": 10.239999771118164,
					"y": -100.0,
					"z": -0.699999988079071
				},
				"parentOffset": {
					"x": 0.0,
					"y": 0.0,
					"z": 0.0
				},
				"quat": {
					"x": 0.0,
					"y": 0.0,
					"z": 0.9999451637268066,
					"w": 0.010471824556589127
				},
				"otherBone": 0,
				"myBone": -1,
				"flags": 18562
			},
			"entity": {
				"format": "Cherax Entity",
				"type": 3,
				"model": 2047051359,
				"baseFlags": 1082328351
			}
		},
		{
			"data": {
				"offset": {
					"x": 31.540000915527344,
					"y": -100.0,
					"z": -0.699999988079071
				},
				"parentOffset": {
					"x": 0.0,
					"y": 0.0,
					"z": 0.0
				},
				"quat": {
					"x": 0.0,
					"y": 0.0,
					"z": 0.127930149435997,
					"w": 0.9917832016944885
				},
				"otherBone": 0,
				"myBone": -1,
				"flags": 18562
			},
			"entity": {
				"format": "Cherax Entity",
				"type": 3,
				"model": 3698956890,
				"baseFlags": 1082328375
			}
		},
		{
			"data": {
				"offset": {
					"x": -12.319999694824219,
					"y": -100.0,
					"z": -0.699999988079071
				},
				"parentOffset": {
					"x": 0.0,
					"y": 0.0,
					"z": 0.0
				},
				"quat": {
					"x": 0.0,
					"y": 0.0,
					"z": 0.9702957272529602,
					"w": 0.24192190170288086
				},
				"otherBone": 0,
				"myBone": -1,
				"flags": 18562
			},
			"entity": {
				"format": "Cherax Entity",
				"type": 3,
				"model": 3698956890,
				"baseFlags": 1082328375
			}
		},
		{
			"data": {
				"offset": {
					"x": 21.93000030517578,
					"y": 0.029999999329447746,
					"z": -0.07999999821186066
				},
				"parentOffset": {
					"x": 0.0,
					"y": 0.0,
					"z": 0.0
				},
				"quat": {
					"x": 0.0532074011862278,
					"y": 0.0,
					"z": 0.0,
					"w": 0.9985834956169128
				},
				"otherBone": 0,
				"myBone": -1,
				"flags": 18562
			},
			"entity": {
				"format": "Cherax Entity",
				"type": 1,
				"model": 562680400,
				"baseFlags": 66831,
				"mods": {
					"mod0": {
						"index": 0,
						"variation": false
					},
					"mod1": {
						"index": 0,
						"variation": false
					},
					"mod2": {
						"index": 0,
						"variation": false
					},
					"mod3": {
						"index": 0,
						"variation": false
					},
					"mod4": {
						"index": 0,
						"variation": false
					},
					"mod5": {
						"index": 0,
						"variation": false
					},
					"mod6": {
						"index": 0,
						"variation": false
					},
					"mod7": {
						"index": 0,
						"variation": false
					},
					"mod8": {
						"index": 0,
						"variation": false
					},
					"mod9": {
						"index": 1,
						"variation": false
					},
					"mod10": {
						"index": 1,
						"variation": false
					},
					"mod11": {
						"index": 4,
						"variation": false
					},
					"mod12": {
						"index": 3,
						"variation": false
					},
					"mod13": {
						"index": 3,
						"variation": false
					},
					"mod14": {
						"index": 58,
						"variation": false
					},
					"mod15": {
						"index": 0,
						"variation": false
					},
					"mod16": {
						"index": 5,
						"variation": false
					},
					"mod17": {
						"index": 0,
						"variation": false
					},
					"mod18": {
						"index": 1,
						"variation": false
					},
					"mod19": {
						"index": 0,
						"variation": false
					},
					"mod20": {
						"index": 0,
						"variation": false
					},
					"mod21": {
						"index": 0,
						"variation": false
					},
					"mod22": {
						"index": 1,
						"variation": false
					},
					"mod23": {
						"index": 3,
						"variation": false
					},
					"mod24": {
						"index": 0,
						"variation": false
					},
					"mod25": {
						"index": 0,
						"variation": false
					},
					"mod26": {
						"index": 0,
						"variation": false
					},
					"mod27": {
						"index": 0,
						"variation": false
					},
					"mod28": {
						"index": 0,
						"variation": false
					},
					"mod29": {
						"index": 0,
						"variation": false
					},
					"mod30": {
						"index": 0,
						"variation": false
					},
					"mod31": {
						"index": 0,
						"variation": false
					},
					"mod32": {
						"index": 0,
						"variation": false
					},
					"mod33": {
						"index": 0,
						"variation": false
					},
					"mod34": {
						"index": 0,
						"variation": false
					},
					"mod35": {
						"index": 0,
						"variation": false
					},
					"mod36": {
						"index": 0,
						"variation": false
					},
					"mod37": {
						"index": 0,
						"variation": false
					},
					"mod38": {
						"index": 0,
						"variation": false
					},
					"mod39": {
						"index": 0,
						"variation": false
					},
					"mod40": {
						"index": 0,
						"variation": false
					},
					"mod41": {
						"index": 0,
						"variation": false
					},
					"mod42": {
						"index": 0,
						"variation": false
					},
					"mod43": {
						"index": 0,
						"variation": false
					},
					"mod44": {
						"index": 0,
						"variation": false
					},
					"mod45": {
						"index": 0,
						"variation": false
					},
					"mod46": {
						"index": 0,
						"variation": false
					},
					"mod47": {
						"index": 0,
						"variation": false
					},
					"mod48": {
						"index": 35,
						"variation": false
					},
					"mod49": {
						"index": 0,
						"variation": false
					}
				},
				"wheelType": 10,
				"tyreSmokeColor": {
					"r": 255,
					"g": 255,
					"b": 255
				},
				"neonKits": {
					"left": false,
					"right": false,
					"front": false,
					"back": false,
					"color": {
						"r": 255,
						"g": 0,
						"b": 255
					}
				},
				"primaryColor": 154,
				"secondaryColor": 154,
				"pearlescentColor": 3,
				"isPrimaryColorCustom": false,
				"customPrimaryColor": {
					"r": 0,
					"g": 0,
					"b": 0
				},
				"isSecondaryColorCustom": false,
				"customSecondaryColor": {
					"r": 0,
					"g": 0,
					"b": 0
				},
				"windowTint": 0,
				"wheelColor": 0,
				"interiorColor": 0,
				"dashBoardColor": 0,
				"plateText": "28QGH599",
				"plateTextIndex": 0
			}
		}
	]
}