{
	"format": "Cherax Entity",
	"type": 1,
	"model": 970385471,
	"baseFlags": 1073808655,
	"mods": {
		"mod0": {
			"index": 0,
			"variation": false
		},
		"mod1": {
			"index": 0,
			"variation": false
		},
		"mod2": {
			"index": 0,
			"variation": false
		},
		"mod3": {
			"index": 0,
			"variation": false
		},
		"mod4": {
			"index": 0,
			"variation": false
		},
		"mod5": {
			"index": 0,
			"variation": false
		},
		"mod6": {
			"index": 0,
			"variation": false
		},
		"mod7": {
			"index": 0,
			"variation": false
		},
		"mod8": {
			"index": 0,
			"variation": false
		},
		"mod9": {
			"index": 0,
			"variation": false
		},
		"mod10": {
			"index": 0,
			"variation": false
		},
		"mod11": {
			"index": 0,
			"variation": false
		},
		"mod12": {
			"index": 0,
			"variation": false
		},
		"mod13": {
			"index": 0,
			"variation": false
		},
		"mod14": {
			"index": 0,
			"variation": false
		},
		"mod15": {
			"index": 0,
			"variation": false
		},
		"mod16": {
			"index": 0,
			"variation": false
		},
		"mod17": {
			"index": 0,
			"variation": false
		},
		"mod18": {
			"index": 0,
			"variation": false
		},
		"mod19": {
			"index": 0,
			"variation": false
		},
		"mod20": {
			"index": 0,
			"variation": false
		},
		"mod21": {
			"index": 0,
			"variation": false
		},
		"mod22": {
			"index": 0,
			"variation": false
		},
		"mod23": {
			"index": 0,
			"variation": false
		},
		"mod24": {
			"index": 0,
			"variation": false
		},
		"mod25": {
			"index": 0,
			"variation": false
		},
		"mod26": {
			"index": 0,
			"variation": false
		},
		"mod27": {
			"index": 0,
			"variation": false
		},
		"mod28": {
			"index": 0,
			"variation": false
		},
		"mod29": {
			"index": 0,
			"variation": false
		},
		"mod30": {
			"index": 0,
			"variation": false
		},
		"mod31": {
			"index": 0,
			"variation": false
		},
		"mod32": {
			"index": 0,
			"variation": false
		},
		"mod33": {
			"index": 0,
			"variation": false
		},
		"mod34": {
			"index": 0,
			"variation": false
		},
		"mod35": {
			"index": 0,
			"variation": false
		},
		"mod36": {
			"index": 0,
			"variation": false
		},
		"mod37": {
			"index": 0,
			"variation": false
		},
		"mod38": {
			"index": 0,
			"variation": false
		},
		"mod39": {
			"index": 0,
			"variation": false
		},
		"mod40": {
			"index": 0,
			"variation": false
		},
		"mod41": {
			"index": 0,
			"variation": false
		},
		"mod42": {
			"index": 0,
			"variation": false
		},
		"mod43": {
			"index": 0,
			"variation": false
		},
		"mod44": {
			"index": 0,
			"variation": false
		},
		"mod45": {
			"index": 0,
			"variation": false
		},
		"mod46": {
			"index": 0,
			"variation": false
		},
		"mod47": {
			"index": 0,
			"variation": false
		},
		"mod48": {
			"index": 0,
			"variation": false
		},
		"mod49": {
			"index": 0,
			"variation": false
		}
	},
	"wheelType": 0,
	"tyreSmokeColor": {
		"r": 255,
		"g": 255,
		"b": 255
	},
	"neonKits": {
		"left": false,
		"right": false,
		"front": false,
		"back": false,
		"color": {
			"r": 255,
			"g": 0,
			"b": 255
		}
	},
	"primaryColor": 120,
	"secondaryColor": 120,
	"pearlescentColor": 0,
	"isPrimaryColorCustom": false,
	"customPrimaryColor": {
		"r": 0,
		"g": 0,
		"b": 0
	},
	"isSecondaryColorCustom": false,
	"customSecondaryColor": {
		"r": 0,
		"g": 0,
		"b": 0
	},
	"windowTint": 0,
	"wheelColor": 156,
	"interiorColor": 0,
	"dashBoardColor": 0,
	"plateText": "42SRT522",
	"plateTextIndex": 0,
	"attachments": [
		{
			"data": {
				"offset": {
					"x": -4.27839469909668,
					"y": -3.9689178466796875,
					"z": 0.46512487530708313
				},
				"parentOffset": {
					"x": 0.0,
					"y": 0.0,
					"z": 0.0
				},
				"quat": {
					"x": 0.14555688202381134,
					"y": -0.00019240578694734722,
					"z": -0.9893498420715332,
					"w": 2.8307465981924906e-05
				},
				"otherBone": 0,
				"myBone": -1,
				"flags": 18562
			},
			"entity": {
				"format": "Cherax Entity",
				"type": 1,
				"model": 2413121211,
				"baseFlags": 1073808655,
				"mods": {
					"mod0": {
						"index": 0,
						"variation": false
					},
					"mod1": {
						"index": 0,
						"variation": false
					},
					"mod2": {
						"index": 0,
						"variation": false
					},
					"mod3": {
						"index": 0,
						"variation": false
					},
					"mod4": {
						"index": 0,
						"variation": false
					},
					"mod5": {
						"index": 0,
						"variation": false
					},
					"mod6": {
						"index": 0,
						"variation": false
					},
					"mod7": {
						"index": 0,
						"variation": false
					},
					"mod8": {
						"index": 0,
						"variation": false
					},
					"mod9": {
						"index": 0,
						"variation": false
					},
					"mod10": {
						"index": 2,
						"variation": false
					},
					"mod11": {
						"index": 4,
						"variation": false
					},
					"mod12": {
						"index": 3,
						"variation": false
					},
					"mod13": {
						"index": 3,
						"variation": false
					},
					"mod14": {
						"index": 58,
						"variation": false
					},
					"mod15": {
						"index": 4,
						"variation": false
					},
					"mod16": {
						"index": 5,
						"variation": false
					},
					"mod17": {
						"index": 0,
						"variation": false
					},
					"mod18": {
						"index": 1,
						"variation": false
					},
					"mod19": {
						"index": 0,
						"variation": false
					},
					"mod20": {
						"index": 0,
						"variation": false
					},
					"mod21": {
						"index": 0,
						"variation": false
					},
					"mod22": {
						"index": 1,
						"variation": false
					},
					"mod23": {
						"index": 0,
						"variation": false
					},
					"mod24": {
						"index": 0,
						"variation": false
					},
					"mod25": {
						"index": 0,
						"variation": false
					},
					"mod26": {
						"index": 0,
						"variation": false
					},
					"mod27": {
						"index": 0,
						"variation": false
					},
					"mod28": {
						"index": 0,
						"variation": false
					},
					"mod29": {
						"index": 0,
						"variation": false
					},
					"mod30": {
						"index": 0,
						"variation": false
					},
					"mod31": {
						"index": 0,
						"variation": false
					},
					"mod32": {
						"index": 0,
						"variation": false
					},
					"mod33": {
						"index": 0,
						"variation": false
					},
					"mod34": {
						"index": 0,
						"variation": false
					},
					"mod35": {
						"index": 0,
						"variation": false
					},
					"mod36": {
						"index": 0,
						"variation": false
					},
					"mod37": {
						"index": 0,
						"variation": false
					},
					"mod38": {
						"index": 0,
						"variation": false
					},
					"mod39": {
						"index": 0,
						"variation": false
					},
					"mod40": {
						"index": 0,
						"variation": false
					},
					"mod41": {
						"index": 0,
						"variation": false
					},
					"mod42": {
						"index": 0,
						"variation": false
					},
					"mod43": {
						"index": 0,
						"variation": false
					},
					"mod44": {
						"index": 0,
						"variation": false
					},
					"mod45": {
						"index": 0,
						"variation": false
					},
					"mod46": {
						"index": 0,
						"variation": false
					},
					"mod47": {
						"index": 0,
						"variation": false
					},
					"mod48": {
						"index": 0,
						"variation": false
					},
					"mod49": {
						"index": 0,
						"variation": false
					}
				},
				"wheelType": 0,
				"tyreSmokeColor": {
					"r": 255,
					"g": 255,
					"b": 255
				},
				"neonKits": {
					"left": false,
					"right": false,
					"front": false,
					"back": false,
					"color": {
						"r": 255,
						"g": 0,
						"b": 255
					}
				},
				"primaryColor": 120,
				"secondaryColor": 120,
				"pearlescentColor": 0,
				"isPrimaryColorCustom": false,
				"customPrimaryColor": {
					"r": 0,
					"g": 0,
					"b": 0
				},
				"isSecondaryColorCustom": false,
				"customSecondaryColor": {
					"r": 0,
					"g": 0,
					"b": 0
				},
				"windowTint": 0,
				"wheelColor": 154,
				"interiorColor": 0,
				"dashBoardColor": 0,
				"plateText": "42VYS613",
				"plateTextIndex": 0
			}
		},
		{
			"data": {
				"offset": {
					"x": 4.074709415435791,
					"y": -3.8533267974853516,
					"z": 0.5728345513343811
				},
				"parentOffset": {
					"x": 0.0,
					"y": 0.0,
					"z": 0.0
				},
				"quat": {
					"x": 0.1472943127155304,
					"y": 0.011170921847224236,
					"z": 0.9890282154083252,
					"w": 0.0016636666841804981
				},
				"otherBone": 0,
				"myBone": -1,
				"flags": 18562
			},
			"entity": {
				"format": "Cherax Entity",
				"type": 1,
				"model": 2413121211,
				"baseFlags": 1073808655,
				"mods": {
					"mod0": {
						"index": 0,
						"variation": false
					},
					"mod1": {
						"index": 0,
						"variation": false
					},
					"mod2": {
						"index": 0,
						"variation": false
					},
					"mod3": {
						"index": 0,
						"variation": false
					},
					"mod4": {
						"index": 0,
						"variation": false
					},
					"mod5": {
						"index": 0,
						"variation": false
					},
					"mod6": {
						"index": 0,
						"variation": false
					},
					"mod7": {
						"index": 0,
						"variation": false
					},
					"mod8": {
						"index": 0,
						"variation": false
					},
					"mod9": {
						"index": 0,
						"variation": false
					},
					"mod10": {
						"index": 2,
						"variation": false
					},
					"mod11": {
						"index": 4,
						"variation": false
					},
					"mod12": {
						"index": 3,
						"variation": false
					},
					"mod13": {
						"index": 3,
						"variation": false
					},
					"mod14": {
						"index": 58,
						"variation": false
					},
					"mod15": {
						"index": 4,
						"variation": false
					},
					"mod16": {
						"index": 5,
						"variation": false
					},
					"mod17": {
						"index": 0,
						"variation": false
					},
					"mod18": {
						"index": 1,
						"variation": false
					},
					"mod19": {
						"index": 0,
						"variation": false
					},
					"mod20": {
						"index": 0,
						"variation": false
					},
					"mod21": {
						"index": 0,
						"variation": false
					},
					"mod22": {
						"index": 1,
						"variation": false
					},
					"mod23": {
						"index": 0,
						"variation": false
					},
					"mod24": {
						"index": 0,
						"variation": false
					},
					"mod25": {
						"index": 0,
						"variation": false
					},
					"mod26": {
						"index": 0,
						"variation": false
					},
					"mod27": {
						"index": 0,
						"variation": false
					},
					"mod28": {
						"index": 0,
						"variation": false
					},
					"mod29": {
						"index": 0,
						"variation": false
					},
					"mod30": {
						"index": 0,
						"variation": false
					},
					"mod31": {
						"index": 0,
						"variation": false
					},
					"mod32": {
						"index": 0,
						"variation": false
					},
					"mod33": {
						"index": 0,
						"variation": false
					},
					"mod34": {
						"index": 0,
						"variation": false
					},
					"mod35": {
						"index": 0,
						"variation": false
					},
					"mod36": {
						"index": 0,
						"variation": false
					},
					"mod37": {
						"index": 0,
						"variation": false
					},
					"mod38": {
						"index": 0,
						"variation": false
					},
					"mod39": {
						"index": 0,
						"variation": false
					},
					"mod40": {
						"index": 0,
						"variation": false
					},
					"mod41": {
						"index": 0,
						"variation": false
					},
					"mod42": {
						"index": 0,
						"variation": false
					},
					"mod43": {
						"index": 0,
						"variation": false
					},
					"mod44": {
						"index": 0,
						"variation": false
					},
					"mod45": {
						"index": 0,
						"variation": false
					},
					"mod46": {
						"index": 0,
						"variation": false
					},
					"mod47": {
						"index": 0,
						"variation": false
					},
					"mod48": {
						"index": 0,
						"variation": false
					},
					"mod49": {
						"index": 0,
						"variation": false
					}
				},
				"wheelType": 0,
				"tyreSmokeColor": {
					"r": 255,
					"g": 255,
					"b": 255
				},
				"neonKits": {
					"left": false,
					"right": false,
					"front": false,
					"back": false,
					"color": {
						"r": 255,
						"g": 0,
						"b": 255
					}
				},
				"primaryColor": 120,
				"secondaryColor": 120,
				"pearlescentColor": 0,
				"isPrimaryColorCustom": false,
				"customPrimaryColor": {
					"r": 0,
					"g": 0,
					"b": 0
				},
				"isSecondaryColorCustom": false,
				"customSecondaryColor": {
					"r": 0,
					"g": 0,
					"b": 0
				},
				"windowTint": 0,
				"wheelColor": 154,
				"interiorColor": 0,
				"dashBoardColor": 0,
				"plateText": "49PGG880",
				"plateTextIndex": 0
			}
		},
		{
			"data": {
				"offset": {
					"x": -4.0378875732421875,
					"y": -7.614740371704102,
					"z": -0.9266612529754639
				},
				"parentOffset": {
					"x": 0.0,
					"y": 0.0,
					"z": 0.0
				},
				"quat": {
					"x": -0.0005153396632522345,
					"y": -0.019702184945344925,
					"z": 0.999805748462677,
					"w": 1.0155288691748865e-05
				},
				"otherBone": 0,
				"myBone": -1,
				"flags": 18562
			},
			"entity": {
				"format": "Cherax Entity",
				"type": 1,
				"model": 2069146067,
				"baseFlags": 1073808655,
				"mods": {
					"mod0": {
						"index": 0,
						"variation": false
					},
					"mod1": {
						"index": 0,
						"variation": false
					},
					"mod2": {
						"index": 0,
						"variation": false
					},
					"mod3": {
						"index": 0,
						"variation": false
					},
					"mod4": {
						"index": 0,
						"variation": false
					},
					"mod5": {
						"index": 1,
						"variation": false
					},
					"mod6": {
						"index": 2,
						"variation": false
					},
					"mod7": {
						"index": 0,
						"variation": false
					},
					"mod8": {
						"index": 0,
						"variation": false
					},
					"mod9": {
						"index": 0,
						"variation": false
					},
					"mod10": {
						"index": 2,
						"variation": false
					},
					"mod11": {
						"index": 4,
						"variation": false
					},
					"mod12": {
						"index": 3,
						"variation": false
					},
					"mod13": {
						"index": 0,
						"variation": false
					},
					"mod14": {
						"index": 0,
						"variation": false
					},
					"mod15": {
						"index": 0,
						"variation": false
					},
					"mod16": {
						"index": 5,
						"variation": false
					},
					"mod17": {
						"index": 0,
						"variation": false
					},
					"mod18": {
						"index": 1,
						"variation": false
					},
					"mod19": {
						"index": 0,
						"variation": false
					},
					"mod20": {
						"index": 0,
						"variation": false
					},
					"mod21": {
						"index": 0,
						"variation": false
					},
					"mod22": {
						"index": 1,
						"variation": false
					},
					"mod23": {
						"index": 0,
						"variation": false
					},
					"mod24": {
						"index": 72,
						"variation": false
					},
					"mod25": {
						"index": 0,
						"variation": false
					},
					"mod26": {
						"index": 0,
						"variation": false
					},
					"mod27": {
						"index": 0,
						"variation": false
					},
					"mod28": {
						"index": 0,
						"variation": false
					},
					"mod29": {
						"index": 0,
						"variation": false
					},
					"mod30": {
						"index": 0,
						"variation": false
					},
					"mod31": {
						"index": 0,
						"variation": false
					},
					"mod32": {
						"index": 0,
						"variation": false
					},
					"mod33": {
						"index": 0,
						"variation": false
					},
					"mod34": {
						"index": 0,
						"variation": false
					},
					"mod35": {
						"index": 0,
						"variation": false
					},
					"mod36": {
						"index": 0,
						"variation": false
					},
					"mod37": {
						"index": 0,
						"variation": false
					},
					"mod38": {
						"index": 0,
						"variation": false
					},
					"mod39": {
						"index": 0,
						"variation": false
					},
					"mod40": {
						"index": 0,
						"variation": false
					},
					"mod41": {
						"index": 0,
						"variation": false
					},
					"mod42": {
						"index": 0,
						"variation": false
					},
					"mod43": {
						"index": 0,
						"variation": false
					},
					"mod44": {
						"index": 0,
						"variation": false
					},
					"mod45": {
						"index": 0,
						"variation": false
					},
					"mod46": {
						"index": 0,
						"variation": false
					},
					"mod47": {
						"index": 0,
						"variation": false
					},
					"mod48": {
						"index": 30,
						"variation": false
					},
					"mod49": {
						"index": 0,
						"variation": false
					}
				},
				"wheelType": 6,
				"tyreSmokeColor": {
					"r": 255,
					"g": 255,
					"b": 255
				},
				"neonKits": {
					"left": false,
					"right": false,
					"front": false,
					"back": false,
					"color": {
						"r": 255,
						"g": 0,
						"b": 255
					}
				},
				"primaryColor": 120,
				"secondaryColor": 120,
				"pearlescentColor": 0,
				"isPrimaryColorCustom": false,
				"customPrimaryColor": {
					"r": 0,
					"g": 0,
					"b": 0
				},
				"isSecondaryColorCustom": false,
				"customSecondaryColor": {
					"r": 0,
					"g": 0,
					"b": 0
				},
				"windowTint": 0,
				"wheelColor": 112,
				"interiorColor": 93,
				"dashBoardColor": 93,
				"plateText": "35LNL822",
				"plateTextIndex": 0
			}
		},
		{
			"data": {
				"offset": {
					"x": 3.888152837753296,
					"y": -7.364592552185059,
					"z": -1.0393664836883545
				},
				"parentOffset": {
					"x": 0.0,
					"y": 0.0,
					"z": 0.0
				},
				"quat": {
					"x": 0.0007400648901239038,
					"y": 0.0006563495262525976,
					"z": -0.9999995231628418,
					"w": -4.857414523939951e-07
				},
				"otherBone": 0,
				"myBone": -1,
				"flags": 18562
			},
			"entity": {
				"format": "Cherax Entity",
				"type": 1,
				"model": 2069146067,
				"baseFlags": 1073808655,
				"mods": {
					"mod0": {
						"index": 0,
						"variation": false
					},
					"mod1": {
						"index": 0,
						"variation": false
					},
					"mod2": {
						"index": 0,
						"variation": false
					},
					"mod3": {
						"index": 0,
						"variation": false
					},
					"mod4": {
						"index": 0,
						"variation": false
					},
					"mod5": {
						"index": 1,
						"variation": false
					},
					"mod6": {
						"index": 2,
						"variation": false
					},
					"mod7": {
						"index": 0,
						"variation": false
					},
					"mod8": {
						"index": 0,
						"variation": false
					},
					"mod9": {
						"index": 0,
						"variation": false
					},
					"mod10": {
						"index": 2,
						"variation": false
					},
					"mod11": {
						"index": 4,
						"variation": false
					},
					"mod12": {
						"index": 3,
						"variation": false
					},
					"mod13": {
						"index": 0,
						"variation": false
					},
					"mod14": {
						"index": 0,
						"variation": false
					},
					"mod15": {
						"index": 0,
						"variation": false
					},
					"mod16": {
						"index": 5,
						"variation": false
					},
					"mod17": {
						"index": 0,
						"variation": false
					},
					"mod18": {
						"index": 1,
						"variation": false
					},
					"mod19": {
						"index": 0,
						"variation": false
					},
					"mod20": {
						"index": 0,
						"variation": false
					},
					"mod21": {
						"index": 0,
						"variation": false
					},
					"mod22": {
						"index": 1,
						"variation": false
					},
					"mod23": {
						"index": 0,
						"variation": false
					},
					"mod24": {
						"index": 72,
						"variation": false
					},
					"mod25": {
						"index": 0,
						"variation": false
					},
					"mod26": {
						"index": 0,
						"variation": false
					},
					"mod27": {
						"index": 0,
						"variation": false
					},
					"mod28": {
						"index": 0,
						"variation": false
					},
					"mod29": {
						"index": 0,
						"variation": false
					},
					"mod30": {
						"index": 0,
						"variation": false
					},
					"mod31": {
						"index": 0,
						"variation": false
					},
					"mod32": {
						"index": 0,
						"variation": false
					},
					"mod33": {
						"index": 0,
						"variation": false
					},
					"mod34": {
						"index": 0,
						"variation": false
					},
					"mod35": {
						"index": 0,
						"variation": false
					},
					"mod36": {
						"index": 0,
						"variation": false
					},
					"mod37": {
						"index": 0,
						"variation": false
					},
					"mod38": {
						"index": 0,
						"variation": false
					},
					"mod39": {
						"index": 0,
						"variation": false
					},
					"mod40": {
						"index": 0,
						"variation": false
					},
					"mod41": {
						"index": 0,
						"variation": false
					},
					"mod42": {
						"index": 0,
						"variation": false
					},
					"mod43": {
						"index": 0,
						"variation": false
					},
					"mod44": {
						"index": 0,
						"variation": false
					},
					"mod45": {
						"index": 0,
						"variation": false
					},
					"mod46": {
						"index": 0,
						"variation": false
					},
					"mod47": {
						"index": 0,
						"variation": false
					},
					"mod48": {
						"index": 30,
						"variation": false
					},
					"mod49": {
						"index": 0,
						"variation": false
					}
				},
				"wheelType": 6,
				"tyreSmokeColor": {
					"r": 255,
					"g": 255,
					"b": 255
				},
				"neonKits": {
					"left": false,
					"right": false,
					"front": false,
					"back": false,
					"color": {
						"r": 255,
						"g": 0,
						"b": 255
					}
				},
				"primaryColor": 120,
				"secondaryColor": 120,
				"pearlescentColor": 0,
				"isPrimaryColorCustom": false,
				"customPrimaryColor": {
					"r": 0,
					"g": 0,
					"b": 0
				},
				"isSecondaryColorCustom": false,
				"customSecondaryColor": {
					"r": 0,
					"g": 0,
					"b": 0
				},
				"windowTint": 0,
				"wheelColor": 112,
				"interiorColor": 93,
				"dashBoardColor": 93,
				"plateText": "35LNL822",
				"plateTextIndex": 0
			}
		}
	]
}