{
	"format": "Cherax Entity",
	"type": 1,
	"model": 2069146067,
	"baseFlags": 1073808655,
	"mods": {
		"mod0": {
			"index": 0,
			"variation": false
		},
		"mod1": {
			"index": 0,
			"variation": false
		},
		"mod2": {
			"index": 0,
			"variation": false
		},
		"mod3": {
			"index": 0,
			"variation": false
		},
		"mod4": {
			"index": 0,
			"variation": false
		},
		"mod5": {
			"index": 1,
			"variation": false
		},
		"mod6": {
			"index": 2,
			"variation": false
		},
		"mod7": {
			"index": 0,
			"variation": false
		},
		"mod8": {
			"index": 0,
			"variation": false
		},
		"mod9": {
			"index": 0,
			"variation": false
		},
		"mod10": {
			"index": 2,
			"variation": false
		},
		"mod11": {
			"index": 4,
			"variation": false
		},
		"mod12": {
			"index": 3,
			"variation": false
		},
		"mod13": {
			"index": 0,
			"variation": false
		},
		"mod14": {
			"index": 0,
			"variation": false
		},
		"mod15": {
			"index": 0,
			"variation": false
		},
		"mod16": {
			"index": 5,
			"variation": false
		},
		"mod17": {
			"index": 0,
			"variation": false
		},
		"mod18": {
			"index": 1,
			"variation": false
		},
		"mod19": {
			"index": 0,
			"variation": false
		},
		"mod20": {
			"index": 0,
			"variation": false
		},
		"mod21": {
			"index": 0,
			"variation": false
		},
		"mod22": {
			"index": 1,
			"variation": false
		},
		"mod23": {
			"index": 0,
			"variation": false
		},
		"mod24": {
			"index": 72,
			"variation": false
		},
		"mod25": {
			"index": 0,
			"variation": false
		},
		"mod26": {
			"index": 0,
			"variation": false
		},
		"mod27": {
			"index": 0,
			"variation": false
		},
		"mod28": {
			"index": 0,
			"variation": false
		},
		"mod29": {
			"index": 0,
			"variation": false
		},
		"mod30": {
			"index": 0,
			"variation": false
		},
		"mod31": {
			"index": 0,
			"variation": false
		},
		"mod32": {
			"index": 0,
			"variation": false
		},
		"mod33": {
			"index": 0,
			"variation": false
		},
		"mod34": {
			"index": 0,
			"variation": false
		},
		"mod35": {
			"index": 0,
			"variation": false
		},
		"mod36": {
			"index": 0,
			"variation": false
		},
		"mod37": {
			"index": 0,
			"variation": false
		},
		"mod38": {
			"index": 0,
			"variation": false
		},
		"mod39": {
			"index": 0,
			"variation": false
		},
		"mod40": {
			"index": 0,
			"variation": false
		},
		"mod41": {
			"index": 0,
			"variation": false
		},
		"mod42": {
			"index": 0,
			"variation": false
		},
		"mod43": {
			"index": 0,
			"variation": false
		},
		"mod44": {
			"index": 0,
			"variation": false
		},
		"mod45": {
			"index": 0,
			"variation": false
		},
		"mod46": {
			"index": 0,
			"variation": false
		},
		"mod47": {
			"index": 0,
			"variation": false
		},
		"mod48": {
			"index": 0,
			"variation": false
		},
		"mod49": {
			"index": 0,
			"variation": false
		}
	},
	"wheelType": 6,
	"tyreSmokeColor": {
		"r": 255,
		"g": 255,
		"b": 255
	},
	"neonKits": {
		"left": false,
		"right": false,
		"front": false,
		"back": false,
		"color": {
			"r": 255,
			"g": 0,
			"b": 255
		}
	},
	"primaryColor": 120,
	"secondaryColor": 120,
	"pearlescentColor": 0,
	"isPrimaryColorCustom": false,
	"customPrimaryColor": {
		"r": 0,
		"g": 0,
		"b": 0
	},
	"isSecondaryColorCustom": false,
	"customSecondaryColor": {
		"r": 0,
		"g": 0,
		"b": 0
	},
	"windowTint": 0,
	"wheelColor": 112,
	"interiorColor": 93,
	"dashBoardColor": 93,
	"plateText": "28QGH599",
	"plateTextIndex": 0,
	"attachments": [
		{
			"data": {
				"offset": {
					"x": 0.796513557434082,
					"y": -32.558380126953125,
					"z": -3.5316429138183594
				},
				"parentOffset": {
					"x": 0.0,
					"y": 0.0,
					"z": 0.0
				},
				"quat": {
					"x": 0.0026149610057473183,
					"y": 0.008594824932515621,
					"z": 0.005794822704046965,
					"w": 0.9999428391456604
				},
				"otherBone": 0,
				"myBone": -1,
				"flags": 18562
			},
			"entity": {
				"format": "Cherax Entity",
				"type": 1,
				"model": 1336872304,
				"baseFlags": 3221292303,
				"mods": {
					"mod0": {
						"index": 0,
						"variation": false
					},
					"mod1": {
						"index": 0,
						"variation": false
					},
					"mod2": {
						"index": 0,
						"variation": false
					},
					"mod3": {
						"index": 0,
						"variation": false
					},
					"mod4": {
						"index": 0,
						"variation": false
					},
					"mod5": {
						"index": 0,
						"variation": false
					},
					"mod6": {
						"index": 0,
						"variation": false
					},
					"mod7": {
						"index": 0,
						"variation": false
					},
					"mod8": {
						"index": 0,
						"variation": false
					},
					"mod9": {
						"index": 0,
						"variation": false
					},
					"mod10": {
						"index": 0,
						"variation": false
					},
					"mod11": {
						"index": 0,
						"variation": false
					},
					"mod12": {
						"index": 0,
						"variation": false
					},
					"mod13": {
						"index": 0,
						"variation": false
					},
					"mod14": {
						"index": 0,
						"variation": false
					},
					"mod15": {
						"index": 0,
						"variation": false
					},
					"mod16": {
						"index": 0,
						"variation": false
					},
					"mod17": {
						"index": 0,
						"variation": false
					},
					"mod18": {
						"index": 0,
						"variation": false
					},
					"mod19": {
						"index": 0,
						"variation": false
					},
					"mod20": {
						"index": 0,
						"variation": false
					},
					"mod21": {
						"index": 0,
						"variation": false
					},
					"mod22": {
						"index": 0,
						"variation": false
					},
					"mod23": {
						"index": 0,
						"variation": false
					},
					"mod24": {
						"index": 0,
						"variation": false
					},
					"mod25": {
						"index": 0,
						"variation": false
					},
					"mod26": {
						"index": 0,
						"variation": false
					},
					"mod27": {
						"index": 0,
						"variation": false
					},
					"mod28": {
						"index": 0,
						"variation": false
					},
					"mod29": {
						"index": 0,
						"variation": false
					},
					"mod30": {
						"index": 0,
						"variation": false
					},
					"mod31": {
						"index": 0,
						"variation": false
					},
					"mod32": {
						"index": 0,
						"variation": false
					},
					"mod33": {
						"index": 0,
						"variation": false
					},
					"mod34": {
						"index": 0,
						"variation": false
					},
					"mod35": {
						"index": 0,
						"variation": false
					},
					"mod36": {
						"index": 0,
						"variation": false
					},
					"mod37": {
						"index": 0,
						"variation": false
					},
					"mod38": {
						"index": 0,
						"variation": false
					},
					"mod39": {
						"index": 0,
						"variation": false
					},
					"mod40": {
						"index": 0,
						"variation": false
					},
					"mod41": {
						"index": 0,
						"variation": false
					},
					"mod42": {
						"index": 0,
						"variation": false
					},
					"mod43": {
						"index": 0,
						"variation": false
					},
					"mod44": {
						"index": 0,
						"variation": false
					},
					"mod45": {
						"index": 0,
						"variation": false
					},
					"mod46": {
						"index": 0,
						"variation": false
					},
					"mod47": {
						"index": 0,
						"variation": false
					},
					"mod48": {
						"index": 0,
						"variation": false
					},
					"mod49": {
						"index": 0,
						"variation": false
					}
				},
				"wheelType": 0,
				"tyreSmokeColor": {
					"r": 255,
					"g": 255,
					"b": 255
				},
				"neonKits": {
					"left": false,
					"right": false,
					"front": false,
					"back": false,
					"color": {
						"r": 255,
						"g": 0,
						"b": 255
					}
				},
				"primaryColor": 21,
				"secondaryColor": 46,
				"pearlescentColor": 3,
				"isPrimaryColorCustom": false,
				"customPrimaryColor": {
					"r": 0,
					"g": 0,
					"b": 0
				},
				"isSecondaryColorCustom": false,
				"customSecondaryColor": {
					"r": 0,
					"g": 0,
					"b": 0
				},
				"windowTint": 0,
				"wheelColor": 0,
				"interiorColor": 158,
				"dashBoardColor": 24,
				"plateText": "33BWK687",
				"plateTextIndex": 0
			}
		}
	]
}