{
	"format": "Cherax Entity",
	"type": 1,
	"model": 167522317,
	"baseFlags": 1073808655,
	"mods": {
		"mod0": {
			"index": 4,
			"variation": false
		},
		"mod1": {
			"index": 7,
			"variation": false
		},
		"mod2": {
			"index": 3,
			"variation": false
		},
		"mod3": {
			"index": 1,
			"variation": false
		},
		"mod4": {
			"index": 4,
			"variation": false
		},
		"mod5": {
			"index": 1,
			"variation": false
		},
		"mod6": {
			"index": 5,
			"variation": false
		},
		"mod7": {
			"index": 0,
			"variation": false
		},
		"mod8": {
			"index": 1,
			"variation": false
		},
		"mod9": {
			"index": 0,
			"variation": false
		},
		"mod10": {
			"index": 4,
			"variation": false
		},
		"mod11": {
			"index": 4,
			"variation": false
		},
		"mod12": {
			"index": 3,
			"variation": false
		},
		"mod13": {
			"index": 3,
			"variation": false
		},
		"mod14": {
			"index": 0,
			"variation": false
		},
		"mod15": {
			"index": 0,
			"variation": false
		},
		"mod16": {
			"index": 0,
			"variation": false
		},
		"mod17": {
			"index": 0,
			"variation": false
		},
		"mod18": {
			"index": 1,
			"variation": false
		},
		"mod19": {
			"index": 0,
			"variation": false
		},
		"mod20": {
			"index": 0,
			"variation": false
		},
		"mod21": {
			"index": 0,
			"variation": false
		},
		"mod22": {
			"index": 3,
			"variation": false
		},
		"mod23": {
			"index": 13,
			"variation": false
		},
		"mod24": {
			"index": 0,
			"variation": false
		},
		"mod25": {
			"index": 0,
			"variation": false
		},
		"mod26": {
			"index": 0,
			"variation": false
		},
		"mod27": {
			"index": 0,
			"variation": false
		},
		"mod28": {
			"index": 0,
			"variation": false
		},
		"mod29": {
			"index": 0,
			"variation": false
		},
		"mod30": {
			"index": 0,
			"variation": false
		},
		"mod31": {
			"index": 0,
			"variation": false
		},
		"mod32": {
			"index": 0,
			"variation": false
		},
		"mod33": {
			"index": 0,
			"variation": false
		},
		"mod34": {
			"index": 0,
			"variation": false
		},
		"mod35": {
			"index": 0,
			"variation": false
		},
		"mod36": {
			"index": 0,
			"variation": false
		},
		"mod37": {
			"index": 0,
			"variation": false
		},
		"mod38": {
			"index": 0,
			"variation": false
		},
		"mod39": {
			"index": 0,
			"variation": false
		},
		"mod40": {
			"index": 0,
			"variation": false
		},
		"mod41": {
			"index": 0,
			"variation": false
		},
		"mod42": {
			"index": 0,
			"variation": false
		},
		"mod43": {
			"index": 0,
			"variation": false
		},
		"mod44": {
			"index": 2,
			"variation": false
		},
		"mod45": {
			"index": 0,
			"variation": false
		},
		"mod46": {
			"index": 0,
			"variation": false
		},
		"mod47": {
			"index": 0,
			"variation": false
		},
		"mod48": {
			"index": 0,
			"variation": false
		},
		"mod49": {
			"index": 0,
			"variation": false
		}
	},
	"wheelType": 10,
	"tyreSmokeColor": {
		"r": 255,
		"g": 255,
		"b": 255
	},
	"neonKits": {
		"left": true,
		"right": true,
		"front": true,
		"back": true,
		"color": {
			"r": 2,
			"g": 21,
			"b": 255
		}
	},
	"primaryColor": 112,
	"secondaryColor": 112,
	"pearlescentColor": 0,
	"isPrimaryColorCustom": true,
	"customPrimaryColor": {
		"r": 110,
		"g": 120,
		"b": 255
	},
	"isSecondaryColorCustom": true,
	"customSecondaryColor": {
		"r": 0,
		"g": 0,
		"b": 0
	},
	"windowTint": 0,
	"wheelColor": 0,
	"interiorColor": 8,
	"dashBoardColor": 0,
	"plateText": "BRAZZERS",
	"plateTextIndex": 8,
	"attachments": [
		{
			"data": {
				"offset": {
					"x": -0.28999999165534973,
					"y": -2.140000104904175,
					"z": -0.3100000023841858
				},
				"parentOffset": {
					"x": 0.0,
					"y": 0.0,
					"z": 0.0
				},
				"quat": {
					"x": 0.0,
					"y": 0.0,
					"z": 0.0,
					"w": 1.0
				},
				"otherBone": 0,
				"myBone": -1,
				"flags": 18562
			},
			"entity": {
				"format": "Cherax Entity",
				"type": 3,
				"model": 568464183,
				"baseFlags": 1082328326
			}
		},
		{
			"data": {
				"offset": {
					"x": 0.7300000190734863,
					"y": -0.8199999928474426,
					"z": -0.3100000023841858
				},
				"parentOffset": {
					"x": 0.0,
					"y": 0.0,
					"z": 0.0
				},
				"quat": {
					"x": 0.0,
					"y": 0.0,
					"z": 0.7156927585601807,
					"w": 0.6984152793884277
				},
				"otherBone": 0,
				"myBone": -1,
				"flags": 18562
			},
			"entity": {
				"format": "Cherax Entity",
				"type": 3,
				"model": 4206216415,
				"baseFlags": 1082328335
			}
		},
		{
			"data": {
				"offset": {
					"x": -0.5,
					"y": -1.649999976158142,
					"z": 1.1399999856948853
				},
				"parentOffset": {
					"x": 0.0,
					"y": 0.0,
					"z": 0.0
				},
				"quat": {
					"x": 0.0,
					"y": 0.0,
					"z": -0.008726535364985466,
					"w": 0.9999619126319885
				},
				"otherBone": 0,
				"myBone": -1,
				"flags": 18562
			},
			"entity": {
				"format": "Cherax Entity",
				"type": 3,
				"model": 1149284614,
				"baseFlags": 1082197255
			}
		},
		{
			"data": {
				"offset": {
					"x": -0.30000001192092896,
					"y": -1.6299999952316284,
					"z": 1.1399999856948853
				},
				"parentOffset": {
					"x": 0.0,
					"y": 0.0,
					"z": 0.0
				},
				"quat": {
					"x": 0.0,
					"y": 0.0,
					"z": -0.008726535364985466,
					"w": 0.9999619126319885
				},
				"otherBone": 0,
				"myBone": -1,
				"flags": 18562
			},
			"entity": {
				"format": "Cherax Entity",
				"type": 3,
				"model": 255968589,
				"baseFlags": 1082197255
			}
		},
		{
			"data": {
				"offset": {
					"x": -0.10999999940395355,
					"y": -1.6299999952316284,
					"z": 1.1399999856948853
				},
				"parentOffset": {
					"x": 0.0,
					"y": 0.0,
					"z": 0.0
				},
				"quat": {
					"x": 0.0,
					"y": 0.0,
					"z": -0.008726535364985466,
					"w": 0.9999619126319885
				},
				"otherBone": 0,
				"myBone": -1,
				"flags": 18562
			},
			"entity": {
				"format": "Cherax Entity",
				"type": 3,
				"model": 1270334424,
				"baseFlags": 1082197255
			}
		},
		{
			"data": {
				"offset": {
					"x": 0.10000000149011612,
					"y": -1.6299999952316284,
					"z": 1.1399999856948853
				},
				"parentOffset": {
					"x": 0.0,
					"y": 0.0,
					"z": 0.0
				},
				"quat": {
					"x": 0.0,
					"y": 0.0,
					"z": -0.008726535364985466,
					"w": 0.9999619126319885
				},
				"otherBone": 0,
				"myBone": -1,
				"flags": 18562
			},
			"entity": {
				"format": "Cherax Entity",
				"type": 3,
				"model": 3430564923,
				"baseFlags": 1082197255
			}
		},
		{
			"data": {
				"offset": {
					"x": 0.5,
					"y": -1.6299999952316284,
					"z": 1.1399999856948853
				},
				"parentOffset": {
					"x": 0.0,
					"y": 0.0,
					"z": 0.0
				},
				"quat": {
					"x": 0.0,
					"y": 0.0,
					"z": -0.008726535364985466,
					"w": 0.9999619126319885
				},
				"otherBone": 0,
				"myBone": -1,
				"flags": 18562
			},
			"entity": {
				"format": "Cherax Entity",
				"type": 3,
				"model": 1149284614,
				"baseFlags": 1082197255
			}
		},
		{
			"data": {
				"offset": {
					"x": 0.30000001192092896,
					"y": -1.6299999952316284,
					"z": 1.1399999856948853
				},
				"parentOffset": {
					"x": 0.0,
					"y": 0.0,
					"z": 0.0
				},
				"quat": {
					"x": 0.0,
					"y": 0.0,
					"z": -0.008726535364985466,
					"w": 0.9999619126319885
				},
				"otherBone": 0,
				"myBone": -1,
				"flags": 18562
			},
			"entity": {
				"format": "Cherax Entity",
				"type": 3,
				"model": 1155806517,
				"baseFlags": 1082197255
			}
		},
		{
			"data": {
				"offset": {
					"x": -0.6499999761581421,
					"y": -3.319999933242798,
					"z": 0.23000000417232513
				},
				"parentOffset": {
					"x": 0.0,
					"y": 0.0,
					"z": 0.0
				},
				"quat": {
					"x": -0.3247429430484772,
					"y": 0.0,
					"z": 0.0,
					"w": 0.9458023309707642
				},
				"otherBone": 0,
				"myBone": -1,
				"flags": 18562
			},
			"entity": {
				"format": "Cherax Entity",
				"type": 3,
				"model": 1838966553,
				"baseFlags": 1082328327
			}
		},
		{
			"data": {
				"offset": {
					"x": -0.10000000149011612,
					"y": -0.019999999552965164,
					"z": 1.1299999952316284
				},
				"parentOffset": {
					"x": 0.0,
					"y": 0.0,
					"z": 0.0
				},
				"quat": {
					"x": -0.0008726645028218627,
					"y": 0.0,
					"z": 0.0,
					"w": 0.9999996423721313
				},
				"otherBone": 0,
				"myBone": -1,
				"flags": 18562
			},
			"entity": {
				"format": "Cherax Entity",
				"type": 3,
				"model": 579156093,
				"baseFlags": 1082328335
			}
		},
		{
			"data": {
				"offset": {
					"x": -0.7300000190734863,
					"y": -0.8299999833106995,
					"z": -0.30000001192092896
				},
				"parentOffset": {
					"x": 0.0,
					"y": 0.0,
					"z": 0.0
				},
				"quat": {
					"x": -0.0006170669803395867,
					"y": 0.0006170669803395867,
					"z": -0.7071065306663513,
					"w": 0.7071065306663513
				},
				"otherBone": 0,
				"myBone": -1,
				"flags": 18562
			},
			"entity": {
				"format": "Cherax Entity",
				"type": 3,
				"model": 4206216415,
				"baseFlags": 1082328335
			}
		},
		{
			"data": {
				"offset": {
					"x": -0.019999999552965164,
					"y": -0.8299999833106995,
					"z": 1.149999976158142
				},
				"parentOffset": {
					"x": 0.0,
					"y": 0.0,
					"z": 0.0
				},
				"quat": {
					"x": 0.0,
					"y": 0.0,
					"z": -0.6896194815635681,
					"w": 0.7241718769073486
				},
				"otherBone": 0,
				"myBone": -1,
				"flags": 18562
			},
			"entity": {
				"format": "Cherax Entity",
				"type": 3,
				"model": 579156093,
				"baseFlags": 1082328335
			}
		},
		{
			"data": {
				"offset": {
					"x": 2.3499999046325684,
					"y": -4.139999866485596,
					"z": 1.149999976158142
				},
				"parentOffset": {
					"x": 0.0,
					"y": 0.0,
					"z": 0.0
				},
				"quat": {
					"x": 0.0,
					"y": 0.0,
					"z": -0.7771459221839905,
					"w": 0.6293204426765442
				},
				"otherBone": 0,
				"myBone": -1,
				"flags": 804994
			},
			"entity": {
				"format": "Cherax Entity",
				"type": 3,
				"model": 1526269963,
				"baseFlags": 66822
			}
		},
		{
			"data": {
				"offset": {
					"x": 0.1599999964237213,
					"y": -4.070000171661377,
					"z": 0.05000000074505806
				},
				"parentOffset": {
					"x": 0.0,
					"y": 0.0,
					"z": 0.0
				},
				"quat": {
					"x": 0.0,
					"y": 0.0,
					"z": -0.9999143481254578,
					"w": 0.013089597225189209
				},
				"otherBone": 0,
				"myBone": -1,
				"flags": 18562
			},
			"entity": {
				"format": "Cherax Entity",
				"type": 3,
				"model": 1088478360,
				"baseFlags": 8455431
			}
		},
		{
			"data": {
				"offset": {
					"x": 0.15000000596046448,
					"y": -2.359999895095825,
					"z": 0.05000000074505806
				},
				"parentOffset": {
					"x": 0.0,
					"y": 0.0,
					"z": 0.0
				},
				"quat": {
					"x": 0.0,
					"y": 0.0,
					"z": 0.0,
					"w": 1.0
				},
				"otherBone": 0,
				"myBone": -1,
				"flags": 18562
			},
			"entity": {
				"format": "Cherax Entity",
				"type": 3,
				"model": 1088478360,
				"baseFlags": 8455431
			}
		},
		{
			"data": {
				"offset": {
					"x": -0.009999999776482582,
					"y": -3.3299999237060547,
					"z": 0.05000000074505806
				},
				"parentOffset": {
					"x": 0.0,
					"y": 0.0,
					"z": 0.0
				},
				"quat": {
					"x": 0.0,
					"y": 0.0,
					"z": 0.7095707058906555,
					"w": 0.7046341896057129
				},
				"otherBone": 0,
				"myBone": -1,
				"flags": 18562
			},
			"entity": {
				"format": "Cherax Entity",
				"type": 3,
				"model": 1088478360,
				"baseFlags": 8455431
			}
		},
		{
			"data": {
				"offset": {
					"x": 0.3100000023841858,
					"y": -3.3299999237060547,
					"z": 0.05000000074505806
				},
				"parentOffset": {
					"x": 0.0,
					"y": 0.0,
					"z": 0.0
				},
				"quat": {
					"x": 0.0,
					"y": 0.0,
					"z": -0.7009092569351196,
					"w": 0.713250458240509
				},
				"otherBone": 0,
				"myBone": -1,
				"flags": 18562
			},
			"entity": {
				"format": "Cherax Entity",
				"type": 3,
				"model": 1088478360,
				"baseFlags": 8455431
			}
		}
	]
}