{
	"format": "Cherax Entity",
	"type": 1,
	"model": 2754593701,
	"baseFlags": 1073808655,
	"mods": {
		"mod0": {
			"index": 3,
			"variation": false
		},
		"mod1": {
			"index": 6,
			"variation": false
		},
		"mod2": {
			"index": 0,
			"variation": false
		},
		"mod3": {
			"index": 7,
			"variation": false
		},
		"mod4": {
			"index": 0,
			"variation": false
		},
		"mod5": {
			"index": 0,
			"variation": false
		},
		"mod6": {
			"index": 0,
			"variation": false
		},
		"mod7": {
			"index": 9,
			"variation": false
		},
		"mod8": {
			"index": 0,
			"variation": false
		},
		"mod9": {
			"index": 0,
			"variation": false
		},
		"mod10": {
			"index": 1,
			"variation": false
		},
		"mod11": {
			"index": 4,
			"variation": false
		},
		"mod12": {
			"index": 3,
			"variation": false
		},
		"mod13": {
			"index": 3,
			"variation": false
		},
		"mod14": {
			"index": 0,
			"variation": false
		},
		"mod15": {
			"index": 4,
			"variation": false
		},
		"mod16": {
			"index": 0,
			"variation": false
		},
		"mod17": {
			"index": 0,
			"variation": false
		},
		"mod18": {
			"index": 1,
			"variation": false
		},
		"mod19": {
			"index": 0,
			"variation": false
		},
		"mod20": {
			"index": 0,
			"variation": false
		},
		"mod21": {
			"index": 0,
			"variation": false
		},
		"mod22": {
			"index": 2,
			"variation": false
		},
		"mod23": {
			"index": 3,
			"variation": false
		},
		"mod24": {
			"index": 0,
			"variation": false
		},
		"mod25": {
			"index": 0,
			"variation": false
		},
		"mod26": {
			"index": 2,
			"variation": false
		},
		"mod27": {
			"index": 1,
			"variation": false
		},
		"mod28": {
			"index": 0,
			"variation": false
		},
		"mod29": {
			"index": 1,
			"variation": false
		},
		"mod30": {
			"index": 0,
			"variation": false
		},
		"mod31": {
			"index": 0,
			"variation": false
		},
		"mod32": {
			"index": 0,
			"variation": false
		},
		"mod33": {
			"index": 0,
			"variation": false
		},
		"mod34": {
			"index": 0,
			"variation": false
		},
		"mod35": {
			"index": 0,
			"variation": false
		},
		"mod36": {
			"index": 0,
			"variation": false
		},
		"mod37": {
			"index": 0,
			"variation": false
		},
		"mod38": {
			"index": 0,
			"variation": false
		},
		"mod39": {
			"index": 3,
			"variation": false
		},
		"mod40": {
			"index": 8,
			"variation": false
		},
		"mod41": {
			"index": 4,
			"variation": false
		},
		"mod42": {
			"index": 2,
			"variation": false
		},
		"mod43": {
			"index": 0,
			"variation": false
		},
		"mod44": {
			"index": 0,
			"variation": false
		},
		"mod45": {
			"index": 0,
			"variation": false
		},
		"mod46": {
			"index": 0,
			"variation": false
		},
		"mod47": {
			"index": 0,
			"variation": false
		},
		"mod48": {
			"index": 15,
			"variation": false
		},
		"mod49": {
			"index": 0,
			"variation": false
		}
	},
	"wheelType": 10,
	"tyreSmokeColor": {
		"r": 20,
		"g": 20,
		"b": 20
	},
	"neonKits": {
		"left": false,
		"right": false,
		"front": false,
		"back": false,
		"color": {
			"r": 35,
			"g": 0,
			"b": 255
		}
	},
	"primaryColor": 0,
	"secondaryColor": 131,
	"pearlescentColor": 0,
	"isPrimaryColorCustom": true,
	"customPrimaryColor": {
		"r": 255,
		"g": 255,
		"b": 255
	},
	"isSecondaryColorCustom": true,
	"customSecondaryColor": {
		"r": 255,
		"g": 255,
		"b": 255
	},
	"windowTint": 0,
	"wheelColor": 0,
	"interiorColor": 3,
	"dashBoardColor": 111,
	"plateText": "BRAZZERS",
	"plateTextIndex": 0,
	"attachments": [
		{
			"data": {
				"offset": {
					"x": 0.6800000071525574,
					"y": -2.9000000953674316,
					"z": 0.9599999785423279
				},
				"parentOffset": {
					"x": 0.0,
					"y": 0.0,
					"z": 0.0
				},
				"quat": {
					"x": -0.5714299082756042,
					"y": 0.0,
					"z": 0.0,
					"w": 0.8206508755683899
				},
				"otherBone": 0,
				"myBone": -1,
				"flags": 18562
			},
			"entity": {
				"format": "Cherax Entity",
				"type": 3,
				"model": 4256277555,
				"baseFlags": 1082328327
			}
		},
		{
			"data": {
				"offset": {
					"x": 0.5600000023841858,
					"y": 1.090000033378601,
					"z": 0.8600000143051147
				},
				"parentOffset": {
					"x": 0.0,
					"y": 0.0,
					"z": 0.0
				},
				"quat": {
					"x": 0.0,
					"y": 0.0,
					"z": 0.9944303035736084,
					"w": 0.1053963303565979
				},
				"otherBone": 0,
				"myBone": -1,
				"flags": 18562
			},
			"entity": {
				"format": "Cherax Entity",
				"type": 3,
				"model": 1149284614,
				"baseFlags": 1082197254
			}
		},
		{
			"data": {
				"offset": {
					"x": 0.46000000834465027,
					"y": 0.6899999976158142,
					"z": 0.5799999833106995
				},
				"parentOffset": {
					"x": 0.0,
					"y": 0.0,
					"z": 0.0
				},
				"quat": {
					"x": 0.0,
					"y": 0.0,
					"z": 0.919135332107544,
					"w": 0.39394187927246094
				},
				"otherBone": 0,
				"myBone": -1,
				"flags": 18562
			},
			"entity": {
				"format": "Cherax Entity",
				"type": 3,
				"model": 1270334424,
				"baseFlags": 1082197255
			}
		},
		{
			"data": {
				"offset": {
					"x": 0.33000001311302185,
					"y": 0.6899999976158142,
					"z": 0.5600000023841858
				},
				"parentOffset": {
					"x": 0.0,
					"y": 0.0,
					"z": 0.0
				},
				"quat": {
					"x": 0.0,
					"y": 0.0,
					"z": 0.919135332107544,
					"w": 0.39394187927246094
				},
				"otherBone": 0,
				"myBone": -1,
				"flags": 18562
			},
			"entity": {
				"format": "Cherax Entity",
				"type": 3,
				"model": 1149284614,
				"baseFlags": 1082197255
			}
		},
		{
			"data": {
				"offset": {
					"x": 5.03000020980835,
					"y": -2.0399999618530273,
					"z": 0.7099999785423279
				},
				"parentOffset": {
					"x": 0.0,
					"y": 0.0,
					"z": 0.0
				},
				"quat": {
					"x": 0.011584079824388027,
					"y": -0.04244387149810791,
					"z": 0.911561906337738,
					"w": 0.4088021516799927
				},
				"otherBone": 0,
				"myBone": -1,
				"flags": 18562
			},
			"entity": {
				"format": "Cherax Entity",
				"type": 3,
				"model": 3038489227,
				"baseFlags": 1082328326
			}
		},
		{
			"data": {
				"offset": {
					"x": 0.23000000417232513,
					"y": -3.0999999046325684,
					"z": 1.1699999570846558
				},
				"parentOffset": {
					"x": 0.0,
					"y": 0.0,
					"z": 0.0
				},
				"quat": {
					"x": 0.008724777959287167,
					"y": -0.00017514152568764985,
					"z": 0.9997605085372925,
					"w": 0.02006923221051693
				},
				"otherBone": 0,
				"myBone": -1,
				"flags": 18562
			},
			"entity": {
				"format": "Cherax Entity",
				"type": 3,
				"model": 1262355818,
				"baseFlags": 1073808654
			}
		},
		{
			"data": {
				"offset": {
					"x": -0.550000011920929,
					"y": -0.8700000047683716,
					"z": -0.23999999463558197
				},
				"parentOffset": {
					"x": 0.0,
					"y": 0.0,
					"z": 0.0
				},
				"quat": {
					"x": -0.009881308302283287,
					"y": -0.0024337859358638525,
					"z": -0.7095661163330078,
					"w": 0.7045652866363525
				},
				"otherBone": 0,
				"myBone": -1,
				"flags": 18562
			},
			"entity": {
				"format": "Cherax Entity",
				"type": 3,
				"model": 568464183,
				"baseFlags": 1082328326
			}
		},
		{
			"data": {
				"offset": {
					"x": -0.3799999952316284,
					"y": 0.0,
					"z": -0.11999999731779099
				},
				"parentOffset": {
					"x": 0.0,
					"y": 0.0,
					"z": 0.0
				},
				"quat": {
					"x": -0.7052205801010132,
					"y": -0.7089337110519409,
					"z": -0.005535741336643696,
					"w": 0.006802166346460581
				},
				"otherBone": 0,
				"myBone": -1,
				"flags": 18562
			},
			"entity": {
				"format": "Cherax Entity",
				"type": 3,
				"model": 3083131213,
				"baseFlags": 66830
			}
		},
		{
			"data": {
				"offset": {
					"x": -0.8999999761581421,
					"y": -0.27000001072883606,
					"z": 0.2800000011920929
				},
				"parentOffset": {
					"x": 0.0,
					"y": 0.0,
					"z": 0.0
				},
				"quat": {
					"x": 0.006186726037412882,
					"y": -0.006154416128993034,
					"z": 0.7089285850524902,
					"w": 0.7052262425422668
				},
				"otherBone": 0,
				"myBone": -1,
				"flags": 18562
			},
			"entity": {
				"format": "Cherax Entity",
				"type": 3,
				"model": 514028339,
				"baseFlags": 66822
			}
		},
		{
			"data": {
				"offset": {
					"x": 0.8999999761581421,
					"y": -0.27000001072883606,
					"z": 0.2800000011920929
				},
				"parentOffset": {
					"x": 0.0,
					"y": 0.0,
					"z": 0.0
				},
				"quat": {
					"x": 0.006186726037412882,
					"y": -0.006154416128993034,
					"z": 0.7089285850524902,
					"w": 0.7052262425422668
				},
				"otherBone": 0,
				"myBone": -1,
				"flags": 18562
			},
			"entity": {
				"format": "Cherax Entity",
				"type": 3,
				"model": 514028339,
				"baseFlags": 66822
			}
		},
		{
			"data": {
				"offset": {
					"x": -0.07999999821186066,
					"y": -0.019999999552965164,
					"z": -1.590000033378601
				},
				"parentOffset": {
					"x": 0.0,
					"y": 0.0,
					"z": 0.0
				},
				"quat": {
					"x": 0.008726532571017742,
					"y": -7.615537469973788e-06,
					"z": 0.9999615550041199,
					"w": 0.0008726541418582201
				},
				"otherBone": 0,
				"myBone": -1,
				"flags": 18562
			},
			"entity": {
				"format": "Cherax Entity",
				"type": 3,
				"model": 854312511,
				"baseFlags": 1082328334
			}
		},
		{
			"data": {
				"offset": {
					"x": 0.05000000074505806,
					"y": 1.8799999952316284,
					"z": -0.09000000357627869
				},
				"parentOffset": {
					"x": 0.0,
					"y": 0.0,
					"z": 0.0
				},
				"quat": {
					"x": 0.005553530529141426,
					"y": -0.7070849537849426,
					"z": 0.7070742249488831,
					"w": 0.006787649355828762
				},
				"otherBone": 0,
				"myBone": -1,
				"flags": 18562
			},
			"entity": {
				"format": "Cherax Entity",
				"type": 3,
				"model": 854312511,
				"baseFlags": 1082328335
			}
		}
	]
}