{
	"format": "Cherax Entity",
	"type": 1,
	"model": 4151380270,
	"baseFlags": 1073808655,
	"mods": {
		"mod0": {
			"index": 9,
			"variation": false
		},
		"mod1": {
			"index": 1,
			"variation": false
		},
		"mod2": {
			"index": 0,
			"variation": false
		},
		"mod3": {
			"index": 0,
			"variation": false
		},
		"mod4": {
			"index": 6,
			"variation": false
		},
		"mod5": {
			"index": 13,
			"variation": false
		},
		"mod6": {
			"index": 0,
			"variation": false
		},
		"mod7": {
			"index": 0,
			"variation": false
		},
		"mod8": {
			"index": 3,
			"variation": false
		},
		"mod9": {
			"index": 0,
			"variation": false
		},
		"mod10": {
			"index": 0,
			"variation": false
		},
		"mod11": {
			"index": 4,
			"variation": false
		},
		"mod12": {
			"index": 3,
			"variation": false
		},
		"mod13": {
			"index": 3,
			"variation": false
		},
		"mod14": {
			"index": 58,
			"variation": false
		},
		"mod15": {
			"index": 4,
			"variation": false
		},
		"mod16": {
			"index": 5,
			"variation": false
		},
		"mod17": {
			"index": 0,
			"variation": false
		},
		"mod18": {
			"index": 1,
			"variation": false
		},
		"mod19": {
			"index": 0,
			"variation": false
		},
		"mod20": {
			"index": 0,
			"variation": false
		},
		"mod21": {
			"index": 0,
			"variation": false
		},
		"mod22": {
			"index": 2,
			"variation": false
		},
		"mod23": {
			"index": 11,
			"variation": false
		},
		"mod24": {
			"index": 0,
			"variation": false
		},
		"mod25": {
			"index": 0,
			"variation": false
		},
		"mod26": {
			"index": 0,
			"variation": false
		},
		"mod27": {
			"index": 2,
			"variation": false
		},
		"mod28": {
			"index": 0,
			"variation": false
		},
		"mod29": {
			"index": 0,
			"variation": false
		},
		"mod30": {
			"index": 0,
			"variation": false
		},
		"mod31": {
			"index": 0,
			"variation": false
		},
		"mod32": {
			"index": 0,
			"variation": false
		},
		"mod33": {
			"index": 0,
			"variation": false
		},
		"mod34": {
			"index": 0,
			"variation": false
		},
		"mod35": {
			"index": 0,
			"variation": false
		},
		"mod36": {
			"index": 0,
			"variation": false
		},
		"mod37": {
			"index": 0,
			"variation": false
		},
		"mod38": {
			"index": 0,
			"variation": false
		},
		"mod39": {
			"index": 0,
			"variation": false
		},
		"mod40": {
			"index": 0,
			"variation": false
		},
		"mod41": {
			"index": 0,
			"variation": false
		},
		"mod42": {
			"index": 0,
			"variation": false
		},
		"mod43": {
			"index": 0,
			"variation": false
		},
		"mod44": {
			"index": 0,
			"variation": false
		},
		"mod45": {
			"index": 0,
			"variation": false
		},
		"mod46": {
			"index": 0,
			"variation": false
		},
		"mod47": {
			"index": 0,
			"variation": false
		},
		"mod48": {
			"index": 7,
			"variation": false
		},
		"mod49": {
			"index": 0,
			"variation": false
		}
	},
	"wheelType": 10,
	"tyreSmokeColor": {
		"r": 255,
		"g": 255,
		"b": 255
	},
	"neonKits": {
		"left": false,
		"right": false,
		"front": false,
		"back": false,
		"color": {
			"r": 255,
			"g": 0,
			"b": 255
		}
	},
	"primaryColor": 0,
	"secondaryColor": 0,
	"pearlescentColor": 7,
	"isPrimaryColorCustom": true,
	"customPrimaryColor": {
		"r": 255,
		"g": 74,
		"b": 196
	},
	"isSecondaryColorCustom": true,
	"customSecondaryColor": {
		"r": 255,
		"g": 74,
		"b": 196
	},
	"windowTint": 4,
	"wheelColor": 0,
	"interiorColor": 70,
	"dashBoardColor": 156,
	"plateText": "BRAZZERS",
	"plateTextIndex": 0,
	"attachments": [
		{
			"data": {
				"offset": {
					"x": 0.6800000071525574,
					"y": -2.940000057220459,
					"z": 0.8999999761581421
				},
				"parentOffset": {
					"x": 0.0,
					"y": 0.0,
					"z": 0.0
				},
				"quat": {
					"x": -0.5475631952285767,
					"y": 0.0,
					"z": 0.0,
					"w": 0.8367643356323242
				},
				"otherBone": 0,
				"myBone": -1,
				"flags": 18562
			},
			"entity": {
				"format": "Cherax Entity",
				"type": 3,
				"model": 4256277555,
				"baseFlags": 1082328327
			}
		},
		{
			"data": {
				"offset": {
					"x": 0.5799999833106995,
					"y": -1.75,
					"z": 1.7400000095367432
				},
				"parentOffset": {
					"x": 0.0,
					"y": 0.0,
					"z": 0.0
				},
				"quat": {
					"x": -0.7070741653442383,
					"y": 0.006787633989006281,
					"z": -0.006787633989006281,
					"w": 0.7070741653442383
				},
				"otherBone": 0,
				"myBone": -1,
				"flags": 18562
			},
			"entity": {
				"format": "Cherax Entity",
				"type": 3,
				"model": 1102260331,
				"baseFlags": 1082328326
			}
		}
	]
}