{
	"format": "Cherax Entity",
	"type": 1,
	"model": 372621319,
	"baseFlags": 1073808655,
	"mods": {
		"mod0": {
			"index": 12,
			"variation": false
		},
		"mod1": {
			"index": 2,
			"variation": false
		},
		"mod2": {
			"index": 1,
			"variation": false
		},
		"mod3": {
			"index": 14,
			"variation": false
		},
		"mod4": {
			"index": 7,
			"variation": false
		},
		"mod5": {
			"index": 3,
			"variation": false
		},
		"mod6": {
			"index": 7,
			"variation": false
		},
		"mod7": {
			"index": 24,
			"variation": false
		},
		"mod8": {
			"index": 9,
			"variation": false
		},
		"mod9": {
			"index": 5,
			"variation": false
		},
		"mod10": {
			"index": 14,
			"variation": false
		},
		"mod11": {
			"index": 5,
			"variation": false
		},
		"mod12": {
			"index": 4,
			"variation": false
		},
		"mod13": {
			"index": 4,
			"variation": false
		},
		"mod14": {
			"index": 57,
			"variation": false
		},
		"mod15": {
			"index": 5,
			"variation": false
		},
		"mod16": {
			"index": 5,
			"variation": false
		},
		"mod17": {
			"index": 0,
			"variation": false
		},
		"mod18": {
			"index": 1,
			"variation": false
		},
		"mod19": {
			"index": 0,
			"variation": false
		},
		"mod20": {
			"index": 1,
			"variation": false
		},
		"mod21": {
			"index": 0,
			"variation": false
		},
		"mod22": {
			"index": 14,
			"variation": false
		},
		"mod23": {
			"index": 117,
			"variation": false
		},
		"mod24": {
			"index": 0,
			"variation": false
		},
		"mod25": {
			"index": 0,
			"variation": false
		},
		"mod26": {
			"index": 0,
			"variation": false
		},
		"mod27": {
			"index": 0,
			"variation": false
		},
		"mod28": {
			"index": 0,
			"variation": false
		},
		"mod29": {
			"index": 0,
			"variation": false
		},
		"mod30": {
			"index": 0,
			"variation": false
		},
		"mod31": {
			"index": 0,
			"variation": false
		},
		"mod32": {
			"index": 0,
			"variation": false
		},
		"mod33": {
			"index": 0,
			"variation": false
		},
		"mod34": {
			"index": 4,
			"variation": false
		},
		"mod35": {
			"index": 0,
			"variation": false
		},
		"mod36": {
			"index": 1,
			"variation": false
		},
		"mod37": {
			"index": 0,
			"variation": false
		},
		"mod38": {
			"index": 0,
			"variation": false
		},
		"mod39": {
			"index": 0,
			"variation": false
		},
		"mod40": {
			"index": 0,
			"variation": false
		},
		"mod41": {
			"index": 0,
			"variation": false
		},
		"mod42": {
			"index": 0,
			"variation": false
		},
		"mod43": {
			"index": 0,
			"variation": false
		},
		"mod44": {
			"index": 0,
			"variation": false
		},
		"mod45": {
			"index": 0,
			"variation": false
		},
		"mod46": {
			"index": 0,
			"variation": false
		},
		"mod47": {
			"index": 0,
			"variation": false
		},
		"mod48": {
			"index": 3,
			"variation": false
		},
		"mod49": {
			"index": 0,
			"variation": false
		}
	},
	"extras": {
		"extra0": false,
		"extra1": false,
		"extra2": false,
		"extra3": false,
		"extra4": false,
		"extra5": false,
		"extra6": false,
		"extra7": false,
		"extra8": false,
		"extra9": false,
		"extra10": false,
		"extra11": false,
		"extra12": false,
		"extra13": false,
		"extra14": false,
		"extra15": false
	},
	"wheelType": 11,
	"tyreSmokeColor": {
		"r": 20,
		"g": 20,
		"b": 20
	},
	"neonKits": {
		"left": true,
		"right": true,
		"front": true,
		"back": true,
		"color": {
			"r": 253,
			"g": 0,
			"b": 255
		}
	},
	"primaryColor": 143,
	"secondaryColor": 145,
	"pearlescentColor": 145,
	"isPrimaryColorCustom": false,
	"customPrimaryColor": {
		"r": 0,
		"g": 0,
		"b": 0
	},
	"isSecondaryColorCustom": false,
	"customSecondaryColor": {
		"r": 0,
		"g": 0,
		"b": 0
	},
	"windowTint": 2,
	"wheelColor": 205,
	"interiorColor": 112,
	"dashBoardColor": 0,
	"plateText": "Q TE DEN",
	"plateTextIndex": 1,
	"bulletproofTyres": true,
	"driftTyres": false
}