{"created":1662200979,"vehicles":[],"base":{"savedata":{"Colors":{"Primary":{"Custom":true,"Custom Color":{"r":33,"b":33,"g":33}},"Extras":{"Wheel":22,"Pearlescent":21},"Paint Fade":0.17254902422428,"Secondary":{"Custom":true,"Custom Color":{"r":33,"b":33,"g":33}},"Vehicle":{"r":33,"Primary":22,"g":33,"Secondary":22,"b":33},"Color Combo":0},"Extras":[],"Name":"VETO","Interior Color":0,"Model":-857356038,"Type":"Sports Classics","Livery":{"Style":-1,"Count":-1},"Format":"JSTAND 1.4.0","Dashboard Color":35,"Wheel Type":7,"License Plate":{"Text":"20QDZ516","Type":0},"Tire Smoke":{"r":255,"b":255,"g":255},"Bulletproof Tires":false,"Lights":{"SearchLightActive":false,"SirenActive":false,"Xenon Color":255,"Neon":{"Color":{"r":255,"b":255,"g":0},"Front":false,"Left":false,"Right":false,"Back":false}},"Mods":{"Exhaust":-1,"Steering Wheel":-1,"Shifter Leavers":-1,"Hydraulics":-1,"Armor":-1,"Suspension":-1,"Right Fender":-1,"Spoilers":-1,"Brakes":-1,"Dial Design":-1,"Front Bumper":-1,"Side Skirt":-1,"Fender":-1,"Trim Design":-1,"Plaques":-1,"Horns":-1,"Frame":-1,"Roof":-1,"Plate Holders":-1,"Engine":-1,"Wheels Design":-1,"Grille":-1,"Transmission":-1,"Motorcycle Back Wheel Design":-1,"Toggles":{"Turbo Turning":false,"Xenon Headlights":false,"UNK19":false,"Tire Smoke":false,"UNK17":false,"UNK21":false},"Hood":-1,"Rear Bumper":-1,"Livery":-1,"Ornaments":-1},"RadioLoud":false,"Manufacturer":"DINKA","Dirt Level":3.1043343544006,"Engine Running":false,"Window Tint":-1},"data":{"visible":true,"rotation":{"z":0,"y":0,"x":0},"type":"VEHICLE","godmode":true,"model":-857356038},"model":-857356038},"name":"ADyst08[Overpass]","peds":[],"builds":[],"objects":[{"visible":true,"offset":{"z":-10,"y":0,"x":0},"name":"xs_combined2_dyst_08_towers","boneIndex":0,"id":4,"rotation":{"z":0,"y":0,"x":0},"model":-1229974439},{"visible":true,"offset":{"z":-10,"y":0,"x":0},"name":"xs_combined2_dyst_08_build_01","boneIndex":0,"id":6,"rotation":{"z":0,"y":0,"x":0},"model":2000418612},{"visible":true,"offset":{"z":-0.1,"y":0.04,"x":-0.1},"name":"xs_prop_arena_jump_xs_01a","boneIndex":0,"id":7,"rotation":{"z":0,"y":0,"x":0},"model":-1973202942},{"visible":true,"offset":{"z":-10,"y":0,"x":0},"name":"xs_combined2_dyst_08_pipes_02","boneIndex":0,"id":1,"rotation":{"z":0,"y":0,"x":0},"model":-1076217392},{"visible":true,"offset":{"z":-10,"y":0,"x":0},"name":"xs_terrain_dystopian_08","boneIndex":0,"id":5,"rotation":{"z":0,"y":0,"x":0},"model":-2081176489},{"visible":true,"offset":{"z":-0.1,"y":0,"x":0},"name":"xs_prop_arena_jump_xs_01a","boneIndex":0,"id":8,"rotation":{"z":180,"y":0,"x":0},"model":-1973202942},{"visible":true,"offset":{"z":-10,"y":0,"x":0},"name":"xs_combined2_dyst_08_ramp","boneIndex":0,"id":2,"rotation":{"z":0,"y":0,"x":0},"model":2115772887},{"visible":true,"offset":{"z":-10,"y":0,"x":0},"name":"xs_combined2_dyst_08_pipes_01","boneIndex":0,"id":3,"rotation":{"z":0,"y":0,"x":0},"model":219468868}],"version":"Jackz Builder 1.4.0"}