{"peds":[],"objects":[{"offset":{"y":0,"z":-27,"x":0},"rotation":{"y":0,"z":0,"x":0},"visible":true,"name":"xs_combined2_dyst_07_build_b","model":2096413222,"type":"OBJECT"},{"offset":{"y":0,"z":-27,"x":0},"rotation":{"y":0,"z":0,"x":0},"visible":true,"name":"xs_combined2_dyst_07_hull","model":-1406151066,"type":"OBJECT"},{"offset":{"y":0,"z":-27,"x":0},"rotation":{"y":0,"z":0,"x":0},"visible":true,"name":"xs_combined2_dyst_07_shipdetails","model":-2011458920,"type":"OBJECT"},{"offset":{"y":0,"z":-27,"x":0},"rotation":{"y":0,"z":0,"x":0},"visible":true,"name":"xs_combined2_dyst_07_rear_hull","model":-1608009171,"type":"OBJECT"},{"offset":{"y":0,"z":-27,"x":0},"rotation":{"y":0,"z":0,"x":0},"visible":true,"name":"xs_combined2_dyst_07_build_e","model":14860804,"type":"OBJECT"},{"offset":{"y":0,"z":-27,"x":0},"rotation":{"y":0,"z":0,"x":0},"visible":true,"name":"xs_combined2_dyst_07_build_a","model":1210732690,"type":"OBJECT"},{"offset":{"y":0,"z":-27,"x":0},"rotation":{"y":0,"z":0,"x":0},"visible":true,"name":"xs_terrain_dyst_ground_07","model":-456433249,"type":"OBJECT"},{"offset":{"y":0,"z":-27,"x":0},"rotation":{"y":0,"z":0,"x":0},"visible":true,"name":"xs_combined2_dyst_07_cabin","model":-1706099995,"type":"OBJECT"},{"offset":{"y":0,"z":-27,"x":0},"rotation":{"y":0,"z":0,"x":0},"visible":true,"name":"xs_combined2_dyst_07_boatsafety","model":341237594,"type":"OBJECT"},{"offset":{"y":0,"z":-27,"x":0},"rotation":{"y":0,"z":0,"x":0},"visible":true,"name":"xs_combined2_dyst_07_build_d","model":321939103,"type":"OBJECT"},{"offset":{"y":0,"z":-27,"x":0},"rotation":{"y":0,"z":0,"x":0},"visible":true,"name":"xs_combined2_dyst_07_build_g","model":628656943,"type":"OBJECT"},{"offset":{"y":0,"z":-27,"x":0},"rotation":{"y":0,"z":0,"x":0},"visible":true,"name":"xs_combined2_dyst_07_shipdecals","model":-1024086926,"type":"OBJECT"},{"offset":{"y":-4.05,"z":0,"x":4.1},"rotation":{"y":0,"z":135,"x":0},"visible":true,"name":"xs_prop_arena_jump_s_01a","model":-546631087,"type":"OBJECT"},{"offset":{"y":0,"z":-27,"x":0},"rotation":{"y":0,"z":0,"x":0},"visible":true,"name":"xs_combined2_dyst_07_turret","model":1026355641,"type":"OBJECT"},{"offset":{"y":0,"z":-27,"x":0},"rotation":{"y":0,"z":0,"x":0},"visible":true,"name":"xs_combined2_dyst_07_build_f","model":906570832,"type":"OBJECT"},{"offset":{"y":0,"z":-27,"x":0},"rotation":{"y":0,"z":0,"x":0},"visible":true,"name":"xs_combined2_dyst_07_build_c","model":1823349145,"type":"OBJECT"},{"offset":{"y":0,"z":-27,"x":0},"rotation":{"y":0,"z":0,"x":0},"visible":true,"name":"xs_combined2_dyst_07_shipdetails2","model":1090396924,"type":"OBJECT"},{"offset":{"y":0,"z":0,"x":0},"rotation":{"y":0,"z":-45,"x":0},"visible":true,"name":"xs_prop_arena_jump_s_01a","model":-546631087,"type":"OBJECT"}],"blip_icon":225,"base":{"data":{"rotation":{"y":0,"z":0,"x":0},"visible":true,"godmode":true,"model":-857356038,"type":"VEHICLE"},"model":-857356038,"savedata":{"Colors":{"Paint Fade":0.16470588743687,"Extras":{"wheel":22,"pearlescent":21},"Vehicle":{"r":33,"b":33,"Primary":22,"g":33,"Secondary":22},"Primary":{"Custom":true,"Custom Color":{"r":33,"g":33,"b":33}},"Color Combo":0,"Secondary":{"Custom":true,"Custom Color":{"r":33,"g":33,"b":33}}},"Mods":{"Wheels Design":-1,"Armor":4,"Transmission":2,"Shifter Leavers":-1,"Rear Bumper":-1,"Spoilers":-1,"Dial Design":-1,"Frame":-1,"Front Bumper":-1,"Engine":3,"Trim Design":-1,"Plaques":-1,"Ornaments":-1,"Suspension":-1,"Exhaust":-1,"Hydraulics":-1,"Roof":-1,"Livery":-1,"Brakes":2,"Right Fender":-1,"Steering Wheel":-1,"Horns":-1,"Toggles":{"Tire Smoke":false,"Xenon Headlights":false,"UNK19":false,"Turbo Turning":true,"UNK21":false,"UNK17":false},"Motorcycle Back Wheel Design":-1,"Plate Holders":-1,"Fender":-1,"Hood":-1,"Side Skirt":-1,"Grille":-1},"Model":-857356038,"Type":"Sports Classics","Interior Color":0,"Lights":{"Xenon Color":255,"SearchLightActive":false,"Neon":{"Back":false,"Left":false,"Color":{"r":255,"g":0,"b":255},"Front":false,"Right":false},"SirenActive":false},"Format":"JSTAND 1.4.0","RadioLoud":false,"Engine Running":false,"Tire Smoke":{"r":255,"g":255,"b":255},"License Plate":{"Type":0,"Text":"01RBY820"},"Window Tint":-1,"Livery":{"Style":-1,"Count":-1},"Extras":[],"Dashboard Color":35,"Manufacturer":"DINKA","Name":"VETO","Bulletproof Tires":false,"Dirt Level":3.0254230499268}},"created":1661633550,"version":"Jackz Custom Vehicle 1.3.0","name":"ADyst07[Shipwreck]","vehicles":[]}