{"base":{"data":{"godmode":true,"model":-857356038,"rotation":{"x":0,"y":0,"z":0},"visible":true,"type":"VEHICLE"},"savedata":{"Mods":{"Side Skirt":-1,"Brakes":-1,"Right Fender":-1,"Steering Wheel":-1,"Hydraulics":-1,"Frame":-1,"Shifter Leavers":-1,"Exhaust":-1,"Ornaments":-1,"Trim Design":-1,"Plaques":-1,"Fender":-1,"Plate Holders":-1,"Livery":-1,"Armor":-1,"Toggles":{"Turbo Turning":false,"UNK21":false,"UNK19":false,"Tire Smoke":false,"Xenon Headlights":false,"UNK17":false},"Front Bumper":-1,"Rear Bumper":-1,"Motorcycle Back Wheel Design":-1,"Wheels Design":-1,"Horns":-1,"Suspension":-1,"Spoilers":-1,"Dial Design":-1,"Hood":-1,"Roof":-1,"Transmission":-1,"Grille":-1,"Engine":-1},"Colors":{"Paint Fade":0.34509804844856,"Extras":{"pearlescent":21,"wheel":22},"Color Combo":0,"Primary":{"Custom Color":{"g":33,"b":33,"r":33},"Custom":true},"Vehicle":{"Secondary":22,"g":33,"r":33,"Primary":22,"b":33},"Secondary":{"Custom Color":{"g":33,"b":33,"r":33},"Custom":true}},"Dirt Level":3.0700678825378,"Window Tint":-1,"Interior Color":0,"Name":"VETO","License Plate":{"Text":"21GEJ567","Type":0},"Livery":{"Style":-1,"Count":-1},"Dashboard Color":35,"Model":-857356038,"Extras":[],"Manufacturer":"DINKA","Format":"JSTAND 1.3.1","Bulletproof Tires":false,"Engine Running":false,"Lights":{"Xenon Color":255,"Neon":{"Back":false,"Left":false,"Front":false,"Color":{"g":0,"b":255,"r":255},"Right":false}},"Tire Smoke":{"g":255,"b":255,"r":255},"Type":"Sports Classics"},"model":-857356038},"peds":[],"name":"ArenaDyst06","objects":[{"model":-113439976,"name":"xs_combined_dyst_06_build_02","rotation":{"x":0,"y":0,"z":0},"visible":true,"offset":{"x":0,"y":0,"z":0},"type":"OBJECT"},{"model":2067252279,"name":"prop_metal_plates01","rotation":{"x":0,"y":0,"z":0},"visible":true,"offset":{"x":61.55,"y":0,"z":14.8},"type":"OBJECT"},{"model":-1973202942,"name":"xs_prop_arena_jump_xs_01a","rotation":{"x":0,"y":0,"z":180},"visible":true,"offset":{"x":0.09,"y":-0.03,"z":-0.1},"type":"OBJECT"},{"model":-1973202942,"name":"xs_prop_arena_jump_xs_01a","rotation":{"x":-35,"y":0,"z":-5},"visible":true,"offset":{"x":50.6,"y":-3.2,"z":-9999},"type":"OBJECT"},{"model":-1973202942,"name":"xs_prop_arena_jump_xs_01a","rotation":{"x":0,"y":0,"z":0},"visible":true,"offset":{"x":0,"y":0,"z":-0.1},"type":"OBJECT"},{"model":823473594,"name":"xs_prop_arena_jump_l_01a","rotation":{"x":0,"y":-5,"z":30},"visible":true,"offset":{"x":56.3,"y":0.6,"z":-9999},"type":"OBJECT"},{"model":919242286,"name":"xs_combined_dyst_06_build_03","rotation":{"x":0,"y":0,"z":0},"visible":true,"offset":{"x":0,"y":0,"z":0},"type":"OBJECT"},{"model":-1973202942,"name":"xs_prop_arena_jump_xs_01a","rotation":{"x":0,"y":0,"z":0},"visible":true,"offset":{"x":51.8,"y":0,"z":-9999},"type":"OBJECT"},{"model":823473594,"name":"xs_prop_arena_jump_l_01a","rotation":{"x":0,"y":-5,"z":-30},"visible":true,"offset":{"x":56.3,"y":-0.6,"z":-9999},"type":"OBJECT"},{"model":823473594,"name":"xs_prop_arena_jump_l_01a","rotation":{"x":-55,"y":0,"z":90},"visible":true,"offset":{"x":1,"y":1,"z":-9999},"type":"OBJECT"},{"model":823473594,"name":"xs_prop_arena_jump_l_01a","rotation":{"x":0,"y":-5,"z":-75},"visible":true,"offset":{"x":54.2,"y":-2.4,"z":-9999},"type":"OBJECT"},{"model":-1973202942,"name":"xs_prop_arena_jump_xs_01a","rotation":{"x":0,"y":-15,"z":0},"visible":true,"offset":{"x":57.9,"y":0,"z":-9999},"type":"OBJECT"},{"model":823473594,"name":"xs_prop_arena_jump_l_01a","rotation":{"x":0,"y":-5,"z":0},"visible":true,"offset":{"x":56.5,"y":0,"z":-9999},"type":"OBJECT"},{"model":823473594,"name":"xs_prop_arena_jump_l_01a","rotation":{"x":0,"y":-5,"z":-50},"visible":true,"offset":{"x":55.2,"y":-1.9,"z":-9999},"type":"OBJECT"},{"model":823473594,"name":"xs_prop_arena_jump_l_01a","rotation":{"x":0,"y":-5,"z":50},"visible":true,"offset":{"x":55.2,"y":1.9,"z":-9999},"type":"OBJECT"},{"model":823473594,"name":"xs_prop_arena_jump_l_01a","rotation":{"x":5,"y":-5,"z":-90},"visible":true,"offset":{"x":53,"y":-2.7,"z":-9998.6},"type":"OBJECT"},{"model":823473594,"name":"xs_prop_arena_jump_l_01a","rotation":{"x":0,"y":-5,"z":75},"visible":true,"offset":{"x":54.2,"y":2.4,"z":-9999},"type":"OBJECT"},{"model":-1973202942,"name":"xs_prop_arena_jump_xs_01a","rotation":{"x":35,"y":0,"z":5},"visible":true,"offset":{"x":50.6,"y":3.2,"z":-9999},"type":"OBJECT"},{"model":-1525292341,"name":"xs_combined_dyst_06_build_04","rotation":{"x":0,"y":0,"z":0},"visible":true,"offset":{"x":0,"y":0,"z":0},"type":"OBJECT"},{"model":488631427,"name":"xs_prop_arena_jump_02b","rotation":{"x":0,"y":0,"z":0},"visible":true,"offset":{"x":47.4,"y":0,"z":3},"type":"OBJECT"},{"model":376063569,"name":"xs_combined_dyst_06_roads","rotation":{"x":0,"y":0,"z":0},"visible":true,"offset":{"x":0,"y":0,"z":0},"type":"OBJECT"},{"model":823473594,"name":"xs_prop_arena_jump_l_01a","rotation":{"x":-5,"y":-5,"z":90},"visible":true,"offset":{"x":53,"y":2.7,"z":-9999},"type":"OBJECT"},{"model":2067252279,"name":"prop_metal_plates01","rotation":{"x":0,"y":0,"z":0},"visible":true,"offset":{"x":61.55,"y":-5.4,"z":14.81},"type":"OBJECT"},{"model":1817192171,"name":"xs_terrain_set_dystopian_06","rotation":{"x":0,"y":0,"z":0},"visible":true,"offset":{"x":0,"y":0,"z":0},"type":"OBJECT"},{"model":193703861,"name":"xs_combined_dyst_06_build_01","rotation":{"x":0,"y":0,"z":0},"visible":true,"offset":{"x":0,"y":0,"z":0},"type":"OBJECT"},{"model":2067252279,"name":"prop_metal_plates01","rotation":{"x":0,"y":0,"z":0},"visible":true,"offset":{"x":61.55,"y":5.4,"z":14.81},"type":"OBJECT"},{"model":656156470,"name":"xs_combined_dyst_06_rocks","rotation":{"x":0,"y":0,"z":0},"visible":true,"offset":{"x":0,"y":0,"z":0},"type":"OBJECT"}],"vehicles":[],"created":1661085169,"version":"Jackz Custom Vehicle 1.2.0"}