{"peds":[],"created":1660927441,"objects":[{"offset":{"x":0,"y":0,"z":-33},"visible":true,"type":"OBJECT","rotation":{"x":0,"y":0,"z":0},"name":"xs_combined_dyst_03_build_e","model":-2127983275},{"offset":{"x":0.2,"y":0.26,"z":0},"visible":true,"type":"OBJECT","rotation":{"x":0,"y":0,"z":180},"name":"xs_prop_arena_jump_xs_01a_wl","model":171222686},{"offset":{"x":0,"y":0,"z":-33},"visible":true,"type":"OBJECT","rotation":{"x":0,"y":0,"z":0},"name":"xs_combined_dyst_03_build_c","model":629036544},{"offset":{"x":0,"y":0,"z":-33},"visible":true,"type":"OBJECT","rotation":{"x":0,"y":0,"z":0},"name":"xs_combined_dyst_03_build_f","model":-1897715512},{"offset":{"x":0,"y":0,"z":-33},"visible":true,"type":"OBJECT","rotation":{"x":0,"y":0,"z":0},"name":"xs_combined_dyst_03_build_b","model":-665666650},{"offset":{"x":0,"y":0,"z":0},"visible":true,"type":"OBJECT","rotation":{"x":0,"y":0,"z":0},"name":"xs_prop_arena_jump_xs_01a_wl","model":171222686},{"offset":{"x":-23,"y":9.6,"z":25.2},"visible":true,"type":"OBJECT","rotation":{"x":0,"y":-4,"z":0},"name":"xs_prop_arena_jump_xs_01a_wl","model":171222686},{"offset":{"x":0,"y":0,"z":-33},"visible":true,"type":"OBJECT","rotation":{"x":0,"y":0,"z":0},"name":"xs_combined_dyst_03_build_a","model":-904585429},{"offset":{"x":0,"y":0,"z":-33},"visible":true,"type":"OBJECT","rotation":{"x":0,"y":0,"z":0},"name":"xs_combined_dyst_03_brdg01","model":1418581372},{"offset":{"x":0,"y":0,"z":-33},"visible":true,"type":"OBJECT","rotation":{"x":0,"y":0,"z":0},"name":"xs_combined_dyst_03_brdg02","model":2118789368},{"offset":{"x":30.4,"y":9.6,"z":25.2},"visible":true,"type":"OBJECT","rotation":{"x":0,"y":-4,"z":180},"name":"xs_prop_arena_jump_xs_01a_wl","model":171222686},{"offset":{"x":0,"y":0,"z":-33},"visible":true,"type":"OBJECT","rotation":{"x":0,"y":0,"z":0},"name":"xs_combined_dyst_03_build_d","model":868545165},{"offset":{"x":0,"y":0,"z":-33},"visible":true,"type":"OBJECT","rotation":{"x":0,"y":0,"z":0},"name":"xs_terrain_dystopian_03","model":1530262220},{"offset":{"x":0,"y":0,"z":-33},"visible":true,"type":"OBJECT","rotation":{"x":0,"y":0,"z":0},"name":"xs_combined_dyst_03_jumps","model":-2080217856}],"base":{"data":{"godmode":true,"type":"VEHICLE","rotation":{"x":0,"y":0,"z":0},"visible":true,"model":-857356038},"savedata":{"Engine Running":false,"Bulletproof Tires":false,"Model":-857356038,"License Plate":{"Text":"63XIH772","Type":0},"Livery":{"Count":-1,"Style":-1},"Dirt Level":3.1904664039612,"Window Tint":-1,"Lights":{"Xenon Color":255,"Neon":{"Color":{"g":0,"b":255,"r":255},"Back":false,"Left":false,"Front":false,"Right":false}},"Manufacturer":"DINKA","Type":"Sports Classics","Format":"JSTAND 1.3.1","Name":"VETO","Extras":[],"Dashboard Color":35,"Mods":{"Roof":-1,"Toggles":{"UNK19":false,"UNK17":false,"Xenon Headlights":false,"Tire Smoke":false,"Turbo Turning":false,"UNK21":false},"Side Skirt":-1,"Armor":-1,"Hood":-1,"Rear Bumper":-1,"Transmission":-1,"Exhaust":-1,"Ornaments":-1,"Livery":-1,"Grille":-1,"Right Fender":-1,"Steering Wheel":-1,"Plate Holders":-1,"Plaques":-1,"Trim Design":-1,"Motorcycle Back Wheel Design":-1,"Front Bumper":-1,"Hydraulics":-1,"Wheels Design":-1,"Suspension":-1,"Horns":-1,"Shifter Leavers":-1,"Dial Design":-1,"Brakes":-1,"Spoilers":-1,"Frame":-1,"Fender":-1,"Engine":-1},"Interior Color":0,"Colors":{"Vehicle":{"g":33,"Primary":22,"Secondary":22,"r":33,"b":33},"Extras":{"wheel":22,"pearlescent":21},"Primary":{"Pearlescent Color":-1,"Paint Type":7,"Color":-1,"Custom":false},"Paint Fade":0.678431391716,"Color Combo":0,"Secondary":{"Paint Type":7,"Color":-1,"Custom":false}},"Tire Smoke":{"g":255,"b":255,"r":255}},"model":-857356038},"vehicles":[],"name":"ArenaDyst03","version":"Jackz Custom Vehicle 1.2.0"}