{"version":"Jackz Custom Vehicle 1.3.0","peds":[],"vehicles":[],"objects":[{"model":171222686,"name":"xs_prop_arena_jump_xs_01a_wl","type":"OBJECT","offset":{"z":-0.1,"x":0.2,"y":0.26},"visible":true,"rotation":{"z":180,"x":0,"y":0}},{"model":-958211053,"name":"xs_terrain_set_dystopian_02","type":"OBJECT","offset":{"z":-34,"x":0,"y":0},"visible":true,"rotation":{"z":0,"x":0,"y":0}},{"model":171222686,"name":"xs_prop_arena_jump_xs_01a_wl","type":"OBJECT","offset":{"z":-0.1,"x":0,"y":0},"visible":true,"rotation":{"z":0,"x":0,"y":0}},{"model":1942691518,"name":"xs_terrain_set_dyst_02_detail","type":"OBJECT","offset":{"z":-34,"x":0,"y":0},"visible":true,"rotation":{"z":0,"x":0,"y":0}}],"name":"ADyst02[FlatWRocks]","created":1661628730,"base":{"model":-857356038,"data":{"model":-857356038,"visible":true,"type":"VEHICLE","godmode":true,"rotation":{"z":0,"x":0,"y":0}},"savedata":{"Model":-857356038,"Type":"Sports Classics","Format":"JSTAND 1.4.0","Bulletproof Tires":false,"Lights":{"Neon":{"Right":false,"Front":false,"Color":{"r":255,"g":0,"b":255},"Back":false,"Left":false},"Xenon Color":255,"SirenActive":false,"SearchLightActive":false},"Livery":{"Style":-1,"Count":-1},"RadioLoud":false,"Manufacturer":"DINKA","Tire Smoke":{"r":255,"g":255,"b":255},"Extras":[],"Mods":{"Shifter Leavers":-1,"Trim Design":-1,"Toggles":{"UNK21":false,"Xenon Headlights":false,"UNK17":false,"Tire Smoke":false,"Turbo Turning":true,"UNK19":false},"Frame":-1,"Roof":-1,"Rear Bumper":-1,"Spoilers":-1,"Plaques":-1,"Ornaments":-1,"Steering Wheel":-1,"Hood":-1,"Exhaust":-1,"Livery":-1,"Transmission":2,"Side Skirt":-1,"Plate Holders":-1,"Brakes":2,"Hydraulics":-1,"Motorcycle Back Wheel Design":-1,"Wheels Design":-1,"Dial Design":-1,"Front Bumper":-1,"Armor":4,"Grille":-1,"Horns":-1,"Engine":3,"Right Fender":-1,"Suspension":-1,"Fender":-1},"Window Tint":-1,"Name":"VETO","Dirt Level":3.0027806758881,"Interior Color":0,"Dashboard Color":35,"License Plate":{"Type":0,"Text":"99UTO686"},"Colors":{"Paint Fade":0.3647058904171,"Vehicle":{"r":33,"b":33,"g":33,"Secondary":22,"Primary":22},"Color Combo":0,"Primary":{"Pearlescent Color":-1,"Paint Type":7,"Custom":false,"Color":-1},"Secondary":{"Paint Type":7,"Custom":false,"Color":-1},"Extras":{"pearlescent":21,"wheel":22}},"Engine Running":false}},"blip_icon":225}