{"peds":[],"created":1661631999,"vehicles":[],"name":"ADyst04[Track]","objects":[{"rotation":{"z":0,"y":0,"x":0},"model":1918463407,"name":"xs_combined_dyst_fence_04","type":"OBJECT","visible":true,"offset":{"z":-28,"y":0,"x":0}},{"rotation":{"z":180,"y":0,"x":0},"model":171222686,"name":"xs_prop_arena_jump_xs_01a_wl","type":"OBJECT","visible":true,"offset":{"z":-0.1,"y":0.26,"x":0.2}},{"rotation":{"z":0,"y":0,"x":0},"model":1510244948,"name":"xs_terrain_set_dystopian_05","type":"OBJECT","visible":true,"offset":{"z":-28,"y":0,"x":0}},{"rotation":{"z":0,"y":0,"x":0},"model":-1422065537,"name":"xs_terrain_set_dystopian_05_line","type":"OBJECT","visible":true,"offset":{"z":-28,"y":0,"x":0}},{"rotation":{"z":0,"y":0,"x":0},"model":171222686,"name":"xs_prop_arena_jump_xs_01a_wl","type":"OBJECT","visible":true,"offset":{"z":-0.1,"y":0,"x":0}}],"base":{"savedata":{"RadioLoud":false,"Manufacturer":"DINKA","Bulletproof Tires":false,"Extras":[],"Type":"Sports Classics","Model":-857356038,"Name":"VETO","Colors":{"Secondary":{"Custom":false,"Color":-1,"Paint Type":7},"Vehicle":{"Secondary":22,"g":33,"r":33,"Primary":22,"b":33},"Paint Fade":0.78823536634445,"Extras":{"wheel":22,"pearlescent":21},"Primary":{"Custom":false,"Color":-1,"Pearlescent Color":-1,"Paint Type":7},"Color Combo":0},"Dirt Level":3.0018911361694,"Format":"JSTAND 1.4.0","Dashboard Color":35,"Mods":{"Grille":-1,"Side Skirt":-1,"Steering Wheel":-1,"Armor":4,"Shifter Leavers":-1,"Frame":-1,"Hood":-1,"Ornaments":-1,"Trim Design":-1,"Motorcycle Back Wheel Design":-1,"Transmission":2,"Plaques":-1,"Plate Holders":-1,"Dial Design":-1,"Roof":-1,"Exhaust":-1,"Hydraulics":-1,"Livery":-1,"Fender":-1,"Suspension":-1,"Rear Bumper":-1,"Horns":-1,"Right Fender":-1,"Spoilers":-1,"Toggles":{"Turbo Turning":true,"UNK21":false,"Xenon Headlights":false,"UNK19":false,"UNK17":false,"Tire Smoke":false},"Brakes":2,"Wheels Design":-1,"Front Bumper":-1,"Engine":3},"Window Tint":-1,"License Plate":{"Type":0,"Text":"24GVL062"},"Livery":{"Count":-1,"Style":-1},"Lights":{"SirenActive":false,"SearchLightActive":false,"Neon":{"Color":{"r":255,"b":255,"g":0},"Left":false,"Back":false,"Right":false,"Front":false},"Xenon Color":255},"Engine Running":false,"Interior Color":0,"Tire Smoke":{"r":255,"b":255,"g":255}},"model":-857356038,"data":{"rotation":{"z":0,"y":0,"x":0},"model":-857356038,"godmode":true,"type":"VEHICLE","visible":true}},"blip_icon":225,"version":"Jackz Custom Vehicle 1.3.0"}