{"version":"Jackz Custom Vehicle 1.2.0","name":"ArenaDyst01","objects":[{"name":"xs_combined_set_dyst_01_build_03","offset":{"x":0,"y":0,"z":0},"type":"OBJECT","visible":true,"model":1206984054,"rotation":{"x":0,"y":0,"z":0}},{"name":"xs_combined_set_dyst_01_build_12","offset":{"x":0,"y":0,"z":0},"type":"OBJECT","visible":true,"model":1732408156,"rotation":{"x":0,"y":0,"z":0}},{"name":"xs_prop_arena_jump_xs_01a_wl","offset":{"x":0,"y":0,"z":-0.1},"type":"OBJECT","visible":true,"model":171222686,"rotation":{"x":0,"y":0,"z":0}},{"name":"xs_prop_arena_jump_xs_01a_wl","offset":{"x":0.2,"y":0.26,"z":-0.1},"type":"OBJECT","visible":true,"model":171222686,"rotation":{"x":0,"y":0,"z":180}},{"name":"xs_combined_set_dyst_01_build_01","offset":{"x":0,"y":0,"z":0},"type":"OBJECT","visible":true,"model":-1968823585,"rotation":{"x":0,"y":0,"z":0}},{"name":"xs_combined_set_dyst_01_build_07","offset":{"x":0,"y":0,"z":0},"type":"OBJECT","visible":true,"model":-1359156340,"rotation":{"x":0,"y":0,"z":0}},{"name":"xs_combined_set_dyst_01_build_09","offset":{"x":0,"y":0,"z":0},"type":"OBJECT","visible":true,"model":-523481302,"rotation":{"x":0,"y":0,"z":0}},{"name":"xs_combined_set_dyst_01_build_04","offset":{"x":0,"y":0,"z":0},"type":"OBJECT","visible":true,"model":-944005875,"rotation":{"x":0,"y":0,"z":0}},{"name":"xs_combined_set_dyst_01_build_11","offset":{"x":0,"y":0,"z":0},"type":"OBJECT","visible":true,"model":1127033646,"rotation":{"x":0,"y":0,"z":0}},{"name":"xs_combined_set_dyst_01_build_02","offset":{"x":0,"y":0,"z":0},"type":"OBJECT","visible":true,"model":1982855667,"rotation":{"x":0,"y":0,"z":0}},{"name":"xs_combined_set_dyst_01_build_06","offset":{"x":0,"y":0,"z":0},"type":"OBJECT","visible":true,"model":-1556622334,"rotation":{"x":0,"y":0,"z":0}},{"name":"xs_combined_set_dyst_01_build_10","offset":{"x":0,"y":0,"z":0},"type":"OBJECT","visible":true,"model":887525025,"rotation":{"x":0,"y":0,"z":0}},{"name":"xs_combined_set_dyst_01_build_08","offset":{"x":0,"y":0,"z":0},"type":"OBJECT","visible":true,"model":253176767,"rotation":{"x":0,"y":0,"z":0}},{"name":"xs_combined_set_dyst_01_build_05","offset":{"x":0,"y":0,"z":0},"type":"OBJECT","visible":true,"model":-780816255,"rotation":{"x":0,"y":0,"z":0}},{"name":"xs_terrain_set_dyst_01_grnd","offset":{"x":0,"y":0,"z":0},"type":"OBJECT","visible":true,"model":-1127612162,"rotation":{"x":0,"y":0,"z":0}}],"created":1660926237,"vehicles":[],"peds":[],"base":{"model":-857356038,"savedata":{"Interior Color":0,"Model":-857356038,"Lights":{"Xenon Color":255,"Neon":{"Color":{"b":255,"r":255,"g":0},"Back":false,"Front":false,"Right":false,"Left":false}},"Format":"JSTAND 1.3.1","Dashboard Color":35,"Engine Running":false,"Type":"Sports Classics","Extras":[],"Window Tint":-1,"Livery":{"Style":-1,"Count":-1},"Bulletproof Tires":false,"Name":"VETO","Dirt Level":3.0669503211975,"Colors":{"Paint Fade":0.39215689897537,"Extras":{"wheel":22,"pearlescent":21},"Vehicle":{"b":33,"g":33,"Secondary":22,"r":33,"Primary":22},"Secondary":{"Custom":false,"Paint Type":7,"Color":-1},"Color Combo":0,"Primary":{"Custom":false,"Pearlescent Color":-1,"Paint Type":7,"Color":-1}},"Manufacturer":"DINKA","Mods":{"Horns":-1,"Grille":-1,"Fender":-1,"Engine":-1,"Spoilers":-1,"Steering Wheel":-1,"Dial Design":-1,"Transmission":-1,"Armor":-1,"Plaques":-1,"Wheels Design":-1,"Frame":-1,"Rear Bumper":-1,"Exhaust":-1,"Right Fender":-1,"Ornaments":-1,"Trim Design":-1,"Shifter Leavers":-1,"Front Bumper":-1,"Hydraulics":-1,"Motorcycle Back Wheel Design":-1,"Toggles":{"UNK17":false,"UNK19":false,"Turbo Turning":false,"UNK21":false,"Tire Smoke":false,"Xenon Headlights":false},"Plate Holders":-1,"Suspension":-1,"Side Skirt":-1,"Livery":-1,"Hood":-1,"Roof":-1,"Brakes":-1},"Tire Smoke":{"b":255,"r":255,"g":255},"License Plate":{"Type":0,"Text":"33OCH524"}},"data":{"model":-857356038,"type":"VEHICLE","godmode":true,"visible":true,"rotation":{"x":0,"y":0,"z":0}}}}