{"name":"ArenaWaste01","vehicles":[],"created":1660746968,"objects":[{"name":"xs_prop_arena_turntable_03a_wl","type":"OBJECT","visible":true,"rotation":{"y":0,"x":0,"z":-90},"offset":{"y":0,"x":-3.2,"z":-0.6},"model":399471027},{"name":"xs_propint3_waste_01_rim","type":"OBJECT","visible":true,"rotation":{"y":0,"x":0,"z":0},"offset":{"y":0,"x":0,"z":0},"model":623014176},{"name":"xs_propint3_waste_01_trees","type":"OBJECT","visible":true,"rotation":{"y":0,"x":0,"z":0},"offset":{"y":0,"x":0,"z":0},"model":-582766934},{"name":"xs_propint3_waste_01_jumps","type":"OBJECT","visible":true,"rotation":{"y":0,"x":0,"z":0},"offset":{"y":0,"x":0,"z":0},"model":1130464418},{"name":"xs_propint5_waste_01_ground","type":"OBJECT","visible":true,"rotation":{"y":0,"x":0,"z":0},"offset":{"y":0,"x":0,"z":0},"model":-115545768},{"name":"xs_propint5_waste_01_ground_d","type":"OBJECT","visible":true,"rotation":{"y":0,"x":0,"z":0},"offset":{"y":0,"x":0,"z":0},"model":1009011285},{"name":"xs_prop_arena_turntable_03a_wl","type":"OBJECT","visible":true,"rotation":{"y":0,"x":0,"z":90},"offset":{"y":0,"x":3.2,"z":-0.6},"model":399471027},{"name":"xs_propint3_waste_01_neon","type":"OBJECT","visible":true,"rotation":{"y":0,"x":0,"z":0},"offset":{"y":0,"x":0,"z":0},"model":-303962799},{"name":"xs_propint3_waste_01_garbage_b","type":"OBJECT","visible":true,"rotation":{"y":0,"x":0,"z":0},"offset":{"y":0,"x":0,"z":0},"model":-805135095},{"name":"xs_propint3_waste_01_garbage_a","type":"OBJECT","visible":true,"rotation":{"y":0,"x":0,"z":0},"offset":{"y":0,"x":0,"z":0},"model":1236504689},{"name":"xs_propint3_waste_01_statues","type":"OBJECT","visible":true,"rotation":{"y":0,"x":0,"z":0},"offset":{"y":0,"x":0,"z":0},"model":-255163629},{"name":"xs_propint3_waste_01_plates","type":"OBJECT","visible":true,"rotation":{"y":0,"x":0,"z":0},"offset":{"y":0,"x":0,"z":0},"model":-431283440},{"name":"xs_propint3_waste_01_bottles","type":"OBJECT","visible":true,"rotation":{"y":0,"x":0,"z":0},"offset":{"y":0,"x":0,"z":0},"model":177994479}],"base":{"model":-1403128555,"savedata":{"Dashboard Color":0,"Type":"Sports","Format":"JSTAND 1.3.1","Extras":[],"Manufacturer":"PEGASSI","Livery":{"Style":-1,"Count":-1},"Dirt Level":3.0007371902466,"Lights":{"Neon":{"Back":false,"Front":false,"Color":{"b":255,"g":0,"r":255},"Right":false,"Left":false},"Xenon Color":255},"Mods":{"Plaques":-1,"Suspension":-1,"Brakes":2,"Frame":-1,"Hood":-1,"Toggles":{"UNK17":false,"UNK21":false,"UNK19":false,"Turbo Turning":true,"Tire Smoke":false,"Xenon Headlights":false},"Exhaust":-1,"Fender":-1,"Plate Holders":-1,"Hydraulics":-1,"Engine":3,"Shifter Leavers":-1,"Ornaments":-1,"Front Bumper":-1,"Motorcycle Back Wheel Design":-1,"Trim Design":-1,"Wheels Design":-1,"Rear Bumper":-1,"Livery":-1,"Transmission":2,"Roof":-1,"Armor":4,"Horns":-1,"Spoilers":-1,"Dial Design":-1,"Grille":-1,"Steering Wheel":-1,"Side Skirt":-1,"Right Fender":-1},"Engine Running":false,"Interior Color":0,"Model":-1403128555,"Bulletproof Tires":true,"Colors":{"Paint Fade":0.14901961386204,"Primary":{"Color":-1,"Paint Type":7,"Pearlescent Color":-1,"Custom":false},"Color Combo":8,"Extras":{"wheel":156,"pearlescent":37},"Secondary":{"Paint Type":7,"Color":-1,"Custom":false},"Vehicle":{"Primary":36,"g":40,"r":128,"Secondary":41,"b":0}},"License Plate":{"Type":0,"Text":"26UWJ865"},"Window Tint":-1,"Tire Smoke":{"b":255,"g":255,"r":255},"Name":"ZENTORNO"},"data":{"model":-1403128555,"type":"VEHICLE","godmode":true,"rotation":{"y":0,"x":0,"z":0},"visible":true}},"peds":[],"version":"Jackz Custom Vehicle 1.2.0"}