{"objects":[{"type":"OBJECT","model":1708919037,"offset":{"x":0,"z":0,"y":0},"name":"xs_prop_hamburgher_wl","visible":true,"rotation":{"x":0,"z":0,"y":0}},{"type":"OBJECT","model":1708672432,"offset":{"x":0,"z":-22,"y":0},"name":"xs_propint3_waste_02_garbage_c","visible":true,"rotation":{"x":0,"z":0,"y":0}},{"type":"OBJECT","model":171222686,"offset":{"x":17,"z":2,"y":35.19},"name":"xs_prop_arena_jump_xs_01a_wl","visible":true,"rotation":{"x":0,"z":155,"y":-10}},{"type":"OBJECT","model":1232440555,"offset":{"x":0,"z":-22,"y":0},"name":"xs_propint3_waste_02_garbage_a","visible":true,"rotation":{"x":0,"z":0,"y":0}},{"type":"OBJECT","model":838960374,"offset":{"x":0,"z":-22,"y":0},"name":"xs_propint3_waste_02_rims","visible":true,"rotation":{"x":0,"z":0,"y":0}},{"type":"OBJECT","model":171222686,"offset":{"x":-18.61,"z":2,"y":-33.81},"name":"xs_prop_arena_jump_xs_01a_wl","visible":true,"rotation":{"x":0,"z":-30,"y":-10}},{"type":"OBJECT","model":-493276102,"offset":{"x":0,"z":-22,"y":0},"name":"xs_propint3_waste_02_statues","visible":true,"rotation":{"x":0,"z":0,"y":0}},{"type":"OBJECT","model":-2099711076,"offset":{"x":0,"z":-22,"y":0},"name":"xs_propint5_waste_02_ground_d","visible":true,"rotation":{"x":0,"z":0,"y":0}},{"type":"OBJECT","model":168238808,"offset":{"x":0,"z":-22,"y":0},"name":"xs_propint3_waste_02_plates","visible":true,"rotation":{"x":0,"z":0,"y":0}},{"type":"OBJECT","model":-409827163,"offset":{"x":0,"z":-22,"y":0},"name":"xs_propint5_waste_02_ground","visible":true,"rotation":{"x":0,"z":0,"y":0}},{"type":"OBJECT","model":-212229456,"offset":{"x":0,"z":-22,"y":0},"name":"xs_propint3_waste_02_tires","visible":true,"rotation":{"x":0,"z":0,"y":0}},{"type":"OBJECT","model":1939267885,"offset":{"x":0,"z":-22,"y":0},"name":"xs_propint3_waste_02_garbage_b","visible":true,"rotation":{"x":0,"z":0,"y":0}},{"type":"OBJECT","model":-1252112690,"offset":{"x":0,"z":-22,"y":0},"name":"xs_propint3_waste_02_trees","visible":true,"rotation":{"x":0,"z":0,"y":0}}],"version":"Jackz Custom Vehicle 1.2.0","peds":[],"name":"ArenaWaste02","vehicles":[],"base":{"model":-857356038,"savedata":{"Model":-857356038,"Name":"VETO","Livery":{"Style":-1,"Count":-1},"Type":"Sports Classics","Window Tint":-1,"Engine Running":false,"Format":"JSTAND 1.3.1","Bulletproof Tires":false,"Extras":[],"Mods":{"Spoilers":-1,"Exhaust":-1,"Roof":-1,"Grille":-1,"Livery":-1,"Shifter Leavers":-1,"Brakes":-1,"Steering Wheel":-1,"Suspension":-1,"Trim Design":-1,"Plate Holders":-1,"Fender":-1,"Engine":-1,"Transmission":-1,"Plaques":-1,"Frame":-1,"Motorcycle Back Wheel Design":-1,"Hood":-1,"Toggles":{"UNK19":false,"Turbo Turning":false,"Tire Smoke":false,"UNK21":false,"UNK17":false,"Xenon Headlights":false},"Armor":-1,"Hydraulics":-1,"Rear Bumper":-1,"Front Bumper":-1,"Side Skirt":-1,"Ornaments":-1,"Horns":-1,"Wheels Design":-1,"Right Fender":-1,"Dial Design":-1},"Colors":{"Color Combo":0,"Primary":{"Custom":true,"Custom Color":{"g":33,"r":33,"b":33}},"Paint Fade":0.60392159223557,"Extras":{"pearlescent":21,"wheel":22},"Vehicle":{"Primary":22,"Secondary":22,"g":33,"r":33,"b":33},"Secondary":{"Custom":true,"Custom Color":{"g":33,"r":33,"b":33}}},"Dashboard Color":35,"License Plate":{"Type":0,"Text":"51UPA485"},"Tire Smoke":{"g":255,"r":255,"b":255},"Interior Color":0,"Lights":{"Neon":{"Right":false,"Color":{"g":0,"r":255,"b":255},"Front":false,"Left":false,"Back":false},"Xenon Color":255},"Dirt Level":3.0580332279205,"Manufacturer":"DINKA"},"data":{"type":"VEHICLE","model":-857356038,"visible":true,"godmode":true,"rotation":{"x":0,"z":0,"y":0}}},"created":1660938449}