{"version":"Jackz Custom Vehicle 1.2.0","created":1661084560,"peds":[],"base":{"model":-857356038,"data":{"godmode":true,"type":"VEHICLE","rotation":{"z":0,"x":0,"y":0},"model":-857356038,"visible":true},"savedata":{"Manufacturer":"DINKA","Tire Smoke":{"r":255,"g":255,"b":255},"Name":"VETO","Format":"JSTAND 1.3.1","Window Tint":-1,"Colors":{"Paint Fade":0.71764707565308,"Vehicle":{"r":33,"Secondary":22,"g":33,"b":33,"Primary":22},"Secondary":{"Paint Type":7,"Custom":false,"Color":-1},"Extras":{"wheel":22,"pearlescent":21},"Color Combo":0,"Primary":{"Pearlescent Color":-1,"Paint Type":7,"Custom":false,"Color":-1}},"Type":"Sports Classics","Interior Color":0,"Livery":{"Count":-1,"Style":-1},"Mods":{"Side Skirt":-1,"Transmission":-1,"Frame":-1,"Spoilers":-1,"Hydraulics":-1,"Right Fender":-1,"Motorcycle Back Wheel Design":-1,"Brakes":-1,"Plate Holders":-1,"Suspension":-1,"Shifter Leavers":-1,"Roof":-1,"Fender":-1,"Ornaments":-1,"Hood":-1,"Armor":-1,"Livery":-1,"Horns":-1,"Engine":-1,"Plaques":-1,"Wheels Design":-1,"Exhaust":-1,"Toggles":{"Tire Smoke":false,"Xenon Headlights":false,"UNK19":false,"Turbo Turning":false,"UNK21":false,"UNK17":false},"Steering Wheel":-1,"Trim Design":-1,"Grille":-1,"Front Bumper":-1,"Rear Bumper":-1,"Dial Design":-1},"License Plate":{"Text":"41GFX853","Type":0},"Extras":[],"Bulletproof Tires":false,"Dirt Level":3.0072016716003,"Model":-857356038,"Dashboard Color":35,"Engine Running":false,"Lights":{"Xenon Color":255,"Neon":{"Left":false,"Back":false,"Front":false,"Right":false,"Color":{"r":255,"g":0,"b":255}}}}},"name":"ArenaWaste04[Track]","vehicles":[],"objects":[{"type":"OBJECT","rotation":{"z":0,"x":0,"y":0},"offset":{"z":-26,"x":0,"y":0},"model":230571613,"name":"xs_propint3_waste_04_trees","visible":true},{"type":"OBJECT","rotation":{"z":0,"x":0,"y":0},"offset":{"z":-26,"x":0,"y":0},"model":-841707471,"name":"xs_propint5_waste_04_ground","visible":true},{"type":"OBJECT","rotation":{"z":0,"x":0,"y":0},"offset":{"z":-26,"x":0,"y":0},"model":-1872976245,"name":"xs_propint5_waste_04_ground_d","visible":true},{"type":"OBJECT","rotation":{"z":0,"x":0,"y":0},"offset":{"z":-26,"x":0,"y":0},"model":1426108475,"name":"xs_propint3_waste_04_tires","visible":true},{"type":"OBJECT","rotation":{"z":180,"x":0,"y":0},"offset":{"z":3.6,"x":-65.1,"y":-40},"model":-1088903588,"name":"stt_prop_ramp_jump_xs","visible":true},{"type":"OBJECT","rotation":{"z":180,"x":0,"y":0},"offset":{"z":3.6,"x":-65.1,"y":-24},"model":-1088903588,"name":"stt_prop_ramp_jump_xs","visible":true},{"type":"OBJECT","rotation":{"z":0,"x":0,"y":0},"offset":{"z":-26,"x":0,"y":0},"model":506581719,"name":"xs_propint3_waste_04_firering","visible":true},{"type":"OBJECT","rotation":{"z":180,"x":0,"y":0},"offset":{"z":3.6,"x":-65.1,"y":-32},"model":-1088903588,"name":"stt_prop_ramp_jump_xs","visible":true},{"type":"OBJECT","rotation":{"z":120,"x":0,"y":0},"offset":{"z":0.1,"x":-7.8,"y":-47.1},"model":2145085161,"name":"stt_prop_track_jump_01a","visible":true},{"type":"OBJECT","rotation":{"z":0,"x":0,"y":0},"offset":{"z":-14,"x":0,"y":0},"model":-1876303609,"name":"xs_propintarena_pit_high","visible":true},{"type":"OBJECT","rotation":{"z":0,"x":0,"y":0},"offset":{"z":-26,"x":0,"y":0},"model":-1805867031,"name":"xs_propint3_waste_04_statues","visible":true},{"type":"OBJECT","rotation":{"z":180,"x":0,"y":0},"offset":{"z":3.6,"x":-65.1,"y":-36},"model":-1088903588,"name":"stt_prop_ramp_jump_xs","visible":true},{"type":"OBJECT","rotation":{"z":0,"x":0,"y":0},"offset":{"z":-26,"x":0,"y":0},"model":984756562,"name":"xs_propint3_waste04_wall","visible":true},{"type":"OBJECT","rotation":{"z":0,"x":0,"y":180},"offset":{"z":33.26,"x":0,"y":0},"model":984756562,"name":"xs_propint3_waste04_wall","visible":true},{"type":"OBJECT","rotation":{"z":0,"x":0,"y":0},"offset":{"z":30,"x":-80,"y":-30.7},"model":-1202280195,"name":"sr_prop_track_straight_l_d45","visible":true},{"type":"OBJECT","rotation":{"z":180,"x":0,"y":0},"offset":{"z":3.6,"x":-65.1,"y":-28},"model":-1088903588,"name":"stt_prop_ramp_jump_xs","visible":true},{"type":"OBJECT","rotation":{"z":0,"x":0,"y":0},"offset":{"z":-26,"x":0,"y":0},"model":-463403875,"name":"xs_propint3_waste_04_rims","visible":true}]}