{"peds":[],"vehicles":[],"base":{"data":{"visible":true,"godmode":true,"type":"VEHICLE","rotation":{"z":0,"y":0,"x":0},"model":-857356038},"savedata":{"Type":"Sports Classics","Window Tint":-1,"Lights":{"Neon":{"Front":false,"Right":false,"Back":false,"Color":{"r":255,"b":255,"g":0},"Left":false},"Xenon Color":255},"Mods":{"Dial Design":-1,"Brakes":-1,"Frame":-1,"Fender":-1,"Ornaments":-1,"Front Bumper":-1,"Grille":-1,"Toggles":{"UNK21":false,"Turbo Turning":false,"Xenon Headlights":false,"UNK19":false,"Tire Smoke":false,"UNK17":false},"Steering Wheel":-1,"Motorcycle Back Wheel Design":-1,"Shifter Leavers":-1,"Trim Design":-1,"Right Fender":-1,"Suspension":-1,"Plate Holders":-1,"Spoilers":-1,"Hydraulics":-1,"Side Skirt":-1,"Engine":-1,"Livery":-1,"Armor":-1,"Hood":-1,"Exhaust":-1,"Wheels Design":-1,"Horns":-1,"Transmission":-1,"Plaques":-1,"Rear Bumper":-1,"Roof":-1},"Model":-857356038,"License Plate":{"Type":0,"Text":"98LIH223"},"Tire Smoke":{"r":255,"b":255,"g":255},"Format":"JSTAND 1.3.1","Manufacturer":"DINKA","Extras":[],"Bulletproof Tires":false,"Dirt Level":3.2997133731842,"Interior Color":0,"Livery":{"Style":-1,"Count":-1},"Dashboard Color":35,"Engine Running":false,"Name":"VETO","Colors":{"Paint Fade":0.04313725605607,"Extras":{"wheel":22,"pearlescent":21},"Primary":{"Custom":true,"Custom Color":{"r":33,"b":33,"g":33}},"Secondary":{"Custom":true,"Custom Color":{"r":33,"b":33,"g":33}},"Color Combo":0,"Vehicle":{"r":33,"Primary":22,"Secondary":22,"b":33,"g":33}}},"model":-857356038},"version":"Jackz Custom Vehicle 1.2.0","created":1660948318,"name":"ArenaWaste03","objects":[{"visible":true,"offset":{"z":-28,"y":0,"x":0},"type":"OBJECT","rotation":{"z":0,"y":0,"x":0},"name":"xs_propint5_waste_03_ground_d","model":-1855800433},{"visible":true,"offset":{"z":-28,"y":0,"x":0},"type":"OBJECT","rotation":{"z":0,"y":0,"x":0},"name":"xs_propint3_waste_03_tirerim","model":132878102},{"visible":true,"offset":{"z":-0.1,"y":0.26,"x":0.2},"type":"OBJECT","rotation":{"z":180,"y":0,"x":0},"name":"xs_prop_arena_jump_xs_01a_wl","model":171222686},{"visible":true,"offset":{"z":-28,"y":0,"x":0},"type":"OBJECT","rotation":{"z":0,"y":0,"x":0},"name":"xs_propint3_waste_03_trees","model":-620996341},{"visible":true,"offset":{"z":-28,"y":0,"x":0},"type":"OBJECT","rotation":{"z":0,"y":0,"x":0},"name":"xs_propint3_set_waste_03_licencep","model":-452304978},{"visible":true,"offset":{"z":-28,"y":0,"x":0},"type":"OBJECT","rotation":{"z":0,"y":0,"x":0},"name":"xs_prop_wastel_03_lightset","model":-1324242971},{"visible":true,"offset":{"z":-28,"y":0,"x":0},"type":"OBJECT","rotation":{"z":0,"y":0,"x":0},"name":"xs_propint3_waste_03_tires","model":-502477707},{"visible":true,"offset":{"z":-28,"y":0,"x":0},"type":"OBJECT","rotation":{"z":0,"y":0,"x":0},"name":"xs_propint3_waste_03_redjump","model":-1529118870},{"visible":true,"offset":{"z":-28,"y":0,"x":0},"type":"OBJECT","rotation":{"z":0,"y":0,"x":0},"name":"xs_propint3_waste_03_firering","model":-1864738252},{"visible":true,"offset":{"z":-0.1,"y":0,"x":0},"type":"OBJECT","rotation":{"z":0,"y":0,"x":0},"name":"xs_prop_arena_jump_xs_01a_wl","model":171222686},{"visible":true,"offset":{"z":-28,"y":0,"x":0},"type":"OBJECT","rotation":{"z":0,"y":0,"x":0},"name":"xs_propint5_waste_03_ground","model":1488709360},{"visible":true,"offset":{"z":-28,"y":0,"x":0},"type":"OBJECT","rotation":{"z":0,"y":0,"x":0},"name":"xs_propint3_waste_03_bluejump","model":266442520},{"visible":true,"offset":{"z":-28,"y":0,"x":0},"type":"OBJECT","rotation":{"z":0,"y":0,"x":0},"name":"xs_propint3_waste_03_mascottes","model":-1847954828},{"visible":true,"offset":{"z":-28,"y":0,"x":0},"type":"OBJECT","rotation":{"z":0,"y":0,"x":0},"name":"xs_propint3_waste_03_siderim","model":-640685247},{"visible":true,"offset":{"z":-28,"y":0,"x":0},"type":"OBJECT","rotation":{"z":0,"y":0,"x":0},"name":"xs_propint3_waste_03_bikerim","model":-673034397}]}