{"version":"Jackz Custom Vehicle 1.2.0","name":"ArenaWaste06","created":1660745846,"vehicles":[],"peds":[],"base":{"savedata":{"Tire Smoke":{"r":255,"b":255,"g":255},"Interior Color":0,"Window Tint":-1,"Format":"JSTAND 1.3.1","Colors":{"Color Combo":1,"Secondary":{"Custom":true,"Custom Color":{"r":15,"b":15,"g":15}},"Extras":{"pearlescent":7,"wheel":156},"Vehicle":{"g":15,"r":15,"Secondary":41,"Primary":1,"b":15},"Primary":{"Custom":true,"Custom Color":{"r":15,"b":15,"g":15}},"Paint Fade":0.29019609093666},"Dirt Level":3.1415665149689,"Lights":{"Xenon Color":255,"Neon":{"Right":false,"Left":false,"Front":false,"Color":{"r":255,"b":255,"g":0},"Back":false}},"Name":"ZENTORNO","Model":-1403128555,"Bulletproof Tires":true,"Manufacturer":"PEGASSI","Extras":[],"Type":"Sports","Mods":{"Fender":-1,"Grille":-1,"Steering Wheel":-1,"Frame":-1,"Exhaust":-1,"Trim Design":-1,"Rear Bumper":-1,"Wheels Design":-1,"Dial Design":-1,"Ornaments":-1,"Spoilers":-1,"Plaques":-1,"Plate Holders":-1,"Motorcycle Back Wheel Design":-1,"Hydraulics":-1,"Suspension":-1,"Roof":-1,"Front Bumper":-1,"Armor":-1,"Toggles":{"Tire Smoke":false,"UNK19":false,"UNK17":false,"UNK21":false,"Turbo Turning":false,"Xenon Headlights":false},"Horns":-1,"Transmission":-1,"Engine":-1,"Hood":-1,"Shifter Leavers":-1,"Brakes":-1,"Livery":-1,"Right Fender":-1,"Side Skirt":-1},"Engine Running":false,"Livery":{"Count":-1,"Style":-1},"Dashboard Color":0,"License Plate":{"Text":"79CUA170","Type":0}},"model":-1403128555,"data":{"visible":true,"godmode":true,"model":-1403128555,"type":"VEHICLE","rotation":{"z":0,"y":0,"x":0}}},"objects":[{"name":"xs_propint5_waste_06_ground","type":"OBJECT","offset":{"z":0,"y":0,"x":0},"model":1952419813,"visible":true,"rotation":{"z":0,"y":0,"x":0}},{"name":"xs_propint4_waste_06_neon","type":"OBJECT","offset":{"z":0,"y":0,"x":0},"model":-1635127701,"visible":true,"rotation":{"z":0,"y":0,"x":0}},{"name":"xs_propint4_waste_06_rim","type":"OBJECT","offset":{"z":0,"y":0,"x":0},"model":616300944,"visible":true,"rotation":{"z":0,"y":0,"x":0}},{"name":"xs_propint4_waste_06_burgers","type":"OBJECT","offset":{"z":0,"y":0,"x":0},"model":929222439,"visible":true,"rotation":{"z":0,"y":0,"x":0}},{"name":"xs_propint4_waste_06_plates","type":"OBJECT","offset":{"z":0,"y":0,"x":0},"model":-413454683,"visible":true,"rotation":{"z":0,"y":0,"x":0}},{"name":"xs_propint5_waste_06_ground_d","type":"OBJECT","offset":{"z":0,"y":0,"x":0},"model":-1449113648,"visible":true,"rotation":{"z":0,"y":0,"x":0}},{"name":"xs_propint4_waste_06_statue","type":"OBJECT","offset":{"z":0,"y":0,"x":0},"model":742005116,"visible":true,"rotation":{"z":0,"y":0,"x":0}},{"name":"xs_propint5_waste_06_ground","type":"OBJECT","offset":{"z":0,"y":0,"x":0},"model":1952419813,"visible":true,"rotation":{"z":0,"y":0,"x":0}},{"name":"xs_prop_arena_turntable_02a_wl","type":"OBJECT","offset":{"z":-0.6,"y":0,"x":0},"model":-1551332201,"visible":true,"rotation":{"z":-90,"y":0,"x":0}},{"name":"xs_propint4_waste_06_tire","type":"OBJECT","offset":{"z":0,"y":0,"x":0},"model":56576800,"visible":true,"rotation":{"z":0,"y":0,"x":0}},{"name":"xs_prop_lplate_bend_01a_wl","type":"OBJECT","offset":{"z":-4.9,"y":0,"x":0},"model":-963208038,"visible":true,"rotation":{"z":-90,"y":0,"x":-45}},{"name":"xs_propint4_waste_06_trees","type":"OBJECT","offset":{"z":0,"y":0,"x":0},"model":1801918061,"visible":true,"rotation":{"z":0,"y":0,"x":0}},{"name":"xs_propint4_waste_06_garbage","type":"OBJECT","offset":{"z":0,"y":0,"x":0},"model":1705254284,"visible":true,"rotation":{"z":0,"y":0,"x":0}}]}