{"objects":[{"rotation":{"z":0,"y":0,"x":0},"model":-1780466409,"type":"OBJECT","offset":{"z":-23,"y":0,"x":0},"visible":true,"name":"xs_propint4_waste_07_props02"},{"rotation":{"z":0,"y":0,"x":0},"model":-831193697,"type":"OBJECT","offset":{"z":-23,"y":0,"x":0},"visible":true,"name":"xs_propint4_waste_07_neon"},{"rotation":{"z":0,"y":0,"x":0},"model":2108723836,"type":"OBJECT","offset":{"z":-1.1,"y":0,"x":0},"visible":true,"name":"xs_prop_arena_jump_s_01a_wl"},{"rotation":{"z":0,"y":0,"x":0},"model":1747834166,"type":"OBJECT","offset":{"z":-23,"y":0,"x":0},"visible":true,"name":"xs_propint4_waste_07_rims"},{"rotation":{"z":0,"y":0,"x":0},"model":1365885907,"type":"OBJECT","offset":{"z":-0.2,"y":-2.09,"x":3},"visible":true,"name":"xs_prop_barrier_10m_01a"},{"rotation":{"z":180,"y":0,"x":0},"model":1365885907,"type":"OBJECT","offset":{"z":-0.2,"y":1.9,"x":3},"visible":true,"name":"xs_prop_barrier_10m_01a"},{"rotation":{"z":0,"y":0,"x":0},"model":1852702768,"type":"OBJECT","offset":{"z":-23,"y":0,"x":0},"visible":true,"name":"xs_propint4_waste_07_statue_team"},{"rotation":{"z":0,"y":0,"x":0},"model":2006567051,"type":"OBJECT","offset":{"z":-23,"y":0,"x":0},"visible":true,"name":"xs_propint4_waste_07_licence"},{"rotation":{"z":0,"y":0,"x":0},"model":709714448,"type":"OBJECT","offset":{"z":-23,"y":0,"x":0},"visible":true,"name":"xs_propint5_waste_07_ground_d"},{"rotation":{"z":0,"y":0,"x":0},"model":-1096936749,"type":"OBJECT","offset":{"z":-23,"y":0,"x":0},"visible":true,"name":"xs_propint4_waste_07_tires"},{"rotation":{"z":180,"y":0,"x":0},"model":2108723836,"type":"OBJECT","offset":{"z":-1.1,"y":-0.13,"x":5.82},"visible":true,"name":"xs_prop_arena_jump_s_01a_wl"},{"rotation":{"z":0,"y":0,"x":0},"model":541341556,"type":"OBJECT","offset":{"z":-23,"y":0,"x":0},"visible":true,"name":"xs_propint5_waste_07_ground"},{"rotation":{"z":0,"y":0,"x":0},"model":303749296,"type":"OBJECT","offset":{"z":-23,"y":0,"x":0},"visible":true,"name":"xs_propint4_waste_07_trees"},{"rotation":{"z":0,"y":0,"x":0},"model":404917291,"type":"OBJECT","offset":{"z":-23,"y":0,"x":0},"visible":true,"name":"xs_propint4_waste_07_props"}],"vehicles":[],"version":"Jackz Custom Vehicle 1.2.0","base":{"data":{"rotation":{"z":0,"y":0,"x":0},"model":-857356038,"type":"VEHICLE","godmode":true,"visible":true},"savedata":{"Engine Running":false,"Tire Smoke":{"g":255,"r":255,"b":255},"Livery":{"Count":-1,"Style":-1},"Mods":{"Transmission":-1,"Spoilers":-1,"Armor":-1,"Front Bumper":-1,"Frame":-1,"Shifter Leavers":-1,"Grille":-1,"Trim Design":-1,"Hydraulics":-1,"Wheels Design":-1,"Engine":-1,"Fender":-1,"Roof":-1,"Plaques":-1,"Plate Holders":-1,"Motorcycle Back Wheel Design":-1,"Dial Design":-1,"Brakes":-1,"Side Skirt":-1,"Livery":-1,"Toggles":{"Tire Smoke":false,"Turbo Turning":false,"Xenon Headlights":false,"UNK17":false,"UNK21":false,"UNK19":false},"Steering Wheel":-1,"Right Fender":-1,"Exhaust":-1,"Rear Bumper":-1,"Hood":-1,"Suspension":-1,"Horns":-1,"Ornaments":-1},"Model":-857356038,"Format":"JSTAND 1.3.1","License Plate":{"Type":0,"Text":"62TVX758"},"Window Tint":-1,"Bulletproof Tires":false,"Extras":[],"Dirt Level":3.1301231384277,"Manufacturer":"DINKA","Interior Color":0,"Type":"Sports Classics","Lights":{"Xenon Color":255,"Neon":{"Right":false,"Color":{"g":0,"r":255,"b":255},"Front":false,"Left":false,"Back":false}},"Dashboard Color":35,"Colors":{"Extras":{"wheel":22,"pearlescent":21},"Paint Fade":0.73333334922791,"Vehicle":{"g":33,"b":33,"r":33,"Secondary":22,"Primary":22},"Primary":{"Color":-1,"Pearlescent Color":-1,"Custom":false,"Paint Type":7},"Secondary":{"Color":-1,"Custom":false,"Paint Type":7},"Color Combo":0},"Name":"VETO"},"model":-857356038},"peds":[],"created":1660942788,"name":"ArenaWaste07"}