{"peds":[],"version":"Jackz Custom Vehicle 1.2.0","base":{"savedata":{"Lights":{"Xenon Color":255,"Neon":{"Color":{"r":255,"b":255,"g":0},"Back":false,"Right":false,"Front":false,"Left":false}},"Window Tint":-1,"Manufacturer":"DINKA","Format":"JSTAND 1.3.1","Type":"Sports Classics","Engine Running":true,"Tire Smoke":{"r":255,"b":255,"g":255},"Colors":{"Vehicle":{"r":33,"Primary":22,"Secondary":22,"b":33,"g":33},"Primary":{"Pearlescent Color":-1,"Color":-1,"Paint Type":7,"Custom":false},"Secondary":{"Color":-1,"Paint Type":7,"Custom":false},"Extras":{"wheel":22,"pearlescent":21},"Paint Fade":0.14509804546833,"Color Combo":0},"Dirt Level":6.3272633552551,"Extras":[],"Livery":{"Count":-1,"Style":-1},"Model":-857356038,"Dashboard Color":35,"Mods":{"Side Skirt":-1,"Rear Bumper":-1,"Shifter Leavers":-1,"Transmission":-1,"Hydraulics":-1,"Horns":-1,"Brakes":-1,"Fender":-1,"Grille":-1,"Roof":-1,"Spoilers":-1,"Toggles":{"UNK17":false,"Xenon Headlights":false,"UNK19":false,"UNK21":false,"Tire Smoke":false,"Turbo Turning":false},"Hood":-1,"Engine":-1,"Armor":-1,"Steering Wheel":-1,"Exhaust":-1,"Frame":-1,"Plate Holders":-1,"Ornaments":-1,"Trim Design":-1,"Livery":-1,"Right Fender":-1,"Plaques":-1,"Dial Design":-1,"Motorcycle Back Wheel Design":-1,"Suspension":-1,"Front Bumper":-1,"Wheels Design":-1},"Bulletproof Tires":false,"Name":"VETO","Interior Color":0,"License Plate":{"Text":"19SKA661","Type":0}},"model":-857356038,"data":{"visible":true,"model":-857356038,"type":"VEHICLE","godmode":true,"rotation":{"z":0,"y":0,"x":0}}},"objects":[{"visible":true,"model":-759862909,"type":"OBJECT","name":"xs_propint4_waste_09_rim","offset":{"z":-31,"y":0,"x":0},"rotation":{"z":0,"y":0,"x":0}},{"visible":true,"model":279585983,"type":"OBJECT","name":"xs_propint5_waste_09_ground_cut","offset":{"z":-31,"y":0,"x":0},"rotation":{"z":0,"y":0,"x":0}},{"visible":true,"model":-1754172851,"type":"OBJECT","name":"xs_propint4_waste_09_cans","offset":{"z":-31,"y":0,"x":0},"rotation":{"z":0,"y":0,"x":0}},{"visible":true,"model":950515662,"type":"OBJECT","name":"xs_propint4_waste_09_bikerim","offset":{"z":-31,"y":0,"x":0},"rotation":{"z":0,"y":0,"x":0}},{"visible":true,"model":978210746,"type":"OBJECT","name":"xs_propint4_waste_09_trees","offset":{"z":-31,"y":0,"x":0},"rotation":{"z":0,"y":0,"x":0}},{"visible":true,"model":2045096890,"type":"OBJECT","name":"xs_propint5_waste_09_ground","offset":{"z":-31,"y":0,"x":0},"rotation":{"z":0,"y":0,"x":0}},{"visible":true,"model":-2067798073,"type":"OBJECT","name":"xs_propint4_waste_09_loops","offset":{"z":-31,"y":0,"x":0},"rotation":{"z":0,"y":0,"x":0}},{"visible":true,"model":1045761591,"type":"OBJECT","name":"xs_propint4_waste_09_intube","offset":{"z":-31,"y":0,"x":0},"rotation":{"z":0,"y":0,"x":0}},{"visible":true,"model":-125042322,"type":"OBJECT","name":"xs_prop_arena_jump_xxl_01a_wl","offset":{"z":-0.2,"y":0,"x":-11},"rotation":{"z":0,"y":0,"x":0}},{"visible":true,"model":-125042322,"type":"OBJECT","name":"xs_prop_arena_jump_xxl_01a_wl","offset":{"z":-0.2,"y":0,"x":11},"rotation":{"z":180,"y":0,"x":0}},{"visible":true,"model":1129835971,"type":"OBJECT","name":"xs_propint4_waste_09_lollywall","offset":{"z":-31,"y":0,"x":0},"rotation":{"z":0,"y":0,"x":0}},{"visible":true,"model":-346792545,"type":"OBJECT","name":"xs_propint4_waste_09_tire","offset":{"z":-31,"y":0,"x":0},"rotation":{"z":0,"y":0,"x":0}},{"visible":true,"model":1200462304,"type":"OBJECT","name":"xs_propint5_waste_09_ground_d","offset":{"z":-31,"y":0,"x":0},"rotation":{"z":0,"y":0,"x":0}}],"name":"ArenaWaste09","vehicles":[],"created":1660944883}