{"version":"Jackz Custom Vehicle 1.2.0","base":{"model":-857356038,"data":{"model":-857356038,"rotation":{"z":0,"y":0,"x":0},"type":"VEHICLE","godmode":true,"visible":true},"savedata":{"Mods":{"Rear Bumper":-1,"Grille":-1,"Shifter Leavers":-1,"Ornaments":-1,"Steering Wheel":-1,"Fender":-1,"Plate Holders":-1,"Plaques":-1,"Motorcycle Back Wheel Design":-1,"Front Bumper":-1,"Wheels Design":-1,"Engine":-1,"Dial Design":-1,"Transmission":-1,"Armor":-1,"Hydraulics":-1,"Livery":-1,"Side Skirt":-1,"Trim Design":-1,"Horns":-1,"Spoilers":-1,"Frame":-1,"Brakes":-1,"Right Fender":-1,"Hood":-1,"Suspension":-1,"Roof":-1,"Exhaust":-1,"Toggles":{"Turbo Turning":false,"UNK21":false,"Xenon Headlights":false,"UNK17":false,"UNK19":false,"Tire Smoke":false}},"Engine Running":true,"Colors":{"Primary":{"Pearlescent Color":-1,"Paint Type":7,"Custom":false,"Color":-1},"Extras":{"pearlescent":21,"wheel":22},"Vehicle":{"r":33,"Primary":22,"Secondary":22,"b":33,"g":33},"Secondary":{"Paint Type":7,"Custom":false,"Color":-1},"Color Combo":0,"Paint Fade":0.011764707043767},"Livery":{"Count":-1,"Style":-1},"Dashboard Color":35,"Model":-857356038,"Format":"JSTAND 1.3.1","Manufacturer":"DINKA","Window Tint":-1,"Tire Smoke":{"r":255,"b":255,"g":255},"Bulletproof Tires":false,"Extras":[],"Interior Color":0,"Dirt Level":3.2844331264496,"Lights":{"Neon":{"Front":false,"Color":{"r":255,"b":255,"g":0},"Back":false,"Left":false,"Right":false},"Xenon Color":255},"Type":"Sports Classics","Name":"VETO","License Plate":{"Text":"55GVJ131","Type":0}}},"peds":[],"objects":[{"model":-217635351,"rotation":{"z":0,"y":0,"x":0},"offset":{"z":-23,"y":0,"x":0},"type":"OBJECT","name":"xs_propint5_waste_08_ground_d","visible":true},{"model":-2030798689,"rotation":{"z":0,"y":0,"x":0},"offset":{"z":-23,"y":0,"x":0},"type":"OBJECT","name":"xs_propint4_waste_08_garbage","visible":true},{"model":-2091739028,"rotation":{"z":0,"y":0,"x":0},"offset":{"z":-23,"y":0,"x":0},"type":"OBJECT","name":"xs_propint4_waste_08_statue","visible":true},{"model":-2134767314,"rotation":{"z":0,"y":0,"x":0},"offset":{"z":-23,"y":0,"x":0},"type":"OBJECT","name":"xs_propint5_waste_08_ground","visible":true},{"model":171222686,"rotation":{"z":180,"y":0,"x":0},"offset":{"z":-0.1,"y":0.26,"x":0.2},"type":"OBJECT","name":"xs_prop_arena_jump_xs_01a_wl","visible":true},{"model":-805018946,"rotation":{"z":0,"y":0,"x":0},"offset":{"z":-23,"y":0,"x":0},"type":"OBJECT","name":"xs_propint4_waste_08_rim","visible":true},{"model":171222686,"rotation":{"z":0,"y":0,"x":0},"offset":{"z":-0.1,"y":0,"x":0},"type":"OBJECT","name":"xs_prop_arena_jump_xs_01a_wl","visible":true},{"model":-5803006,"rotation":{"z":0,"y":0,"x":0},"offset":{"z":-23,"y":0,"x":0},"type":"OBJECT","name":"xs_propint4_waste_08_plates","visible":true},{"model":450350288,"rotation":{"z":0,"y":0,"x":0},"offset":{"z":-23,"y":0,"x":0},"type":"OBJECT","name":"xs_propint4_waste_08_trees","visible":true}],"vehicles":[],"name":"ArenaWaste08","created":1660943162}