{"base":{"data":{"model":-857356038,"rotation":{"x":0,"y":0,"z":0},"type":"VEHICLE","godmode":true,"visible":true},"model":-857356038,"savedata":{"Tire Smoke":{"g":255,"b":255,"r":255},"Bulletproof Tires":false,"Type":"Sports Classics","Interior Color":0,"Dashboard Color":35,"Model":-857356038,"Dirt Level":3.1004507541656,"License Plate":{"Text":"32KBV432","Type":0},"Livery":{"Count":-1,"Style":-1},"Format":"JSTAND 1.3.1","Engine Running":true,"Name":"VETO","Window Tint":-1,"Colors":{"Color Combo":0,"Secondary":{"Custom":false,"Paint Type":7,"Color":-1},"Vehicle":{"g":33,"Secondary":22,"r":33,"Primary":22,"b":33},"Extras":{"pearlescent":21,"wheel":22},"Primary":{"Custom":false,"Pearlescent Color":-1,"Paint Type":7,"Color":-1},"Paint Fade":0.44705885648727},"Extras":[],"Manufacturer":"DINKA","Mods":{"Motorcycle Back Wheel Design":-1,"Grille":-1,"Hydraulics":-1,"Exhaust":-1,"Plaques":-1,"Side Skirt":-1,"Wheels Design":-1,"Plate Holders":-1,"Trim Design":-1,"Ornaments":-1,"Fender":-1,"Steering Wheel":-1,"Shifter Leavers":-1,"Frame":-1,"Brakes":-1,"Transmission":-1,"Livery":-1,"Dial Design":-1,"Front Bumper":-1,"Toggles":{"UNK17":false,"Tire Smoke":false,"Xenon Headlights":false,"Turbo Turning":false,"UNK21":false,"UNK19":false},"Roof":-1,"Suspension":-1,"Armor":-1,"Horns":-1,"Engine":-1,"Spoilers":-1,"Hood":-1,"Rear Bumper":-1,"Right Fender":-1},"Lights":{"Xenon Color":255,"Neon":{"Front":false,"Right":false,"Back":false,"Color":{"g":0,"b":255,"r":255},"Left":false}}}},"vehicles":[],"objects":[{"model":-57310145,"rotation":{"x":0,"y":0,"z":0},"offset":{"x":0,"y":0,"z":-28},"type":"OBJECT","name":"xs_propint5_waste_05_ground_d","visible":true},{"model":-5803006,"rotation":{"x":0,"y":0,"z":0},"offset":{"x":0.8,"y":1,"z":9999},"type":"OBJECT","name":"xs_propint4_waste_08_plates","visible":true},{"model":171222686,"rotation":{"x":0,"y":0,"z":180},"offset":{"x":0.2,"y":0.26,"z":-0.1},"type":"OBJECT","name":"xs_prop_arena_jump_xs_01a_wl","visible":true},{"model":-452304978,"rotation":{"x":0,"y":0,"z":0},"offset":{"x":0,"y":0,"z":-28},"type":"OBJECT","name":"xs_propint3_set_waste_03_licencep","visible":true},{"model":673553356,"rotation":{"x":0,"y":0,"z":0},"offset":{"x":0,"y":0,"z":-28},"type":"OBJECT","name":"xs_propint3_waste_05_tires","visible":true},{"model":1399735614,"rotation":{"x":0,"y":0,"z":0},"offset":{"x":0,"y":0,"z":-28},"type":"OBJECT","name":"xs_propint5_waste_05_ground","visible":true},{"model":171222686,"rotation":{"x":0,"y":0,"z":0},"offset":{"x":0,"y":0,"z":-0.1},"type":"OBJECT","name":"xs_prop_arena_jump_xs_01a_wl","visible":true},{"model":-1413364038,"rotation":{"x":0,"y":0,"z":0},"offset":{"x":0,"y":0,"z":-28},"type":"OBJECT","name":"xs_propint3_waste_05_goals","visible":true},{"model":430625145,"rotation":{"x":0,"y":0,"z":0},"offset":{"x":0,"y":0,"z":-28},"type":"OBJECT","name":"xs_propint5_waste_05_ground_line","visible":true}],"peds":[],"created":1660941359,"name":"ArenaWaste05","version":"Jackz Custom Vehicle 1.2.0"}