{"created":"2024-07-03T18:32:43Z","blip_color":2,"name":"Airport_MegaPark","rotation":{"x":0,"z":0,"y":0},"target_version":"0.51.2","initial_handle":46340,"model":"stt_prop_stunt_bblock_huge_02","blip_sprite":1,"type":"OBJECT","rotation_order":2,"children":[{"hash":568446997,"type":"OBJECT","children":[],"name":"stt_prop_stunt_bblock_huge_02","rotation_order":2,"target_version":"0.51.2","options":{"is_driver_visible":true,"alpha":255,"is_on_fire":false,"has_gravity":true,"is_light_on":true,"is_invincible":false,"is_frozen":true,"is_attached":false,"is_bullet_proof":false,"object_tint":0,"weight":0.0,"is_explosion_proof":false,"lod_distance":5000,"angular_velocity":{"x":0,"z":0,"y":0},"health":1000,"gravity":0.0,"is_dynamic":false,"has_collision":true,"is_mission_entity":true,"is_fire_proof":false,"is_visible":true,"buoyancy":0.0,"spawn_mode":2,"is_melee_proof":false,"use_soft_pinning":true,"bone_index":0,"max_health":1000,"is_networked":true},"num_bones":6,"position":{"x":0.0,"z":0.0,"y":0.0},"world_rotation":{"x":0.0,"z":0.0,"y":0.0},"model":"stt_prop_stunt_bblock_huge_02","initial_handle":46596,"rotation":{"x":0,"z":0,"y":0},"offset":{"x":0,"z":0,"y":0}},{"hash":568446997,"type":"OBJECT","children":[],"name":"stt_prop_stunt_bblock_huge_02","rotation_order":2,"target_version":"0.51.2","options":{"is_driver_visible":true,"alpha":255,"is_on_fire":false,"has_gravity":true,"is_light_on":true,"is_invincible":false,"is_frozen":true,"is_attached":false,"is_bullet_proof":false,"object_tint":0,"weight":0.0,"is_explosion_proof":false,"lod_distance":5000,"angular_velocity":{"x":0,"z":0,"y":0},"health":1000,"gravity":0.0,"is_dynamic":false,"has_collision":true,"is_mission_entity":true,"is_fire_proof":false,"is_visible":true,"buoyancy":0.0,"spawn_mode":2,"is_melee_proof":false,"use_soft_pinning":true,"bone_index":0,"max_health":1000,"is_networked":true},"num_bones":6,"position":{"x":0.0,"z":0.0,"y":0.0},"world_rotation":{"x":0.0,"z":0.0,"y":0.0},"model":"stt_prop_stunt_bblock_huge_02","initial_handle":46852,"rotation":{"x":0,"z":0,"y":0},"offset":{"x":0,"z":0,"y":0}},{"hash":3514471521,"type":"OBJECT","children":[],"name":"stt_prop_track_straight_bar_l","rotation_order":2,"target_version":"0.51.2","options":{"is_driver_visible":true,"alpha":255,"is_on_fire":false,"has_gravity":true,"is_light_on":true,"is_invincible":false,"is_frozen":true,"is_attached":false,"is_bullet_proof":false,"object_tint":0,"weight":0.0,"is_explosion_proof":false,"lod_distance":5000,"angular_velocity":{"x":0,"z":0,"y":0},"health":1000,"gravity":0.0,"is_dynamic":false,"has_collision":true,"is_mission_entity":true,"is_fire_proof":false,"is_visible":true,"buoyancy":0.0,"spawn_mode":2,"is_melee_proof":false,"use_soft_pinning":true,"bone_index":0,"max_health":1000,"is_networked":true},"num_bones":4,"position":{"x":0.0,"z":0.0,"y":0.0},"world_rotation":{"x":0.0,"z":0.0,"y":0.0},"model":"stt_prop_track_straight_bar_l","initial_handle":47108,"rotation":{"x":0,"z":0,"y":0},"offset":{"x":0,"z":0,"y":0}},{"hash":3906373800,"type":"OBJECT","children":[],"name":"stt_prop_track_speedup_t1","rotation_order":2,"target_version":"0.51.2","options":{"is_driver_visible":true,"alpha":255,"is_on_fire":false,"has_gravity":true,"is_light_on":true,"is_invincible":false,"is_frozen":true,"is_attached":false,"is_bullet_proof":false,"object_tint":0,"weight":0.0,"is_explosion_proof":false,"lod_distance":5000,"angular_velocity":{"x":0,"z":0,"y":0},"health":1000,"gravity":0.0,"is_dynamic":false,"has_collision":true,"is_mission_entity":true,"is_fire_proof":false,"is_visible":true,"buoyancy":0.0,"spawn_mode":2,"is_melee_proof":false,"use_soft_pinning":true,"bone_index":0,"max_health":1000,"is_networked":true},"num_bones":0,"position":{"x":0.0,"z":0.0,"y":0.0},"world_rotation":{"x":0.0,"z":0.0,"y":0.0},"model":"stt_prop_track_speedup_t1","initial_handle":72964,"rotation":{"x":0,"z":0,"y":0},"offset":{"x":0,"z":0,"y":0}},{"hash":1980992629,"type":"OBJECT","children":[],"name":"stt_prop_stunt_ramp","rotation_order":2,"target_version":"0.51.2","options":{"is_driver_visible":true,"alpha":255,"is_on_fire":false,"has_gravity":true,"is_light_on":true,"is_invincible":false,"is_frozen":true,"is_attached":false,"is_bullet_proof":false,"object_tint":0,"weight":0.0,"is_explosion_proof":false,"lod_distance":5000,"angular_velocity":{"x":0,"z":0,"y":0},"health":1000,"gravity":0.0,"is_dynamic":false,"has_collision":true,"is_mission_entity":true,"is_fire_proof":false,"is_visible":true,"buoyancy":0.0,"spawn_mode":2,"is_melee_proof":false,"use_soft_pinning":true,"bone_index":0,"max_health":1000,"is_networked":true},"num_bones":0,"position":{"x":-1768.711914,"z":11.72,"y":-2732.807617},"world_rotation":{"x":0.00001,"z":-29.249973,"y":-0.000005},"model":"stt_prop_stunt_ramp","initial_handle":75012,"rotation":{"x":0,"z":0,"y":0},"offset":{"x":0,"z":0,"y":0}},{"hash":3951514875,"type":"OBJECT","children":[],"name":"stt_prop_stunt_wideramp","rotation_order":2,"target_version":"0.51.2","options":{"is_driver_visible":true,"alpha":255,"is_on_fire":false,"has_gravity":true,"is_light_on":true,"is_invincible":false,"is_frozen":true,"is_attached":false,"is_bullet_proof":false,"object_tint":0,"weight":0.0,"is_explosion_proof":false,"lod_distance":5000,"angular_velocity":{"x":0,"z":0,"y":0},"health":1000,"gravity":0.0,"is_dynamic":false,"has_collision":true,"is_mission_entity":true,"is_fire_proof":false,"is_visible":true,"buoyancy":0.0,"spawn_mode":2,"is_melee_proof":false,"use_soft_pinning":true,"bone_index":0,"max_health":1000,"is_networked":true},"num_bones":0,"position":{"x":-1627.62085,"z":131.740005,"y":-2701.064453},"world_rotation":{"x":0.00001,"z":-30.749992,"y":-0.000005},"model":"stt_prop_stunt_wideramp","initial_handle":75268,"rotation":{"x":0,"z":0,"y":0},"offset":{"x":0,"z":0,"y":0}},{"hash":3951514875,"type":"OBJECT","children":[],"name":"stt_prop_stunt_wideramp","rotation_order":2,"target_version":"0.51.2","options":{"is_driver_visible":true,"alpha":255,"is_on_fire":false,"has_gravity":true,"is_light_on":true,"is_invincible":false,"is_frozen":true,"is_attached":false,"is_bullet_proof":false,"object_tint":0,"weight":0.0,"is_explosion_proof":false,"lod_distance":5000,"angular_velocity":{"x":0,"z":0,"y":0},"health":1000,"gravity":0.0,"is_dynamic":false,"has_collision":true,"is_mission_entity":true,"is_fire_proof":false,"is_visible":true,"buoyancy":0.0,"spawn_mode":2,"is_melee_proof":false,"use_soft_pinning":true,"bone_index":0,"max_health":1000,"is_networked":true},"num_bones":0,"position":{"x":-1642.976196,"z":131.740005,"y":-2726.858398},"world_rotation":{"x":0.00001,"z":-30.749992,"y":-0.000005},"model":"stt_prop_stunt_wideramp","initial_handle":52484,"rotation":{"x":0,"z":0,"y":0},"offset":{"x":0,"z":0,"y":0}},{"hash":3951514875,"type":"OBJECT","children":[],"name":"stt_prop_stunt_wideramp","rotation_order":2,"target_version":"0.51.2","options":{"is_driver_visible":true,"alpha":255,"is_on_fire":false,"has_gravity":true,"is_light_on":true,"is_invincible":false,"is_frozen":true,"is_attached":false,"is_bullet_proof":false,"object_tint":0,"weight":0.0,"is_explosion_proof":false,"lod_distance":5000,"angular_velocity":{"x":0,"z":0,"y":0},"health":1000,"gravity":0.0,"is_dynamic":false,"has_collision":true,"is_mission_entity":true,"is_fire_proof":false,"is_visible":true,"buoyancy":0.0,"spawn_mode":2,"is_melee_proof":false,"use_soft_pinning":true,"bone_index":0,"max_health":1000,"is_networked":true},"num_bones":0,"position":{"x":-1658.545654,"z":131.740005,"y":-2753.301758},"world_rotation":{"x":0.00001,"z":-30.749992,"y":-0.000005},"model":"stt_prop_stunt_wideramp","initial_handle":52740,"rotation":{"x":0,"z":0,"y":0},"offset":{"x":0,"z":0,"y":0}},{"hash":2306387169,"type":"OBJECT","children":[],"name":"stt_prop_ramp_multi_loop_rb","rotation_order":2,"target_version":"0.51.2","options":{"is_driver_visible":true,"alpha":255,"is_on_fire":false,"has_gravity":true,"is_light_on":true,"is_invincible":false,"is_frozen":true,"is_attached":false,"is_bullet_proof":false,"object_tint":0,"weight":0.0,"is_explosion_proof":false,"lod_distance":5000,"angular_velocity":{"x":0,"z":0,"y":0},"health":1000,"gravity":0.0,"is_dynamic":false,"has_collision":true,"is_mission_entity":true,"is_fire_proof":false,"is_visible":true,"buoyancy":0.0,"spawn_mode":2,"is_melee_proof":false,"use_soft_pinning":true,"bone_index":0,"max_health":1000,"is_networked":true},"num_bones":0,"position":{"x":0.0,"z":0.0,"y":0.0},"world_rotation":{"x":0.0,"z":0.0,"y":0.0},"model":"stt_prop_ramp_multi_loop_rb","initial_handle":52996,"rotation":{"x":0,"z":0,"y":0},"offset":{"x":0,"z":0,"y":0}},{"hash":4119906142,"type":"OBJECT","children":[],"name":"stt_prop_stunt_jump_loop","rotation_order":2,"target_version":"0.51.2","options":{"is_driver_visible":true,"alpha":255,"is_on_fire":false,"has_gravity":true,"is_light_on":true,"is_invincible":false,"is_frozen":true,"is_attached":false,"is_bullet_proof":false,"object_tint":0,"weight":0.0,"is_explosion_proof":false,"lod_distance":5000,"angular_velocity":{"x":0,"z":0,"y":0},"health":1000,"gravity":0.0,"is_dynamic":false,"has_collision":true,"is_mission_entity":true,"is_fire_proof":false,"is_visible":true,"buoyancy":0.0,"spawn_mode":2,"is_melee_proof":false,"use_soft_pinning":true,"bone_index":0,"max_health":1000,"is_networked":true},"num_bones":0,"position":{"x":-1388.560425,"z":19.459076,"y":-3030.367432},"world_rotation":{"x":0.0,"z":-30.999947,"y":0.0},"model":"stt_prop_stunt_jump_loop","initial_handle":53252,"rotation":{"x":0,"z":0,"y":0},"offset":{"x":0,"z":0,"y":0}},{"hash":4119906142,"type":"OBJECT","children":[],"name":"stt_prop_stunt_jump_loop","rotation_order":2,"target_version":"0.51.2","options":{"is_driver_visible":true,"alpha":255,"is_on_fire":false,"has_gravity":true,"is_light_on":true,"is_invincible":false,"is_frozen":true,"is_attached":false,"is_bullet_proof":false,"object_tint":0,"weight":0.0,"is_explosion_proof":false,"lod_distance":5000,"angular_velocity":{"x":0,"z":0,"y":0},"health":1000,"gravity":0.0,"is_dynamic":false,"has_collision":true,"is_mission_entity":true,"is_fire_proof":false,"is_visible":true,"buoyancy":0.0,"spawn_mode":2,"is_melee_proof":false,"use_soft_pinning":true,"bone_index":0,"max_health":1000,"is_networked":true},"num_bones":0,"position":{"x":-1380.886597,"z":19.459076,"y":-3017.364258},"world_rotation":{"x":0.0,"z":-30.999947,"y":0.0},"model":"stt_prop_stunt_jump_loop","initial_handle":51716,"rotation":{"x":0,"z":0,"y":0},"offset":{"x":0,"z":0,"y":0}},{"hash":677027815,"type":"OBJECT","children":[],"name":"stt_prop_ramp_jump_s","rotation_order":2,"target_version":"0.51.2","options":{"is_driver_visible":true,"alpha":255,"is_on_fire":false,"has_gravity":true,"is_light_on":true,"is_invincible":false,"is_frozen":true,"is_attached":false,"is_bullet_proof":false,"object_tint":0,"weight":0.0,"is_explosion_proof":false,"lod_distance":5000,"angular_velocity":{"x":0,"z":0,"y":0},"health":1000,"gravity":0.0,"is_dynamic":false,"has_collision":true,"is_mission_entity":true,"is_fire_proof":false,"is_visible":true,"buoyancy":0.0,"spawn_mode":2,"is_melee_proof":false,"use_soft_pinning":true,"bone_index":0,"max_health":1000,"is_networked":true},"num_bones":0,"position":{"x":-1359.750488,"z":12.96081,"y":-3001.183838},"world_rotation":{"x":0.0,"z":119.999275,"y":0.0},"model":"stt_prop_ramp_jump_s","initial_handle":51972,"rotation":{"x":0,"z":0,"y":0},"offset":{"x":0,"z":0,"y":0}},{"hash":677027815,"type":"OBJECT","children":[],"name":"stt_prop_ramp_jump_s","rotation_order":2,"target_version":"0.51.2","options":{"is_driver_visible":true,"alpha":255,"is_on_fire":false,"has_gravity":true,"is_light_on":true,"is_invincible":false,"is_frozen":true,"is_attached":false,"is_bullet_proof":false,"object_tint":0,"weight":0.0,"is_explosion_proof":false,"lod_distance":5000,"angular_velocity":{"x":0,"z":0,"y":0},"health":1000,"gravity":0.0,"is_dynamic":false,"has_collision":true,"is_mission_entity":true,"is_fire_proof":false,"is_visible":true,"buoyancy":0.0,"spawn_mode":2,"is_melee_proof":false,"use_soft_pinning":true,"bone_index":0,"max_health":1000,"is_networked":true},"num_bones":0,"position":{"x":-1356.349976,"z":12.96081,"y":-2999.440186},"world_rotation":{"x":0.0,"z":119.999275,"y":0.0},"model":"stt_prop_ramp_jump_s","initial_handle":52228,"rotation":{"x":0,"z":0,"y":0},"offset":{"x":0,"z":0,"y":0}},{"hash":677027815,"type":"OBJECT","children":[],"name":"stt_prop_ramp_jump_s","rotation_order":2,"target_version":"0.51.2","options":{"is_driver_visible":true,"alpha":255,"is_on_fire":false,"has_gravity":true,"is_light_on":true,"is_invincible":false,"is_frozen":true,"is_attached":false,"is_bullet_proof":false,"object_tint":0,"weight":0.0,"is_explosion_proof":false,"lod_distance":5000,"angular_velocity":{"x":0,"z":0,"y":0},"health":1000,"gravity":0.0,"is_dynamic":false,"has_collision":true,"is_mission_entity":true,"is_fire_proof":false,"is_visible":true,"buoyancy":0.0,"spawn_mode":2,"is_melee_proof":false,"use_soft_pinning":true,"bone_index":0,"max_health":1000,"is_networked":true},"num_bones":0,"position":{"x":-1363.150391,"z":12.96081,"y":-3002.985107},"world_rotation":{"x":0.0,"z":119.999275,"y":0.0},"model":"stt_prop_ramp_jump_s","initial_handle":73220,"rotation":{"x":0,"z":0,"y":0},"offset":{"x":0,"z":0,"y":0}},{"hash":2145085161,"type":"OBJECT","children":[],"name":"stt_prop_track_jump_01a","rotation_order":2,"target_version":"0.51.2","options":{"is_driver_visible":true,"alpha":255,"is_on_fire":false,"has_gravity":true,"is_light_on":true,"is_invincible":false,"is_frozen":true,"is_attached":false,"is_bullet_proof":false,"object_tint":0,"weight":0.0,"is_explosion_proof":false,"lod_distance":5000,"angular_velocity":{"x":0,"z":0,"y":0},"health":1000,"gravity":0.0,"is_dynamic":false,"has_collision":true,"is_mission_entity":true,"is_fire_proof":false,"is_visible":true,"buoyancy":0.0,"spawn_mode":2,"is_melee_proof":false,"use_soft_pinning":true,"bone_index":0,"max_health":1000,"is_networked":true},"num_bones":0,"position":{"x":0.0,"z":0.0,"y":0.0},"world_rotation":{"x":0.0,"z":0.0,"y":0.0},"model":"stt_prop_track_jump_01a","initial_handle":73732,"rotation":{"x":0,"z":0,"y":0},"offset":{"x":0,"z":0,"y":0}},{"hash":2282807134,"type":"OBJECT","children":[],"name":"stt_prop_ramp_jump_l","rotation_order":2,"target_version":"0.51.2","options":{"is_driver_visible":true,"alpha":255,"is_on_fire":false,"has_gravity":true,"is_light_on":true,"is_invincible":false,"is_frozen":true,"is_attached":false,"is_bullet_proof":false,"object_tint":0,"weight":0.0,"is_explosion_proof":false,"lod_distance":5000,"angular_velocity":{"x":0,"z":0,"y":0},"health":1000,"gravity":0.0,"is_dynamic":false,"has_collision":true,"is_mission_entity":true,"is_fire_proof":false,"is_visible":true,"buoyancy":0.0,"spawn_mode":2,"is_melee_proof":false,"use_soft_pinning":true,"bone_index":0,"max_health":1000,"is_networked":true},"num_bones":0,"position":{"x":0.0,"z":0.0,"y":0.0},"world_rotation":{"x":0.0,"z":0.0,"y":0.0},"model":"stt_prop_ramp_jump_l","initial_handle":75524,"rotation":{"x":0,"z":0,"y":0},"offset":{"x":0,"z":0,"y":0}},{"hash":2282807134,"type":"OBJECT","children":[],"name":"stt_prop_ramp_jump_l","rotation_order":2,"target_version":"0.51.2","options":{"is_driver_visible":true,"alpha":255,"is_on_fire":false,"has_gravity":true,"is_light_on":true,"is_invincible":false,"is_frozen":true,"is_attached":false,"is_bullet_proof":false,"object_tint":0,"weight":0.0,"is_explosion_proof":false,"lod_distance":5000,"angular_velocity":{"x":0,"z":0,"y":0},"health":1000,"gravity":0.0,"is_dynamic":false,"has_collision":true,"is_mission_entity":true,"is_fire_proof":false,"is_visible":true,"buoyancy":0.0,"spawn_mode":2,"is_melee_proof":false,"use_soft_pinning":true,"bone_index":0,"max_health":1000,"is_networked":true},"num_bones":0,"position":{"x":0.0,"z":0.0,"y":0.0},"world_rotation":{"x":0.0,"z":0.0,"y":0.0},"model":"stt_prop_ramp_jump_l","initial_handle":75780,"rotation":{"x":0,"z":0,"y":0},"offset":{"x":0,"z":0,"y":0}},{"hash":2282807134,"type":"OBJECT","children":[],"name":"stt_prop_ramp_jump_l","rotation_order":2,"target_version":"0.51.2","options":{"is_driver_visible":true,"alpha":255,"is_on_fire":false,"has_gravity":true,"is_light_on":true,"is_invincible":false,"is_frozen":true,"is_attached":false,"is_bullet_proof":false,"object_tint":0,"weight":0.0,"is_explosion_proof":false,"lod_distance":5000,"angular_velocity":{"x":0,"z":0,"y":0},"health":1000,"gravity":0.0,"is_dynamic":false,"has_collision":true,"is_mission_entity":true,"is_fire_proof":false,"is_visible":true,"buoyancy":0.0,"spawn_mode":2,"is_melee_proof":false,"use_soft_pinning":true,"bone_index":0,"max_health":1000,"is_networked":true},"num_bones":0,"position":{"x":0.0,"z":0.0,"y":0.0},"world_rotation":{"x":0.0,"z":0.0,"y":0.0},"model":"stt_prop_ramp_jump_l","initial_handle":49924,"rotation":{"x":0,"z":0,"y":0},"offset":{"x":0,"z":0,"y":0}},{"hash":2529825694,"type":"OBJECT","children":[],"name":"stt_prop_track_jump_02c","rotation_order":2,"target_version":"0.51.2","options":{"is_driver_visible":true,"alpha":255,"is_on_fire":false,"has_gravity":true,"is_light_on":true,"is_invincible":false,"is_frozen":true,"is_attached":false,"is_bullet_proof":false,"object_tint":0,"weight":0.0,"is_explosion_proof":false,"lod_distance":5000,"angular_velocity":{"x":0,"z":0,"y":0},"health":1000,"gravity":0.0,"is_dynamic":false,"has_collision":true,"is_mission_entity":true,"is_fire_proof":false,"is_visible":true,"buoyancy":0.0,"spawn_mode":2,"is_melee_proof":false,"use_soft_pinning":true,"bone_index":0,"max_health":1000,"is_networked":true},"num_bones":0,"position":{"x":-1199.908203,"z":21.389999,"y":-2977.271973},"world_rotation":{"x":0.0,"z":148.000717,"y":0.0},"model":"stt_prop_track_jump_02c","initial_handle":50180,"rotation":{"x":0,"z":0,"y":0},"offset":{"x":0,"z":0,"y":0}},{"hash":2529825694,"type":"OBJECT","children":[],"name":"stt_prop_track_jump_02c","rotation_order":2,"target_version":"0.51.2","options":{"is_driver_visible":true,"alpha":255,"is_on_fire":false,"has_gravity":true,"is_light_on":true,"is_invincible":false,"is_frozen":true,"is_attached":false,"is_bullet_proof":false,"object_tint":0,"weight":0.0,"is_explosion_proof":false,"lod_distance":5000,"angular_velocity":{"x":0,"z":0,"y":0},"health":1000,"gravity":0.0,"is_dynamic":false,"has_collision":true,"is_mission_entity":true,"is_fire_proof":false,"is_visible":true,"buoyancy":0.0,"spawn_mode":2,"is_melee_proof":false,"use_soft_pinning":true,"bone_index":0,"max_health":1000,"is_networked":true},"num_bones":0,"position":{"x":-1194.057861,"z":21.389999,"y":-2967.538086},"world_rotation":{"x":0.0,"z":148.000717,"y":0.0},"model":"stt_prop_track_jump_02c","initial_handle":50436,"rotation":{"x":0,"z":0,"y":0},"offset":{"x":0,"z":0,"y":0}},{"hash":2529825694,"type":"OBJECT","children":[],"name":"stt_prop_track_jump_02c","rotation_order":2,"target_version":"0.51.2","options":{"is_driver_visible":true,"alpha":255,"is_on_fire":false,"has_gravity":true,"is_light_on":true,"is_invincible":false,"is_frozen":true,"is_attached":false,"is_bullet_proof":false,"object_tint":0,"weight":0.0,"is_explosion_proof":false,"lod_distance":5000,"angular_velocity":{"x":0,"z":0,"y":0},"health":1000,"gravity":0.0,"is_dynamic":false,"has_collision":true,"is_mission_entity":true,"is_fire_proof":false,"is_visible":true,"buoyancy":0.0,"spawn_mode":2,"is_melee_proof":false,"use_soft_pinning":true,"bone_index":0,"max_health":1000,"is_networked":true},"num_bones":0,"position":{"x":-1187.473999,"z":21.389999,"y":-2957.403564},"world_rotation":{"x":0.0,"z":148.000717,"y":0.0},"model":"stt_prop_track_jump_02c","initial_handle":50692,"rotation":{"x":0,"z":0,"y":0},"offset":{"x":0,"z":0,"y":0}},{"hash":2529825694,"type":"OBJECT","children":[],"name":"stt_prop_track_jump_02c","rotation_order":2,"target_version":"0.51.2","options":{"is_driver_visible":true,"alpha":255,"is_on_fire":false,"has_gravity":true,"is_light_on":true,"is_invincible":false,"is_frozen":true,"is_attached":false,"is_bullet_proof":false,"object_tint":0,"weight":0.0,"is_explosion_proof":false,"lod_distance":5000,"angular_velocity":{"x":0,"z":0,"y":0},"health":1000,"gravity":0.0,"is_dynamic":false,"has_collision":true,"is_mission_entity":true,"is_fire_proof":false,"is_visible":true,"buoyancy":0.0,"spawn_mode":2,"is_melee_proof":false,"use_soft_pinning":true,"bone_index":0,"max_health":1000,"is_networked":true},"num_bones":0,"position":{"x":-1181.028809,"z":21.379999,"y":-2947.417725},"world_rotation":{"x":0.0,"z":148.000717,"y":0.0},"model":"stt_prop_track_jump_02c","initial_handle":50948,"rotation":{"x":0,"z":0,"y":0},"offset":{"x":0,"z":0,"y":0}},{"hash":1895399514,"type":"OBJECT","children":[],"name":"stt_prop_ramp_spiral_xxl","rotation_order":2,"target_version":"0.51.2","options":{"is_driver_visible":true,"alpha":255,"is_on_fire":false,"has_gravity":true,"is_light_on":true,"is_invincible":false,"is_frozen":true,"is_attached":false,"is_bullet_proof":false,"object_tint":0,"weight":0.0,"is_explosion_proof":false,"lod_distance":5000,"angular_velocity":{"x":0,"z":0,"y":0},"health":1000,"gravity":0.0,"is_dynamic":false,"has_collision":true,"is_mission_entity":true,"is_fire_proof":false,"is_visible":true,"buoyancy":0.0,"spawn_mode":2,"is_melee_proof":false,"use_soft_pinning":true,"bone_index":0,"max_health":1000,"is_networked":true},"num_bones":0,"position":{"x":0.0,"z":0.0,"y":0.0},"world_rotation":{"x":0.0,"z":0.0,"y":0.0},"model":"stt_prop_ramp_spiral_xxl","initial_handle":51204,"rotation":{"x":0,"z":0,"y":0},"offset":{"x":0,"z":0,"y":0}},{"hash":1895399514,"type":"OBJECT","children":[],"name":"stt_prop_ramp_spiral_xxl","rotation_order":2,"target_version":"0.51.2","options":{"is_driver_visible":true,"alpha":255,"is_on_fire":false,"has_gravity":true,"is_light_on":true,"is_invincible":false,"is_frozen":true,"is_attached":false,"is_bullet_proof":false,"object_tint":0,"weight":0.0,"is_explosion_proof":false,"lod_distance":5000,"angular_velocity":{"x":0,"z":0,"y":0},"health":1000,"gravity":0.0,"is_dynamic":false,"has_collision":true,"is_mission_entity":true,"is_fire_proof":false,"is_visible":true,"buoyancy":0.0,"spawn_mode":2,"is_melee_proof":false,"use_soft_pinning":true,"bone_index":0,"max_health":1000,"is_networked":true},"num_bones":0,"position":{"x":0.0,"z":0.0,"y":0.0},"world_rotation":{"x":0.0,"z":0.0,"y":0.0},"model":"stt_prop_ramp_spiral_xxl","initial_handle":51460,"rotation":{"x":0,"z":0,"y":0},"offset":{"x":0,"z":0,"y":0}},{"hash":1895399514,"type":"OBJECT","children":[],"name":"stt_prop_ramp_spiral_xxl","rotation_order":2,"target_version":"0.51.2","options":{"is_driver_visible":true,"alpha":255,"is_on_fire":false,"has_gravity":true,"is_light_on":true,"is_invincible":false,"is_frozen":true,"is_attached":false,"is_bullet_proof":false,"object_tint":0,"weight":0.0,"is_explosion_proof":false,"lod_distance":5000,"angular_velocity":{"x":0,"z":0,"y":0},"health":1000,"gravity":0.0,"is_dynamic":false,"has_collision":true,"is_mission_entity":true,"is_fire_proof":false,"is_visible":true,"buoyancy":0.0,"spawn_mode":2,"is_melee_proof":false,"use_soft_pinning":true,"bone_index":0,"max_health":1000,"is_networked":true},"num_bones":0,"position":{"x":0.0,"z":0.0,"y":0.0},"world_rotation":{"x":0.0,"z":0.0,"y":0.0},"model":"stt_prop_ramp_spiral_xxl","initial_handle":48644,"rotation":{"x":0,"z":0,"y":0},"offset":{"x":0,"z":0,"y":0}},{"hash":1054678467,"type":"OBJECT","children":[{"hash":2192781404,"type":"OBJECT","children":[],"name":"stt_prop_stunt_bblock_lrg3","rotation_order":2,"target_version":"0.51.2","options":{"is_driver_visible":true,"alpha":255,"is_on_fire":false,"has_gravity":true,"gravity":0.0,"is_invincible":true,"is_frozen":true,"is_attached":false,"is_bullet_proof":false,"object_tint":0,"weight":0.0,"bone_index":0,"lod_distance":16960,"is_visible":true,"angular_velocity":{"x":0,"z":0,"y":0},"is_explosion_proof":true,"is_dynamic":false,"health":1000,"has_collision":true,"is_fire_proof":false,"is_mission_entity":true,"buoyancy":0.0,"spawn_mode":2,"is_melee_proof":true,"use_soft_pinning":true,"is_light_on":true,"max_health":1000,"is_networked":true},"num_bones":6,"position":{"x":-1863.701904,"z":249.93634,"y":-2659.506348},"world_rotation":{"x":0.250006,"z":-119.149956,"y":-3.299989},"model":"stt_prop_stunt_bblock_lrg3","initial_handle":137732,"rotation":{"x":0,"z":-90.000008,"y":-3.299999},"offset":{"x":-37.499992,"z":2.4,"y":-64.90004}}],"name":"stt_prop_stunt_landing_zone_01","rotation_order":2,"target_version":"0.51.2","options":{"is_driver_visible":true,"alpha":255,"is_on_fire":false,"has_gravity":true,"is_light_on":true,"is_invincible":false,"is_frozen":true,"is_attached":false,"is_bullet_proof":false,"object_tint":0,"weight":0.0,"is_explosion_proof":false,"lod_distance":5000,"angular_velocity":{"x":0,"z":0,"y":0},"health":1000,"gravity":0.0,"is_dynamic":false,"has_collision":true,"is_mission_entity":true,"is_fire_proof":false,"is_visible":true,"buoyancy":0.0,"spawn_mode":2,"is_melee_proof":false,"use_soft_pinning":true,"bone_index":0,"max_health":1000,"is_networked":true},"num_bones":0,"position":{"x":-1799.329956,"z":247.699997,"y":-2621.097168},"world_rotation":{"x":0.00001,"z":-29.149986,"y":-0.250007},"model":"stt_prop_stunt_landing_zone_01","initial_handle":48900,"rotation":{"x":0,"z":0,"y":0},"offset":{"x":0,"z":0,"y":0}},{"hash":959371665,"type":"OBJECT","children":[],"name":"stt_prop_track_jump_01b","rotation_order":2,"target_version":"0.51.2","options":{"is_driver_visible":true,"alpha":255,"is_on_fire":false,"has_gravity":true,"is_light_on":true,"is_invincible":false,"is_frozen":true,"is_attached":false,"is_bullet_proof":false,"object_tint":0,"weight":0.0,"is_explosion_proof":false,"lod_distance":5000,"angular_velocity":{"x":0,"z":0,"y":0},"health":1000,"gravity":0.0,"is_dynamic":false,"has_collision":true,"is_mission_entity":true,"is_fire_proof":false,"is_visible":true,"buoyancy":0.0,"spawn_mode":2,"is_melee_proof":false,"use_soft_pinning":true,"bone_index":0,"max_health":1000,"is_networked":true},"num_bones":0,"position":{"x":-1741.754883,"z":255.970001,"y":-2606.751953},"world_rotation":{"x":0.00001,"z":-29.749929,"y":-0.000005},"model":"stt_prop_track_jump_01b","initial_handle":49156,"rotation":{"x":0,"z":0,"y":0},"offset":{"x":0,"z":0,"y":0}},{"hash":959371665,"type":"OBJECT","children":[],"name":"stt_prop_track_jump_01b","rotation_order":2,"target_version":"0.51.2","options":{"is_driver_visible":true,"alpha":255,"is_on_fire":false,"has_gravity":true,"is_light_on":true,"is_invincible":false,"is_frozen":true,"is_attached":false,"is_bullet_proof":false,"object_tint":0,"weight":0.0,"is_explosion_proof":false,"lod_distance":5000,"angular_velocity":{"x":0,"z":0,"y":0},"health":1000,"gravity":0.0,"is_dynamic":false,"has_collision":true,"is_mission_entity":true,"is_fire_proof":false,"is_visible":true,"buoyancy":0.0,"spawn_mode":2,"is_melee_proof":false,"use_soft_pinning":true,"bone_index":0,"max_health":1000,"is_networked":true},"num_bones":0,"position":{"x":-1734.886475,"z":255.990005,"y":-2594.872559},"world_rotation":{"x":0.00001,"z":-29.749929,"y":-0.000005},"model":"stt_prop_track_jump_01b","initial_handle":49412,"rotation":{"x":0,"z":0,"y":0},"offset":{"x":0,"z":0,"y":0}},{"hash":371888173,"type":"OBJECT","children":[],"name":"stt_prop_ramp_jump_xxl","rotation_order":2,"target_version":"0.51.2","options":{"is_driver_visible":true,"alpha":255,"is_on_fire":false,"has_gravity":true,"is_light_on":true,"is_invincible":false,"is_frozen":true,"is_attached":false,"is_bullet_proof":false,"object_tint":0,"weight":0.0,"is_explosion_proof":false,"lod_distance":5000,"angular_velocity":{"x":0,"z":0,"y":0},"health":1000,"gravity":0.0,"is_dynamic":false,"has_collision":true,"is_mission_entity":true,"is_fire_proof":false,"is_visible":true,"buoyancy":0.0,"spawn_mode":2,"is_melee_proof":false,"use_soft_pinning":true,"bone_index":0,"max_health":1000,"is_networked":true},"num_bones":0,"position":{"x":-1777.420776,"z":250.172104,"y":-2675.016113},"world_rotation":{"x":0.0,"z":-29.999918,"y":0.0},"model":"stt_prop_ramp_jump_xxl","initial_handle":49668,"rotation":{"x":0,"z":0,"y":0},"offset":{"x":0,"z":0,"y":0}},{"hash":1668542196,"type":"OBJECT","children":[],"name":"stt_prop_ramp_jump_xl","rotation_order":2,"target_version":"0.51.2","options":{"is_driver_visible":true,"alpha":255,"is_on_fire":false,"has_gravity":true,"is_light_on":true,"is_invincible":false,"is_frozen":true,"is_attached":false,"is_bullet_proof":false,"object_tint":0,"weight":0.0,"is_explosion_proof":false,"lod_distance":5000,"angular_velocity":{"x":0,"z":0,"y":0},"health":1000,"gravity":0.0,"is_dynamic":false,"has_collision":true,"is_mission_entity":true,"is_fire_proof":false,"is_visible":true,"buoyancy":0.0,"spawn_mode":2,"is_melee_proof":false,"use_soft_pinning":true,"bone_index":0,"max_health":1000,"is_networked":true},"num_bones":0,"position":{"x":-1782.844971,"z":250.190002,"y":-2685.621094},"world_rotation":{"x":0.0,"z":-29.999918,"y":0.0},"model":"stt_prop_ramp_jump_xl","initial_handle":47364,"rotation":{"x":0,"z":0,"y":0},"offset":{"x":0,"z":0,"y":0}},{"hash":677027815,"type":"OBJECT","children":[],"name":"stt_prop_ramp_jump_s","rotation_order":2,"target_version":"0.51.2","options":{"is_driver_visible":true,"alpha":255,"is_on_fire":false,"has_gravity":true,"is_light_on":true,"is_invincible":false,"is_frozen":true,"is_attached":false,"is_bullet_proof":false,"object_tint":0,"weight":0.0,"is_explosion_proof":false,"lod_distance":5000,"angular_velocity":{"x":0,"z":0,"y":0},"health":1000,"gravity":0.0,"is_dynamic":false,"has_collision":true,"is_mission_entity":true,"is_fire_proof":false,"is_visible":true,"buoyancy":0.0,"spawn_mode":2,"is_melee_proof":false,"use_soft_pinning":true,"bone_index":0,"max_health":1000,"is_networked":true},"num_bones":0,"position":{"x":-1778.529907,"z":250.245361,"y":-2701.098389},"world_rotation":{"x":0.0,"z":-29.999918,"y":0.0},"model":"stt_prop_ramp_jump_s","initial_handle":47620,"rotation":{"x":0,"z":0,"y":0},"offset":{"x":0,"z":0,"y":0}},{"hash":1168458135,"type":"OBJECT","children":[{"hash":3155668614,"type":"OBJECT","children":[],"name":"xs_propint2_building_01","rotation_order":2,"target_version":"0.51.2","options":{"is_driver_visible":true,"alpha":255,"is_on_fire":false,"has_gravity":true,"gravity":0.0,"is_invincible":true,"is_frozen":true,"is_attached":false,"is_bullet_proof":false,"object_tint":0,"weight":0.0,"bone_index":0,"lod_distance":16960,"is_visible":true,"angular_velocity":{"x":0,"z":0,"y":0},"is_explosion_proof":true,"is_dynamic":false,"health":1000,"has_collision":true,"is_fire_proof":false,"is_mission_entity":true,"buoyancy":0.0,"spawn_mode":2,"is_melee_proof":true,"use_soft_pinning":true,"is_light_on":true,"max_health":1000,"is_networked":true},"num_bones":0,"position":{"x":-1062.753418,"z":27.245321,"y":-2970.787109},"world_rotation":{"x":0.0,"z":-30.626167,"y":0.0},"model":"xs_propint2_building_01","initial_handle":48388,"rotation":{"x":0,"z":0,"y":0},"offset":{"x":0,"z":13.999998,"y":0}}],"name":"xs_propint2_building_05","rotation_order":2,"target_version":"0.51.2","options":{"is_driver_visible":true,"alpha":255,"is_on_fire":false,"has_gravity":true,"is_light_on":true,"is_invincible":true,"is_frozen":true,"is_attached":false,"is_bullet_proof":false,"object_tint":0,"weight":0.0,"is_explosion_proof":true,"lod_distance":16960,"angular_velocity":{"x":0,"z":0,"y":0},"health":1000,"gravity":0.0,"is_dynamic":false,"has_collision":true,"is_mission_entity":true,"is_fire_proof":false,"is_visible":true,"buoyancy":0.0,"spawn_mode":2,"is_melee_proof":true,"use_soft_pinning":true,"bone_index":0,"max_health":1000,"is_networked":true},"num_bones":0,"position":{"x":-1062.753418,"z":13.245323,"y":-2970.787109},"world_rotation":{"x":0.0,"z":-30.626167,"y":0.0},"model":"xs_propint2_building_05","initial_handle":47876,"rotation":{"x":0,"z":0,"y":0},"offset":{"x":0,"z":0,"y":0}},{"hash":3311714592,"type":"OBJECT","children":[],"name":"xs_propint2_building_02","rotation_order":2,"target_version":"0.51.2","options":{"is_driver_visible":true,"alpha":255,"is_on_fire":false,"has_gravity":true,"is_light_on":true,"is_invincible":true,"is_frozen":true,"is_attached":false,"is_bullet_proof":false,"object_tint":0,"weight":0.0,"is_explosion_proof":true,"lod_distance":16960,"angular_velocity":{"x":0,"z":0,"y":0},"health":1000,"gravity":0.0,"is_dynamic":false,"has_collision":true,"is_mission_entity":true,"is_fire_proof":false,"is_visible":true,"buoyancy":0.0,"spawn_mode":2,"is_melee_proof":true,"use_soft_pinning":true,"bone_index":0,"max_health":1000,"is_networked":true},"num_bones":0,"position":{"x":0.0,"z":0.0,"y":0.0},"world_rotation":{"x":0.0,"z":0.0,"y":0.0},"model":"xs_propint2_building_02","initial_handle":48132,"rotation":{"x":0,"z":0,"y":0},"offset":{"x":0,"z":0,"y":0}},{"hash":3155668614,"type":"OBJECT","children":[],"name":"xs_propint2_building_01","rotation_order":2,"target_version":"0.51.2","options":{"is_driver_visible":true,"alpha":255,"is_on_fire":false,"has_gravity":true,"gravity":0.0,"is_invincible":true,"is_frozen":true,"is_attached":false,"is_bullet_proof":false,"object_tint":0,"weight":0.0,"bone_index":0,"lod_distance":16960,"is_visible":true,"angular_velocity":{"x":0,"z":0,"y":0},"is_explosion_proof":true,"is_dynamic":false,"health":1000,"has_collision":true,"is_fire_proof":false,"is_mission_entity":true,"buoyancy":0.0,"spawn_mode":2,"is_melee_proof":true,"use_soft_pinning":true,"is_light_on":true,"max_health":1000,"is_networked":true},"num_bones":0,"position":{"x":-1062.753418,"z":27.245321,"y":-2970.787109},"world_rotation":{"x":0.0,"z":-30.626167,"y":0.0},"model":"xs_propint2_building_01","initial_handle":48388,"rotation":{"x":0,"z":0,"y":0},"offset":{"x":0,"z":13.999998,"y":0}},{"hash":2529825694,"type":"OBJECT","children":[],"name":"stt_prop_track_jump_02c","rotation_order":2,"target_version":"0.51.2","options":{"is_driver_visible":true,"alpha":255,"is_on_fire":false,"has_gravity":true,"is_light_on":true,"is_invincible":false,"is_frozen":true,"is_attached":false,"is_bullet_proof":false,"object_tint":0,"weight":0.0,"is_explosion_proof":false,"lod_distance":16960,"angular_velocity":{"x":0,"z":0,"y":0},"health":1000,"gravity":0.0,"is_dynamic":false,"has_collision":true,"is_mission_entity":true,"is_fire_proof":false,"is_visible":true,"buoyancy":0.0,"spawn_mode":2,"is_melee_proof":false,"use_soft_pinning":true,"bone_index":0,"max_health":1000,"is_networked":true},"num_bones":0,"position":{"x":-1528.395142,"z":7.234989,"y":-3147.483887},"world_rotation":{"x":-0.000002,"z":-119.524208,"y":6.899999},"model":"stt_prop_track_jump_02c","initial_handle":134916,"rotation":{"x":0,"z":0,"y":0},"offset":{"x":0,"z":0,"y":0}},{"hash":677027815,"type":"OBJECT","children":[],"name":"stt_prop_ramp_jump_s","rotation_order":2,"target_version":"0.51.2","options":{"is_driver_visible":true,"alpha":255,"is_on_fire":false,"has_gravity":true,"is_light_on":true,"is_invincible":false,"is_frozen":true,"is_attached":false,"is_bullet_proof":false,"object_tint":0,"weight":0.0,"is_explosion_proof":false,"lod_distance":16960,"angular_velocity":{"x":0,"z":0,"y":0},"health":1000,"gravity":0.0,"is_dynamic":false,"has_collision":true,"is_mission_entity":true,"is_fire_proof":false,"is_visible":true,"buoyancy":0.0,"spawn_mode":2,"is_melee_proof":false,"use_soft_pinning":true,"bone_index":0,"max_health":1000,"is_networked":true},"num_bones":0,"position":{"x":-1525.14856,"z":12.850756,"y":-2737.116211},"world_rotation":{"x":-0.000002,"z":-119.945877,"y":0.00004},"model":"stt_prop_ramp_jump_s","initial_handle":220932,"rotation":{"x":0,"z":0,"y":0},"offset":{"x":0,"z":0,"y":0}},{"hash":677027815,"type":"OBJECT","children":[],"name":"stt_prop_ramp_jump_s","rotation_order":2,"target_version":"0.51.2","options":{"is_driver_visible":true,"alpha":255,"is_on_fire":false,"has_gravity":true,"is_light_on":true,"is_invincible":false,"is_frozen":true,"is_attached":false,"is_bullet_proof":false,"object_tint":0,"weight":0.0,"is_explosion_proof":false,"lod_distance":16960,"angular_velocity":{"x":0,"z":0,"y":0},"health":1000,"gravity":0.0,"is_dynamic":false,"has_collision":true,"is_mission_entity":true,"is_fire_proof":false,"is_visible":true,"buoyancy":0.0,"spawn_mode":2,"is_melee_proof":false,"use_soft_pinning":true,"bone_index":0,"max_health":1000,"is_networked":true},"num_bones":0,"position":{"x":-1578.070435,"z":12.785278,"y":-2826.275146},"world_rotation":{"x":-0.000002,"z":59.692833,"y":0.000041},"model":"stt_prop_ramp_jump_s","initial_handle":135940,"rotation":{"x":0,"z":0,"y":0},"offset":{"x":0,"z":0,"y":0}},{"hash":506581719,"type":"OBJECT","children":[],"name":"xs_propint3_waste_04_firering","rotation_order":2,"target_version":"0.51.2","options":{"is_driver_visible":true,"alpha":255,"is_on_fire":false,"has_gravity":true,"is_light_on":true,"is_invincible":true,"is_frozen":true,"is_attached":false,"is_bullet_proof":false,"object_tint":0,"weight":0.0,"is_explosion_proof":true,"lod_distance":16960,"angular_velocity":{"x":0,"z":0,"y":0},"health":1000,"gravity":0.0,"is_dynamic":false,"has_collision":true,"is_mission_entity":true,"is_fire_proof":false,"is_visible":true,"buoyancy":0.0,"spawn_mode":2,"is_melee_proof":true,"use_soft_pinning":true,"bone_index":0,"max_health":1000,"is_networked":true},"num_bones":0,"position":{"x":-959.302795,"z":-44.481647,"y":-2786.283936},"world_rotation":{"x":0.0,"z":-30.984312,"y":0.0},"model":"xs_propint3_waste_04_firering","initial_handle":34564,"rotation":{"x":0,"z":0,"y":0},"offset":{"x":0,"z":0,"y":0}},{"hash":1054678467,"type":"OBJECT","children":[{"hash":74400531,"type":"OBJECT","children":[],"name":"sr_prop_spec_tube_l_05a","rotation_order":2,"target_version":"0.51.2","options":{"is_driver_visible":true,"alpha":255,"is_on_fire":false,"has_gravity":true,"gravity":0.0,"is_invincible":true,"is_frozen":true,"is_attached":false,"is_bullet_proof":false,"object_tint":0,"weight":0.0,"bone_index":0,"lod_distance":16960,"is_visible":true,"angular_velocity":{"x":0,"z":0,"y":0},"is_explosion_proof":true,"is_dynamic":false,"health":1000,"has_collision":true,"is_fire_proof":false,"is_mission_entity":true,"buoyancy":0.0,"spawn_mode":2,"is_melee_proof":true,"use_soft_pinning":true,"is_light_on":true,"max_health":1000,"is_networked":true},"num_bones":4,"position":{"x":-1097.600464,"z":98.303238,"y":-3175.032715},"world_rotation":{"x":47.999409,"z":-119.852371,"y":-0.373589},"model":"sr_prop_spec_tube_l_05a","initial_handle":36100,"rotation":{"x":48.000004,"z":0,"y":0},"offset":{"x":-190.000031,"z":13.000001,"y":-30.000004}}],"name":"stt_prop_stunt_landing_zone_01","rotation_order":2,"target_version":"0.51.2","options":{"is_driver_visible":true,"alpha":255,"is_on_fire":false,"has_gravity":true,"is_light_on":true,"is_invincible":false,"is_frozen":true,"is_attached":false,"is_bullet_proof":false,"object_tint":0,"weight":0.0,"is_explosion_proof":false,"lod_distance":16960,"angular_velocity":{"x":0,"z":0,"y":0},"health":1000,"gravity":0.0,"is_dynamic":false,"has_collision":true,"is_mission_entity":true,"is_fire_proof":false,"is_visible":true,"buoyancy":0.0,"spawn_mode":2,"is_melee_proof":false,"use_soft_pinning":true,"bone_index":0,"max_health":1000,"is_networked":true},"num_bones":0,"position":{"x":-1167.054443,"z":86.132332,"y":-3354.468018},"world_rotation":{"x":0.000011,"z":-120.130005,"y":-0.249982},"model":"stt_prop_stunt_landing_zone_01","initial_handle":35844,"rotation":{"x":0,"z":0,"y":0},"offset":{"x":0,"z":0,"y":0}},{"hash":1668542196,"type":"OBJECT","children":[],"name":"stt_prop_ramp_jump_xl","rotation_order":2,"target_version":"0.51.2","options":{"is_driver_visible":true,"alpha":255,"is_on_fire":false,"has_gravity":true,"gravity":0.0,"is_invincible":true,"is_frozen":true,"is_attached":false,"is_bullet_proof":false,"object_tint":0,"weight":0.0,"bone_index":0,"lod_distance":16960,"is_visible":true,"angular_velocity":{"x":0,"z":0,"y":0},"is_explosion_proof":true,"is_dynamic":false,"health":1000,"has_collision":true,"is_fire_proof":false,"is_mission_entity":true,"buoyancy":0.0,"spawn_mode":2,"is_melee_proof":true,"use_soft_pinning":true,"is_light_on":true,"max_health":1000,"is_networked":true},"num_bones":0,"position":{"x":-1321.876343,"z":12.91246,"y":-3286.28418},"world_rotation":{"x":0.0,"z":-29.609268,"y":0.0},"model":"stt_prop_ramp_jump_xl","initial_handle":173572,"rotation":{"x":0,"z":0,"y":0},"offset":{"x":0,"z":0,"y":-4.0}},{"hash":1668542196,"type":"OBJECT","children":[{"hash":1668542196,"type":"OBJECT","children":[],"name":"stt_prop_ramp_jump_xl","rotation_order":2,"target_version":"0.51.2","options":{"is_driver_visible":true,"alpha":255,"is_on_fire":false,"has_gravity":true,"gravity":0.0,"is_invincible":true,"is_frozen":true,"is_attached":false,"is_bullet_proof":false,"object_tint":0,"weight":0.0,"bone_index":0,"lod_distance":16960,"is_visible":true,"angular_velocity":{"x":0,"z":0,"y":0},"is_explosion_proof":true,"is_dynamic":false,"health":1000,"has_collision":true,"is_fire_proof":false,"is_mission_entity":true,"buoyancy":0.0,"spawn_mode":2,"is_melee_proof":true,"use_soft_pinning":true,"is_light_on":true,"max_health":1000,"is_networked":true},"num_bones":0,"position":{"x":-1321.876343,"z":12.91246,"y":-3286.28418},"world_rotation":{"x":0.0,"z":-29.609268,"y":0.0},"model":"stt_prop_ramp_jump_xl","initial_handle":173572,"rotation":{"x":0,"z":0,"y":0},"offset":{"x":0,"z":0,"y":-4.0}},{"hash":1668542196,"type":"OBJECT","children":[],"name":"stt_prop_ramp_jump_xl","rotation_order":2,"target_version":"0.51.2","options":{"is_driver_visible":true,"alpha":255,"is_on_fire":false,"has_gravity":true,"gravity":0.0,"is_invincible":true,"is_frozen":true,"is_attached":false,"is_bullet_proof":false,"object_tint":0,"weight":0.0,"bone_index":0,"lod_distance":16960,"is_visible":true,"angular_velocity":{"x":0,"z":0,"y":0},"is_explosion_proof":true,"is_dynamic":false,"health":1000,"has_collision":true,"is_fire_proof":false,"is_mission_entity":true,"buoyancy":0.0,"spawn_mode":2,"is_melee_proof":true,"use_soft_pinning":true,"is_light_on":true,"max_health":1000,"is_networked":true},"num_bones":0,"position":{"x":-1317.923706,"z":12.91246,"y":-3279.329102},"world_rotation":{"x":0.0,"z":-29.609268,"y":0.0},"model":"stt_prop_ramp_jump_xl","initial_handle":137476,"rotation":{"x":0,"z":0,"y":0},"offset":{"x":0,"z":0,"y":4.0}}],"name":"stt_prop_ramp_jump_xl","rotation_order":2,"target_version":"0.51.2","options":{"is_driver_visible":true,"alpha":255,"is_on_fire":false,"has_gravity":true,"is_light_on":true,"is_invincible":true,"is_frozen":true,"is_attached":false,"is_bullet_proof":false,"object_tint":0,"weight":0.0,"is_explosion_proof":true,"lod_distance":16960,"angular_velocity":{"x":0,"z":0,"y":0},"health":1000,"gravity":0.0,"is_dynamic":false,"has_collision":true,"is_mission_entity":true,"is_fire_proof":false,"is_visible":true,"buoyancy":0.0,"spawn_mode":2,"is_melee_proof":true,"use_soft_pinning":true,"bone_index":0,"max_health":1000,"is_networked":true},"num_bones":0,"position":{"x":-1319.900024,"z":12.91246,"y":-3282.806641},"world_rotation":{"x":0.0,"z":-29.609268,"y":0.0},"model":"stt_prop_ramp_jump_xl","initial_handle":136196,"rotation":{"x":0,"z":0,"y":0},"offset":{"x":0,"z":0,"y":0}},{"hash":1668542196,"type":"OBJECT","children":[],"name":"stt_prop_ramp_jump_xl","rotation_order":2,"target_version":"0.51.2","options":{"is_driver_visible":true,"alpha":255,"is_on_fire":false,"has_gravity":true,"gravity":0.0,"is_invincible":true,"is_frozen":true,"is_attached":false,"is_bullet_proof":false,"object_tint":0,"weight":0.0,"bone_index":0,"lod_distance":16960,"is_visible":true,"angular_velocity":{"x":0,"z":0,"y":0},"is_explosion_proof":true,"is_dynamic":false,"health":1000,"has_collision":true,"is_fire_proof":false,"is_mission_entity":true,"buoyancy":0.0,"spawn_mode":2,"is_melee_proof":true,"use_soft_pinning":true,"is_light_on":true,"max_health":1000,"is_networked":true},"num_bones":0,"position":{"x":-1317.923706,"z":12.91246,"y":-3279.329102},"world_rotation":{"x":0.0,"z":-29.609268,"y":0.0},"model":"stt_prop_ramp_jump_xl","initial_handle":137476,"rotation":{"x":0,"z":0,"y":0},"offset":{"x":0,"z":0,"y":4.0}},{"hash":2490097136,"type":"OBJECT","children":[{"hash":2490097136,"type":"OBJECT","children":[],"name":"stt_prop_stunt_bblock_qp","rotation_order":2,"target_version":"0.51.2","options":{"is_driver_visible":true,"alpha":255,"is_on_fire":false,"has_gravity":true,"gravity":0.0,"is_invincible":true,"is_frozen":true,"is_attached":false,"is_bullet_proof":false,"object_tint":0,"weight":0.0,"bone_index":0,"lod_distance":16960,"is_visible":true,"angular_velocity":{"x":0,"z":0,"y":0},"is_explosion_proof":true,"is_dynamic":false,"health":1000,"has_collision":true,"is_fire_proof":false,"is_mission_entity":true,"buoyancy":0.0,"spawn_mode":2,"is_melee_proof":true,"use_soft_pinning":true,"is_light_on":true,"max_health":1000,"is_networked":true},"num_bones":0,"position":{"x":-905.212952,"z":44.274155,"y":-3307.229492},"world_rotation":{"x":0.0,"z":-30.194548,"y":0.0},"model":"stt_prop_stunt_bblock_qp","initial_handle":217348,"rotation":{"x":0,"z":0,"y":0},"offset":{"x":0,"z":0,"y":-83.5}}],"name":"stt_prop_stunt_bblock_qp","rotation_order":2,"target_version":"0.51.2","options":{"is_driver_visible":true,"alpha":255,"is_on_fire":false,"has_gravity":true,"is_light_on":true,"is_invincible":true,"is_frozen":true,"is_attached":false,"is_bullet_proof":false,"object_tint":0,"weight":0.0,"is_explosion_proof":true,"lod_distance":16960,"angular_velocity":{"x":0,"z":0,"y":0},"health":1000,"gravity":0.0,"is_dynamic":false,"has_collision":true,"is_mission_entity":true,"is_fire_proof":false,"is_visible":true,"buoyancy":0.0,"spawn_mode":2,"is_melee_proof":true,"use_soft_pinning":true,"bone_index":0,"max_health":1000,"is_networked":true},"num_bones":0,"position":{"x":-863.217651,"z":44.274155,"y":-3235.058594},"world_rotation":{"x":0.0,"z":-30.194548,"y":0.0},"model":"stt_prop_stunt_bblock_qp","initial_handle":33796,"rotation":{"x":0,"z":0,"y":0},"offset":{"x":0,"z":0,"y":0}},{"hash":2490097136,"type":"OBJECT","children":[],"name":"stt_prop_stunt_bblock_qp","rotation_order":2,"target_version":"0.51.2","options":{"is_driver_visible":true,"alpha":255,"is_on_fire":false,"has_gravity":true,"gravity":0.0,"is_invincible":true,"is_frozen":true,"is_attached":false,"is_bullet_proof":false,"object_tint":0,"weight":0.0,"bone_index":0,"lod_distance":16960,"is_visible":true,"angular_velocity":{"x":0,"z":0,"y":0},"is_explosion_proof":true,"is_dynamic":false,"health":1000,"has_collision":true,"is_fire_proof":false,"is_mission_entity":true,"buoyancy":0.0,"spawn_mode":2,"is_melee_proof":true,"use_soft_pinning":true,"is_light_on":true,"max_health":1000,"is_networked":true},"num_bones":0,"position":{"x":-905.212952,"z":44.274155,"y":-3307.229492},"world_rotation":{"x":0.0,"z":-30.194548,"y":0.0},"model":"stt_prop_stunt_bblock_qp","initial_handle":217348,"rotation":{"x":0,"z":0,"y":0},"offset":{"x":0,"z":0,"y":-83.5}},{"hash":2490097136,"type":"OBJECT","children":[],"name":"stt_prop_stunt_bblock_qp","rotation_order":2,"target_version":"0.51.2","options":{"is_driver_visible":true,"alpha":255,"is_on_fire":false,"has_gravity":true,"gravity":0.0,"is_invincible":true,"is_frozen":true,"is_attached":false,"is_bullet_proof":false,"object_tint":0,"weight":0.0,"bone_index":0,"lod_distance":16960,"is_visible":true,"angular_velocity":{"x":0,"z":0,"y":0},"is_explosion_proof":true,"is_dynamic":false,"health":1000,"has_collision":true,"is_fire_proof":false,"is_mission_entity":true,"buoyancy":0.0,"spawn_mode":2,"is_melee_proof":true,"use_soft_pinning":true,"is_light_on":true,"max_health":1000,"is_networked":true},"num_bones":0,"position":{"x":-947.208252,"z":44.274155,"y":-3379.400391},"world_rotation":{"x":0.0,"z":-30.194548,"y":0.0},"model":"stt_prop_stunt_bblock_qp","initial_handle":218372,"rotation":{"x":0,"z":0,"y":0},"offset":{"x":0,"z":0,"y":-83.5}},{"hash":3906373800,"type":"OBJECT","children":[{"hash":3906373800,"type":"OBJECT","children":[],"name":"stt_prop_track_speedup_t1","rotation_order":2,"target_version":"0.51.2","options":{"is_driver_visible":true,"alpha":255,"is_on_fire":false,"has_gravity":true,"gravity":0.0,"is_invincible":false,"is_frozen":true,"is_attached":false,"is_bullet_proof":false,"object_tint":0,"weight":0.0,"bone_index":0,"lod_distance":16960,"is_visible":true,"angular_velocity":{"x":0,"z":0,"y":0},"is_explosion_proof":false,"is_dynamic":false,"health":1000,"has_collision":true,"is_fire_proof":false,"is_mission_entity":true,"buoyancy":0.0,"spawn_mode":2,"is_melee_proof":false,"use_soft_pinning":true,"is_light_on":true,"max_health":1000,"is_networked":true},"num_bones":0,"position":{"x":-1356.146973,"z":12.883318,"y":-3262.127686},"world_rotation":{"x":-0.000001,"z":-29.973085,"y":0.000006},"model":"stt_prop_track_speedup_t1","initial_handle":35588,"rotation":{"x":0,"z":0,"y":0},"offset":{"x":-22.900051,"z":0,"y":0}},{"hash":3906373800,"type":"OBJECT","children":[],"name":"stt_prop_track_speedup_t1","rotation_order":2,"target_version":"0.51.2","options":{"is_driver_visible":true,"alpha":255,"is_on_fire":false,"has_gravity":true,"gravity":0.0,"is_invincible":false,"is_frozen":true,"is_attached":false,"is_bullet_proof":false,"object_tint":0,"weight":0.0,"bone_index":0,"lod_distance":16960,"is_visible":true,"angular_velocity":{"x":0,"z":0,"y":0},"is_explosion_proof":false,"is_dynamic":false,"health":1000,"has_collision":true,"is_fire_proof":false,"is_mission_entity":true,"buoyancy":0.0,"spawn_mode":2,"is_melee_proof":false,"use_soft_pinning":true,"is_light_on":true,"max_health":1000,"is_networked":true},"num_bones":0,"position":{"x":-1377.023682,"z":12.883321,"y":-3250.087646},"world_rotation":{"x":-0.000001,"z":-29.973085,"y":0.000006},"model":"stt_prop_track_speedup_t1","initial_handle":162308,"rotation":{"x":0,"z":0,"y":0},"offset":{"x":-46.999855,"z":0,"y":0}}],"name":"stt_prop_track_speedup_t1","rotation_order":2,"target_version":"0.51.2","options":{"is_driver_visible":true,"alpha":255,"is_on_fire":false,"has_gravity":true,"is_light_on":true,"is_invincible":false,"is_frozen":true,"is_attached":false,"is_bullet_proof":false,"object_tint":0,"weight":0.0,"is_explosion_proof":false,"lod_distance":16960,"angular_velocity":{"x":0,"z":0,"y":0},"health":1000,"gravity":0.0,"is_dynamic":false,"has_collision":true,"is_mission_entity":true,"is_fire_proof":false,"is_visible":true,"buoyancy":0.0,"spawn_mode":2,"is_melee_proof":false,"use_soft_pinning":true,"bone_index":0,"max_health":1000,"is_networked":true},"num_bones":0,"position":{"x":-1336.30957,"z":12.883316,"y":-3273.568359},"world_rotation":{"x":-0.000001,"z":-29.973085,"y":0.000006},"model":"stt_prop_track_speedup_t1","initial_handle":136452,"rotation":{"x":0,"z":0,"y":0},"offset":{"x":0,"z":0,"y":0}},{"hash":3906373800,"type":"OBJECT","children":[],"name":"stt_prop_track_speedup_t1","rotation_order":2,"target_version":"0.51.2","options":{"is_driver_visible":true,"alpha":255,"is_on_fire":false,"has_gravity":true,"gravity":0.0,"is_invincible":false,"is_frozen":true,"is_attached":false,"is_bullet_proof":false,"object_tint":0,"weight":0.0,"bone_index":0,"lod_distance":16960,"is_visible":true,"angular_velocity":{"x":0,"z":0,"y":0},"is_explosion_proof":false,"is_dynamic":false,"health":1000,"has_collision":true,"is_fire_proof":false,"is_mission_entity":true,"buoyancy":0.0,"spawn_mode":2,"is_melee_proof":false,"use_soft_pinning":true,"is_light_on":true,"max_health":1000,"is_networked":true},"num_bones":0,"position":{"x":-1356.146973,"z":12.883318,"y":-3262.127686},"world_rotation":{"x":-0.000001,"z":-29.973085,"y":0.000006},"model":"stt_prop_track_speedup_t1","initial_handle":35588,"rotation":{"x":0,"z":0,"y":0},"offset":{"x":-22.900051,"z":0,"y":0}},{"hash":3906373800,"type":"OBJECT","children":[],"name":"stt_prop_track_speedup_t1","rotation_order":2,"target_version":"0.51.2","options":{"is_driver_visible":true,"alpha":255,"is_on_fire":false,"has_gravity":true,"gravity":0.0,"is_invincible":false,"is_frozen":true,"is_attached":false,"is_bullet_proof":false,"object_tint":0,"weight":0.0,"bone_index":0,"lod_distance":16960,"is_visible":true,"angular_velocity":{"x":0,"z":0,"y":0},"is_explosion_proof":false,"is_dynamic":false,"health":1000,"has_collision":true,"is_fire_proof":false,"is_mission_entity":true,"buoyancy":0.0,"spawn_mode":2,"is_melee_proof":false,"use_soft_pinning":true,"is_light_on":true,"max_health":1000,"is_networked":true},"num_bones":0,"position":{"x":-1377.023682,"z":12.883321,"y":-3250.087646},"world_rotation":{"x":-0.000001,"z":-29.973085,"y":0.000006},"model":"stt_prop_track_speedup_t1","initial_handle":162308,"rotation":{"x":0,"z":0,"y":0},"offset":{"x":-46.999855,"z":0,"y":0}},{"hash":1429954114,"type":"OBJECT","children":[{"hash":1429954114,"type":"OBJECT","children":[],"name":"sr_prop_spec_tube_s_05a","rotation_order":2,"target_version":"0.51.2","options":{"is_driver_visible":true,"alpha":255,"is_on_fire":false,"has_gravity":true,"gravity":0.0,"is_invincible":true,"is_frozen":true,"is_attached":false,"is_bullet_proof":false,"object_tint":0,"weight":0.0,"bone_index":0,"lod_distance":16960,"is_visible":true,"angular_velocity":{"x":0,"z":0,"y":0},"is_explosion_proof":true,"is_dynamic":false,"health":1000,"has_collision":true,"is_fire_proof":false,"is_mission_entity":true,"buoyancy":0.0,"spawn_mode":2,"is_melee_proof":true,"use_soft_pinning":true,"is_light_on":true,"max_health":1000,"is_networked":true},"num_bones":4,"position":{"x":-1597.248657,"z":25.234991,"y":-3124.579346},"world_rotation":{"x":0.0,"z":150.475769,"y":0.0},"model":"sr_prop_spec_tube_s_05a","initial_handle":185860,"rotation":{"x":0,"z":0,"y":0},"offset":{"x":142.359985,"z":0,"y":0}},{"hash":2287098595,"type":"OBJECT","children":[],"name":"stt_prop_stunt_tube_gap_01","rotation_order":2,"target_version":"0.51.2","options":{"is_driver_visible":true,"alpha":255,"is_on_fire":false,"has_gravity":true,"gravity":0.0,"is_invincible":true,"is_frozen":true,"is_attached":false,"is_bullet_proof":false,"object_tint":0,"weight":0.0,"bone_index":0,"lod_distance":16960,"is_visible":true,"angular_velocity":{"x":0,"z":0,"y":0},"is_explosion_proof":true,"is_dynamic":false,"health":1000,"has_collision":true,"is_fire_proof":false,"is_mission_entity":true,"buoyancy":0.0,"spawn_mode":2,"is_melee_proof":true,"use_soft_pinning":true,"is_light_on":true,"max_health":1000,"is_networked":true},"num_bones":4,"position":{"x":-1535.294189,"z":25.234991,"y":-3159.666016},"world_rotation":{"x":0.0,"z":150.475769,"y":0.0},"model":"stt_prop_stunt_tube_gap_01","initial_handle":32260,"rotation":{"x":0,"z":0,"y":0},"offset":{"x":71.160042,"z":0,"y":0}}],"name":"sr_prop_spec_tube_s_05a","rotation_order":2,"target_version":"0.51.2","options":{"is_driver_visible":true,"alpha":255,"is_on_fire":false,"has_gravity":true,"is_light_on":true,"is_invincible":true,"is_frozen":true,"is_attached":false,"is_bullet_proof":false,"object_tint":0,"weight":0.0,"is_explosion_proof":true,"lod_distance":16960,"angular_velocity":{"x":0,"z":0,"y":0},"health":1000,"gravity":0.0,"is_dynamic":false,"has_collision":true,"is_mission_entity":true,"is_fire_proof":false,"is_visible":true,"buoyancy":0.0,"spawn_mode":2,"is_melee_proof":true,"use_soft_pinning":true,"bone_index":0,"max_health":1000,"is_networked":true},"num_bones":4,"position":{"x":-1473.374512,"z":25.234991,"y":-3194.733154},"world_rotation":{"x":0.0,"z":150.475769,"y":0.0},"model":"sr_prop_spec_tube_s_05a","initial_handle":207108,"rotation":{"x":0,"z":0,"y":0},"offset":{"x":0,"z":0,"y":0}},{"hash":1429954114,"type":"OBJECT","children":[],"name":"sr_prop_spec_tube_s_05a","rotation_order":2,"target_version":"0.51.2","options":{"is_driver_visible":true,"alpha":255,"is_on_fire":false,"has_gravity":true,"gravity":0.0,"is_invincible":true,"is_frozen":true,"is_attached":false,"is_bullet_proof":false,"object_tint":0,"weight":0.0,"bone_index":0,"lod_distance":16960,"is_visible":true,"angular_velocity":{"x":0,"z":0,"y":0},"is_explosion_proof":true,"is_dynamic":false,"health":1000,"has_collision":true,"is_fire_proof":false,"is_mission_entity":true,"buoyancy":0.0,"spawn_mode":2,"is_melee_proof":true,"use_soft_pinning":true,"is_light_on":true,"max_health":1000,"is_networked":true},"num_bones":4,"position":{"x":-1597.248657,"z":25.234991,"y":-3124.579346},"world_rotation":{"x":0.0,"z":150.475769,"y":0.0},"model":"sr_prop_spec_tube_s_05a","initial_handle":185860,"rotation":{"x":0,"z":0,"y":0},"offset":{"x":142.359985,"z":0,"y":0}},{"hash":2287098595,"type":"OBJECT","children":[],"name":"stt_prop_stunt_tube_gap_01","rotation_order":2,"target_version":"0.51.2","options":{"is_driver_visible":true,"alpha":255,"is_on_fire":false,"has_gravity":true,"gravity":0.0,"is_invincible":true,"is_frozen":true,"is_attached":false,"is_bullet_proof":false,"object_tint":0,"weight":0.0,"bone_index":0,"lod_distance":16960,"is_visible":true,"angular_velocity":{"x":0,"z":0,"y":0},"is_explosion_proof":true,"is_dynamic":false,"health":1000,"has_collision":true,"is_fire_proof":false,"is_mission_entity":true,"buoyancy":0.0,"spawn_mode":2,"is_melee_proof":true,"use_soft_pinning":true,"is_light_on":true,"max_health":1000,"is_networked":true},"num_bones":4,"position":{"x":-1535.294189,"z":25.234991,"y":-3159.666016},"world_rotation":{"x":0.0,"z":150.475769,"y":0.0},"model":"stt_prop_stunt_tube_gap_01","initial_handle":32260,"rotation":{"x":0,"z":0,"y":0},"offset":{"x":71.160042,"z":0,"y":0}},{"hash":1092990902,"type":"OBJECT","children":[],"name":"sr_prop_spec_tube_crn_05a","rotation_order":2,"target_version":"0.51.2","options":{"is_driver_visible":true,"alpha":255,"is_on_fire":false,"has_gravity":true,"is_light_on":true,"is_invincible":true,"is_frozen":true,"is_attached":false,"is_bullet_proof":false,"object_tint":0,"weight":0.0,"is_explosion_proof":true,"lod_distance":16960,"angular_velocity":{"x":0,"z":0,"y":0},"health":1000,"gravity":0.0,"is_dynamic":false,"has_collision":true,"is_mission_entity":true,"is_fire_proof":false,"is_visible":true,"buoyancy":0.0,"spawn_mode":2,"is_melee_proof":true,"use_soft_pinning":true,"bone_index":0,"max_health":1000,"is_networked":true},"num_bones":4,"position":{"x":-1622.548218,"z":25.234991,"y":-3015.049072},"world_rotation":{"x":0.0,"z":150.475708,"y":0.0},"model":"sr_prop_spec_tube_crn_05a","initial_handle":34308,"rotation":{"x":0,"z":0,"y":0},"offset":{"x":0,"z":0,"y":0}},{"hash":1092990902,"type":"OBJECT","children":[],"name":"sr_prop_spec_tube_crn_05a","rotation_order":2,"target_version":"0.51.2","options":{"is_driver_visible":true,"alpha":255,"is_on_fire":false,"has_gravity":true,"gravity":0.0,"is_invincible":true,"is_frozen":true,"is_attached":false,"is_bullet_proof":false,"object_tint":0,"weight":0.0,"bone_index":0,"lod_distance":16960,"is_visible":true,"angular_velocity":{"x":0,"z":0,"y":0},"is_explosion_proof":true,"is_dynamic":false,"health":1000,"has_collision":true,"is_fire_proof":false,"is_mission_entity":true,"buoyancy":0.0,"spawn_mode":2,"is_melee_proof":true,"use_soft_pinning":true,"is_light_on":true,"max_health":1000,"is_networked":true},"num_bones":4,"position":{"x":-1653.697632,"z":25.234991,"y":-3070.051025},"world_rotation":{"x":0.0,"z":-119.524208,"y":0.0},"model":"sr_prop_spec_tube_crn_05a","initial_handle":40452,"rotation":{"x":0,"z":89.999985,"y":0},"offset":{"x":75.990005,"z":0,"y":-19.630005}},{"hash":2529825694,"type":"OBJECT","children":[],"name":"stt_prop_track_jump_02c","rotation_order":2,"target_version":"0.51.2","options":{"is_driver_visible":true,"alpha":255,"is_on_fire":false,"has_gravity":true,"is_light_on":true,"is_invincible":false,"is_frozen":true,"is_attached":false,"is_bullet_proof":false,"object_tint":0,"weight":0.0,"is_explosion_proof":false,"lod_distance":16960,"angular_velocity":{"x":0,"z":0,"y":0},"health":1000,"gravity":0.0,"is_dynamic":false,"has_collision":true,"is_mission_entity":true,"is_fire_proof":false,"is_visible":true,"buoyancy":0.0,"spawn_mode":2,"is_melee_proof":false,"use_soft_pinning":true,"bone_index":0,"max_health":1000,"is_networked":true},"num_bones":0,"position":{"x":-1077.635498,"z":21.229597,"y":-2995.821289},"world_rotation":{"x":0.0,"z":-120.021584,"y":0.0},"model":"stt_prop_track_jump_02c","initial_handle":194820,"rotation":{"x":0,"z":0,"y":0},"offset":{"x":0,"z":0,"y":0}},{"hash":2529825694,"type":"OBJECT","children":[],"name":"stt_prop_track_jump_02c","rotation_order":2,"target_version":"0.51.2","options":{"is_driver_visible":true,"alpha":255,"is_on_fire":false,"has_gravity":true,"is_light_on":true,"is_invincible":false,"is_frozen":true,"is_attached":false,"is_bullet_proof":false,"object_tint":0,"weight":0.0,"is_explosion_proof":false,"lod_distance":16960,"angular_velocity":{"x":0,"z":0,"y":0},"health":1000,"gravity":0.0,"is_dynamic":false,"has_collision":true,"is_mission_entity":true,"is_fire_proof":false,"is_visible":true,"buoyancy":0.0,"spawn_mode":2,"is_melee_proof":false,"use_soft_pinning":true,"bone_index":0,"max_health":1000,"is_networked":true},"num_bones":0,"position":{"x":-1573.683594,"z":11.534996,"y":-3020.082764},"world_rotation":{"x":0.0,"z":150.475708,"y":15.999994},"model":"stt_prop_track_jump_02c","initial_handle":184836,"rotation":{"x":0,"z":0,"y":0},"offset":{"x":0,"z":0,"y":0}},{"hash":3906373800,"type":"OBJECT","children":[{"hash":3906373800,"type":"OBJECT","children":[],"name":"stt_prop_track_speedup_t1","rotation_order":2,"target_version":"0.51.2","options":{"is_driver_visible":true,"alpha":255,"is_on_fire":false,"has_gravity":true,"gravity":0.0,"is_invincible":false,"is_frozen":true,"is_attached":false,"is_bullet_proof":false,"object_tint":0,"weight":0.0,"bone_index":0,"lod_distance":16960,"is_visible":true,"angular_velocity":{"x":0,"z":0,"y":0},"is_explosion_proof":false,"is_dynamic":false,"health":1000,"has_collision":true,"is_fire_proof":false,"is_mission_entity":true,"buoyancy":0.0,"spawn_mode":2,"is_melee_proof":false,"use_soft_pinning":true,"is_light_on":true,"max_health":1000,"is_networked":true},"num_bones":0,"position":{"x":-1321.037964,"z":12.932779,"y":-3061.336914},"world_rotation":{"x":-0.000001,"z":149.991882,"y":0.000004},"model":"stt_prop_track_speedup_t1","initial_handle":78340,"rotation":{"x":0,"z":0,"y":0},"offset":{"x":-25.000002,"z":0,"y":0}},{"hash":3906373800,"type":"OBJECT","children":[],"name":"stt_prop_track_speedup_t1","rotation_order":2,"target_version":"0.51.2","options":{"is_driver_visible":true,"alpha":255,"is_on_fire":false,"has_gravity":true,"gravity":0.0,"is_invincible":false,"is_frozen":true,"is_attached":false,"is_bullet_proof":false,"object_tint":0,"weight":0.0,"bone_index":0,"lod_distance":16960,"is_visible":true,"angular_velocity":{"x":0,"z":0,"y":0},"is_explosion_proof":false,"is_dynamic":false,"health":1000,"has_collision":true,"is_fire_proof":false,"is_mission_entity":true,"buoyancy":0.0,"spawn_mode":2,"is_melee_proof":false,"use_soft_pinning":true,"is_light_on":true,"max_health":1000,"is_networked":true},"num_bones":0,"position":{"x":-1424.715576,"z":12.932772,"y":-2992.913818},"world_rotation":{"x":0.000001,"z":-30.008083,"y":-0.000004},"model":"stt_prop_track_speedup_t1","initial_handle":223748,"rotation":{"x":0,"z":179.999985,"y":0},"offset":{"x":99,"z":0,"y":-7.400002}},{"hash":3906373800,"type":"OBJECT","children":[],"name":"stt_prop_track_speedup_t1","rotation_order":2,"target_version":"0.51.2","options":{"is_driver_visible":true,"alpha":255,"is_on_fire":false,"has_gravity":true,"gravity":0.0,"is_invincible":false,"is_frozen":true,"is_attached":false,"is_bullet_proof":false,"object_tint":0,"weight":0.0,"bone_index":0,"lod_distance":16960,"is_visible":true,"angular_velocity":{"x":0,"z":0,"y":0},"is_explosion_proof":false,"is_dynamic":false,"health":1000,"has_collision":true,"is_fire_proof":false,"is_mission_entity":true,"buoyancy":0.0,"spawn_mode":2,"is_melee_proof":false,"use_soft_pinning":true,"is_light_on":true,"max_health":1000,"is_networked":true},"num_bones":0,"position":{"x":-1446.36438,"z":12.93277,"y":-2980.410889},"world_rotation":{"x":0.000001,"z":-30.008083,"y":-0.000004},"model":"stt_prop_track_speedup_t1","initial_handle":35332,"rotation":{"x":0,"z":179.999985,"y":0},"offset":{"x":124,"z":0,"y":-7.400002}}],"name":"stt_prop_track_speedup_t1","rotation_order":2,"target_version":"0.51.2","options":{"is_driver_visible":true,"alpha":255,"is_on_fire":false,"has_gravity":true,"is_light_on":true,"is_invincible":false,"is_frozen":true,"is_attached":false,"is_bullet_proof":false,"object_tint":0,"weight":0.0,"is_explosion_proof":false,"lod_distance":16960,"angular_velocity":{"x":0,"z":0,"y":0},"health":1000,"gravity":0.0,"is_dynamic":false,"has_collision":true,"is_mission_entity":true,"is_fire_proof":false,"is_visible":true,"buoyancy":0.0,"spawn_mode":2,"is_melee_proof":false,"use_soft_pinning":true,"bone_index":0,"max_health":1000,"is_networked":true},"num_bones":0,"position":{"x":-1342.68689,"z":12.932777,"y":-3048.833984},"world_rotation":{"x":-0.000001,"z":149.991882,"y":0.000004},"model":"stt_prop_track_speedup_t1","initial_handle":35076,"rotation":{"x":0,"z":0,"y":0},"offset":{"x":0,"z":0,"y":0}},{"hash":3906373800,"type":"OBJECT","children":[],"name":"stt_prop_track_speedup_t1","rotation_order":2,"target_version":"0.51.2","options":{"is_driver_visible":true,"alpha":255,"is_on_fire":false,"has_gravity":true,"gravity":0.0,"is_invincible":false,"is_frozen":true,"is_attached":false,"is_bullet_proof":false,"object_tint":0,"weight":0.0,"bone_index":0,"lod_distance":16960,"is_visible":true,"angular_velocity":{"x":0,"z":0,"y":0},"is_explosion_proof":false,"is_dynamic":false,"health":1000,"has_collision":true,"is_fire_proof":false,"is_mission_entity":true,"buoyancy":0.0,"spawn_mode":2,"is_melee_proof":false,"use_soft_pinning":true,"is_light_on":true,"max_health":1000,"is_networked":true},"num_bones":0,"position":{"x":-1321.037964,"z":12.932779,"y":-3061.336914},"world_rotation":{"x":-0.000001,"z":149.991882,"y":0.000004},"model":"stt_prop_track_speedup_t1","initial_handle":78340,"rotation":{"x":0,"z":0,"y":0},"offset":{"x":-25.000002,"z":0,"y":0}},{"hash":3906373800,"type":"OBJECT","children":[],"name":"stt_prop_track_speedup_t1","rotation_order":2,"target_version":"0.51.2","options":{"is_driver_visible":true,"alpha":255,"is_on_fire":false,"has_gravity":true,"gravity":0.0,"is_invincible":false,"is_frozen":true,"is_attached":false,"is_bullet_proof":false,"object_tint":0,"weight":0.0,"bone_index":0,"lod_distance":16960,"is_visible":true,"angular_velocity":{"x":0,"z":0,"y":0},"is_explosion_proof":false,"is_dynamic":false,"health":1000,"has_collision":true,"is_fire_proof":false,"is_mission_entity":true,"buoyancy":0.0,"spawn_mode":2,"is_melee_proof":false,"use_soft_pinning":true,"is_light_on":true,"max_health":1000,"is_networked":true},"num_bones":0,"position":{"x":-1424.715576,"z":12.932772,"y":-2992.913818},"world_rotation":{"x":0.000001,"z":-30.008083,"y":-0.000004},"model":"stt_prop_track_speedup_t1","initial_handle":223748,"rotation":{"x":0,"z":179.999985,"y":0},"offset":{"x":99,"z":0,"y":-7.400002}},{"hash":3906373800,"type":"OBJECT","children":[],"name":"stt_prop_track_speedup_t1","rotation_order":2,"target_version":"0.51.2","options":{"is_driver_visible":true,"alpha":255,"is_on_fire":false,"has_gravity":true,"gravity":0.0,"is_invincible":false,"is_frozen":true,"is_attached":false,"is_bullet_proof":false,"object_tint":0,"weight":0.0,"bone_index":0,"lod_distance":16960,"is_visible":true,"angular_velocity":{"x":0,"z":0,"y":0},"is_explosion_proof":false,"is_dynamic":false,"health":1000,"has_collision":true,"is_fire_proof":false,"is_mission_entity":true,"buoyancy":0.0,"spawn_mode":2,"is_melee_proof":false,"use_soft_pinning":true,"is_light_on":true,"max_health":1000,"is_networked":true},"num_bones":0,"position":{"x":-1446.36438,"z":12.93277,"y":-2980.410889},"world_rotation":{"x":0.000001,"z":-30.008083,"y":-0.000004},"model":"stt_prop_track_speedup_t1","initial_handle":35332,"rotation":{"x":0,"z":179.999985,"y":0},"offset":{"x":124,"z":0,"y":-7.400002}},{"hash":2192781404,"type":"OBJECT","children":[],"name":"stt_prop_stunt_bblock_lrg3","rotation_order":2,"target_version":"0.51.2","options":{"is_driver_visible":true,"alpha":255,"is_on_fire":false,"has_gravity":true,"gravity":0.0,"is_invincible":true,"is_frozen":true,"is_attached":false,"is_bullet_proof":false,"object_tint":0,"weight":0.0,"bone_index":0,"lod_distance":16960,"is_visible":true,"angular_velocity":{"x":0,"z":0,"y":0},"is_explosion_proof":true,"is_dynamic":false,"health":1000,"has_collision":true,"is_fire_proof":false,"is_mission_entity":true,"buoyancy":0.0,"spawn_mode":2,"is_melee_proof":true,"use_soft_pinning":true,"is_light_on":true,"max_health":1000,"is_networked":true},"num_bones":6,"position":{"x":-1863.701904,"z":249.93634,"y":-2659.506348},"world_rotation":{"x":0.250006,"z":-119.149956,"y":-3.299989},"model":"stt_prop_stunt_bblock_lrg3","initial_handle":137732,"rotation":{"x":0,"z":-90.000008,"y":-3.299999},"offset":{"x":-37.499992,"z":2.4,"y":-64.90004}},{"hash":74400531,"type":"OBJECT","children":[],"name":"sr_prop_spec_tube_l_05a","rotation_order":2,"target_version":"0.51.2","options":{"is_driver_visible":true,"alpha":255,"is_on_fire":false,"has_gravity":true,"gravity":0.0,"is_invincible":true,"is_frozen":true,"is_attached":false,"is_bullet_proof":false,"object_tint":0,"weight":0.0,"bone_index":0,"lod_distance":16960,"is_visible":true,"angular_velocity":{"x":0,"z":0,"y":0},"is_explosion_proof":true,"is_dynamic":false,"health":1000,"has_collision":true,"is_fire_proof":false,"is_mission_entity":true,"buoyancy":0.0,"spawn_mode":2,"is_melee_proof":true,"use_soft_pinning":true,"is_light_on":true,"max_health":1000,"is_networked":true},"num_bones":4,"position":{"x":-1097.600464,"z":98.303238,"y":-3175.032715},"world_rotation":{"x":47.999409,"z":-119.852371,"y":-0.373589},"model":"sr_prop_spec_tube_l_05a","initial_handle":36100,"rotation":{"x":48.000004,"z":0,"y":0},"offset":{"x":-190.000031,"z":13.000001,"y":-30.000004}}],"offset":{"x":0,"z":0,"y":0},"author":"AskMeForHelp","options":{"is_driver_visible":true,"alpha":255,"is_on_fire":false,"has_gravity":true,"gravity":0.0,"is_invincible":false,"is_frozen":true,"is_attached":false,"is_bullet_proof":false,"object_tint":0,"weight":0.0,"bone_index":0,"lod_distance":5000,"is_visible":true,"angular_velocity":{"x":0,"z":0,"y":0},"is_explosion_proof":false,"is_dynamic":false,"health":1000,"has_collision":true,"is_fire_proof":false,"is_mission_entity":true,"buoyancy":0.0,"spawn_mode":2,"is_melee_proof":false,"use_soft_pinning":true,"is_light_on":true,"max_health":1000,"is_networked":true},"version":"ConstructorLib 0.51.2","world_rotation":{"x":0.0,"z":0.0,"y":0.0},"num_bones":6,"position":{"x":0.0,"z":0.0,"y":0.0},"blip_icon":1,"filepath":"C:\\Users\\dream\\AppData\\Roaming\\Stand\\Constructs\\Airport_MegaPark_edit.json","blip_handle":204145568,"hash":568446997,"filename":"Airport_MegaPark_edit"}