{"blip_sprite":1,"world_rotation":{"z":-29.859844,"x":0.0,"y":0.0},"blip_handle":998245217,"rotation_order":2,"hash":2156563864,"options":{"is_attached":false,"spawn_mode":2,"alpha":255,"buoyancy":0.0,"is_fire_proof":false,"is_mission_entity":true,"is_bullet_proof":false,"has_collision":true,"is_explosion_proof":true,"is_frozen":true,"angular_velocity":{"z":0,"x":0,"y":0},"is_on_fire":false,"is_light_on":true,"object_tint":0,"is_visible":true,"is_melee_proof":true,"gravity":0.0,"is_dynamic":false,"has_gravity":true,"health":1000,"is_driver_visible":true,"is_invincible":true,"bone_index":0,"weight":0.0,"is_networked":true,"lod_distance":16960,"max_health":1000,"use_soft_pinning":true},"offset":{"z":0,"x":0,"y":0},"filename":"BIGHEAD AirportTrack edit1","position":{"z":13.101509,"x":-1354.739502,"y":-2841.825684},"initial_handle":483340,"model":"stt_prop_race_start_line_01","rotation":{"z":0,"x":0,"y":0},"name":"BIGHEAD AirportTrack","author":"AskMeForHelp","target_version":"0.51.2","created":"2024-07-04T10:24:03Z","blip_icon":1,"version":"ConstructorLib 0.51.2","blip_color":2,"filepath":"C:\\Users\\dream\\AppData\\Roaming\\Stand\\Constructs\\BIGHEAD AirportTrack edit1.json","type":"OBJECT","children":[{"position":{"z":13.040643,"x":-1416.405396,"y":-2790.107422},"initial_handle":268304,"rotation":{"z":0,"x":0,"y":0},"name":"stt_prop_startline_gantry","rotation_order":2,"hash":1323736372,"model":"stt_prop_startline_gantry","world_rotation":{"z":-20.404297,"x":0.0,"y":0.0},"options":{"is_attached":false,"is_networked":true,"alpha":255,"buoyancy":0.0,"max_health":1000,"is_mission_entity":true,"is_bullet_proof":false,"has_collision":true,"is_explosion_proof":true,"is_frozen":true,"angular_velocity":{"z":0,"x":0,"y":0},"is_on_fire":false,"use_soft_pinning":true,"object_tint":0,"is_visible":true,"is_melee_proof":true,"gravity":0.0,"is_dynamic":false,"has_gravity":true,"health":1000,"is_driver_visible":true,"is_invincible":true,"bone_index":0,"weight":0.0,"is_light_on":true,"lod_distance":16960,"is_fire_proof":false,"spawn_mode":2},"type":"OBJECT","offset":{"z":0,"x":0,"y":0},"target_version":"0.51.2","children":[],"num_bones":0},{"position":{"z":18.869984,"x":-1414.177612,"y":-2806.873535},"initial_handle":492827,"rotation":{"z":0,"x":0,"y":0},"name":"stt_prop_track_jump_01b","rotation_order":2,"hash":959371665,"model":"stt_prop_track_jump_01b","world_rotation":{"z":149.503906,"x":0.0,"y":0.0},"options":{"is_attached":false,"is_networked":true,"alpha":255,"buoyancy":0.0,"max_health":1000,"is_mission_entity":true,"is_bullet_proof":false,"has_collision":true,"is_explosion_proof":true,"is_frozen":true,"angular_velocity":{"z":0,"x":0,"y":0},"is_on_fire":false,"use_soft_pinning":true,"object_tint":0,"is_visible":true,"is_melee_proof":true,"gravity":0.0,"is_dynamic":false,"has_gravity":true,"health":1000,"is_driver_visible":true,"is_invincible":true,"bone_index":0,"weight":0.0,"is_light_on":true,"lod_distance":16960,"is_fire_proof":false,"spawn_mode":2},"type":"OBJECT","offset":{"z":0,"x":0,"y":0},"target_version":"0.51.2","children":[],"num_bones":0},{"position":{"z":23.046446,"x":-1468.79541,"y":-2775.695557},"initial_handle":133667,"rotation":{"z":0,"x":0,"y":0},"name":"stt_prop_track_straight_bar_m","rotation_order":2,"hash":3750768780,"model":"stt_prop_track_straight_bar_m","world_rotation":{"z":151.07515,"x":0.0,"y":0.0},"options":{"is_attached":false,"is_networked":true,"alpha":255,"buoyancy":0.0,"max_health":1000,"is_mission_entity":true,"is_bullet_proof":false,"has_collision":true,"is_explosion_proof":true,"is_frozen":true,"angular_velocity":{"z":0,"x":0,"y":0},"is_on_fire":false,"use_soft_pinning":true,"object_tint":0,"is_visible":true,"is_melee_proof":true,"gravity":0.0,"is_dynamic":false,"has_gravity":true,"health":1000,"is_driver_visible":true,"is_invincible":true,"bone_index":0,"weight":0.0,"is_light_on":true,"lod_distance":16960,"is_fire_proof":false,"spawn_mode":2},"type":"OBJECT","offset":{"z":0,"x":0,"y":0},"target_version":"0.51.2","children":[],"num_bones":4},{"position":{"z":23.096445,"x":-1532.228516,"y":-2785.04126},"initial_handle":155692,"rotation":{"z":0,"x":0,"y":0},"name":"stt_prop_track_bend_180d_bar","rotation_order":2,"hash":2324016984,"model":"stt_prop_track_bend_180d_bar","world_rotation":{"z":151.07515,"x":0.0,"y":0.0},"options":{"is_attached":false,"is_networked":true,"alpha":255,"buoyancy":0.0,"max_health":1000,"is_mission_entity":true,"is_bullet_proof":false,"has_collision":true,"is_explosion_proof":true,"is_frozen":true,"angular_velocity":{"z":0,"x":0,"y":0},"is_on_fire":false,"use_soft_pinning":true,"object_tint":0,"is_visible":true,"is_melee_proof":true,"gravity":0.0,"is_dynamic":false,"has_gravity":true,"health":1000,"is_driver_visible":true,"is_invincible":true,"bone_index":0,"weight":0.0,"is_light_on":true,"lod_distance":16960,"is_fire_proof":false,"spawn_mode":2},"type":"OBJECT","offset":{"z":0,"x":0,"y":0},"target_version":"0.51.2","children":[],"num_bones":4},{"position":{"z":23.096445,"x":-1482.598022,"y":-2856.911133},"initial_handle":125239,"rotation":{"z":0,"x":0,"y":0},"name":"stt_prop_track_straight_lm_bar","rotation_order":2,"hash":711357200,"model":"stt_prop_track_straight_lm_bar","world_rotation":{"z":151.07515,"x":0.0,"y":0.0},"options":{"is_attached":false,"is_networked":true,"alpha":255,"buoyancy":0.0,"max_health":1000,"is_mission_entity":true,"is_bullet_proof":false,"has_collision":true,"is_explosion_proof":true,"is_frozen":true,"angular_velocity":{"z":0,"x":0,"y":0},"is_on_fire":false,"use_soft_pinning":true,"object_tint":0,"is_visible":true,"is_melee_proof":true,"gravity":0.0,"is_dynamic":false,"has_gravity":true,"health":1000,"is_driver_visible":true,"is_invincible":true,"bone_index":0,"weight":0.0,"is_light_on":true,"lod_distance":16960,"is_fire_proof":false,"spawn_mode":2},"type":"OBJECT","offset":{"z":0,"x":0,"y":0},"target_version":"0.51.2","children":[],"num_bones":4},{"position":{"z":23.096445,"x":-1389.821045,"y":-2908.179199},"initial_handle":271671,"rotation":{"z":0,"x":0,"y":0},"name":"stt_prop_track_straight_lm_bar","rotation_order":2,"hash":711357200,"model":"stt_prop_track_straight_lm_bar","world_rotation":{"z":151.07515,"x":0.0,"y":0.0},"options":{"is_attached":false,"is_networked":true,"alpha":255,"buoyancy":0.0,"max_health":1000,"is_mission_entity":true,"is_bullet_proof":false,"has_collision":true,"is_explosion_proof":true,"is_frozen":true,"angular_velocity":{"z":0,"x":0,"y":0},"is_on_fire":false,"use_soft_pinning":true,"object_tint":0,"is_visible":true,"is_melee_proof":true,"gravity":0.0,"is_dynamic":false,"has_gravity":true,"health":1000,"is_driver_visible":true,"is_invincible":true,"bone_index":0,"weight":0.0,"is_light_on":true,"lod_distance":16960,"is_fire_proof":false,"spawn_mode":2},"type":"OBJECT","offset":{"z":0,"x":0,"y":0},"target_version":"0.51.2","children":[],"num_bones":4},{"position":{"z":32.29644,"x":-1294.811035,"y":-2916.122803},"initial_handle":60733,"rotation":{"z":0,"x":0,"y":0},"name":"stt_prop_wallride_01","rotation_order":2,"hash":4013598349,"model":"stt_prop_wallride_01","world_rotation":{"z":-28.924826,"x":0.0,"y":0.0},"options":{"is_attached":false,"is_networked":true,"alpha":255,"buoyancy":0.0,"max_health":1000,"is_mission_entity":true,"is_bullet_proof":false,"has_collision":true,"is_explosion_proof":true,"is_frozen":true,"angular_velocity":{"z":0,"x":0,"y":0},"is_on_fire":false,"use_soft_pinning":true,"object_tint":0,"is_visible":true,"is_melee_proof":true,"gravity":0.0,"is_dynamic":false,"has_gravity":true,"health":1000,"is_driver_visible":true,"is_invincible":true,"bone_index":0,"weight":0.0,"is_light_on":true,"lod_distance":16960,"is_fire_proof":false,"spawn_mode":2},"type":"OBJECT","offset":{"z":0,"x":0,"y":0},"target_version":"0.51.2","children":[],"num_bones":0},{"position":{"z":27.424604,"x":-1334.141479,"y":-2845.126709},"initial_handle":310619,"rotation":{"z":0,"x":0,"y":0},"name":"stt_prop_track_block_03","rotation_order":2,"hash":110250881,"model":"stt_prop_track_block_03","world_rotation":{"z":150.437515,"x":0.0,"y":0.0},"options":{"is_attached":false,"is_networked":true,"alpha":255,"buoyancy":0.0,"max_health":1000,"is_mission_entity":true,"is_bullet_proof":false,"has_collision":true,"is_explosion_proof":true,"is_frozen":true,"angular_velocity":{"z":0,"x":0,"y":0},"is_on_fire":false,"use_soft_pinning":true,"object_tint":0,"is_visible":true,"is_melee_proof":true,"gravity":0.0,"is_dynamic":false,"has_gravity":true,"health":1000,"is_driver_visible":true,"is_invincible":true,"bone_index":0,"weight":0.0,"is_light_on":true,"lod_distance":16960,"is_fire_proof":false,"spawn_mode":2},"type":"OBJECT","offset":{"z":0,"x":0,"y":0},"target_version":"0.51.2","children":[],"num_bones":4},{"position":{"z":27.424604,"x":-1384.916016,"y":-2831.272461},"initial_handle":24423,"rotation":{"z":0,"x":0,"y":0},"name":"stt_prop_track_bend_bar_l_b","rotation_order":2,"hash":2151013377,"model":"stt_prop_track_bend_bar_l_b","world_rotation":{"z":150.437515,"x":0.0,"y":0.0},"options":{"is_attached":false,"is_networked":true,"alpha":255,"buoyancy":0.0,"max_health":1000,"is_mission_entity":true,"is_bullet_proof":false,"has_collision":true,"is_explosion_proof":true,"is_frozen":true,"angular_velocity":{"z":0,"x":0,"y":0},"is_on_fire":false,"use_soft_pinning":true,"object_tint":0,"is_visible":true,"is_melee_proof":true,"gravity":0.0,"is_dynamic":false,"has_gravity":true,"health":1000,"is_driver_visible":true,"is_invincible":true,"bone_index":0,"weight":0.0,"is_light_on":true,"lod_distance":16960,"is_fire_proof":false,"spawn_mode":2},"type":"OBJECT","offset":{"z":0,"x":0,"y":0},"target_version":"0.51.2","children":[],"num_bones":4},{"position":{"z":27.424604,"x":-1386.870728,"y":-2887.416992},"initial_handle":46442,"rotation":{"z":0,"x":0,"y":0},"name":"stt_prop_track_bend_180d_bar","rotation_order":2,"hash":2324016984,"model":"stt_prop_track_bend_180d_bar","world_rotation":{"z":-119.562469,"x":0.0,"y":0.0},"options":{"is_attached":false,"is_networked":true,"alpha":255,"buoyancy":0.0,"max_health":1000,"is_mission_entity":true,"is_bullet_proof":false,"has_collision":true,"is_explosion_proof":true,"is_frozen":true,"angular_velocity":{"z":0,"x":0,"y":0},"is_on_fire":false,"use_soft_pinning":true,"object_tint":0,"is_visible":true,"is_melee_proof":true,"gravity":0.0,"is_dynamic":false,"has_gravity":true,"health":1000,"is_driver_visible":true,"is_invincible":true,"bone_index":0,"weight":0.0,"is_light_on":true,"lod_distance":16960,"is_fire_proof":false,"spawn_mode":2},"type":"OBJECT","offset":{"z":0,"x":0,"y":0},"target_version":"0.51.2","children":[],"num_bones":4},{"position":{"z":33.424603,"x":-1336.666504,"y":-2875.95459},"initial_handle":293233,"rotation":{"z":0,"x":0,"y":0},"name":"stt_prop_track_jump_01b","rotation_order":2,"hash":959371665,"model":"stt_prop_track_jump_01b","world_rotation":{"z":54.437515,"x":0.0,"y":0.0},"options":{"is_attached":false,"is_networked":true,"alpha":255,"buoyancy":0.0,"max_health":1000,"is_mission_entity":true,"is_bullet_proof":false,"has_collision":true,"is_explosion_proof":true,"is_frozen":true,"angular_velocity":{"z":0,"x":0,"y":0},"is_on_fire":false,"use_soft_pinning":true,"object_tint":0,"is_visible":true,"is_melee_proof":true,"gravity":0.0,"is_dynamic":false,"has_gravity":true,"health":1000,"is_driver_visible":true,"is_invincible":true,"bone_index":0,"weight":0.0,"is_light_on":true,"lod_distance":16960,"is_fire_proof":false,"spawn_mode":2},"type":"OBJECT","offset":{"z":0,"x":0,"y":0},"target_version":"0.51.2","children":[],"num_bones":0},{"position":{"z":44.950645,"x":-1269.746582,"y":-2802.901367},"initial_handle":472190,"rotation":{"z":0,"x":0,"y":0},"name":"stt_prop_stunt_tube_crn","rotation_order":2,"hash":3515328436,"model":"stt_prop_stunt_tube_crn","world_rotation":{"z":151.49675,"x":0.0,"y":0.0},"options":{"is_attached":false,"is_networked":true,"alpha":255,"buoyancy":0.0,"max_health":1000,"is_mission_entity":true,"is_bullet_proof":false,"has_collision":true,"is_explosion_proof":true,"is_frozen":true,"angular_velocity":{"z":0,"x":0,"y":0},"is_on_fire":false,"use_soft_pinning":true,"object_tint":0,"is_visible":true,"is_melee_proof":true,"gravity":0.0,"is_dynamic":false,"has_gravity":true,"health":1000,"is_driver_visible":true,"is_invincible":true,"bone_index":0,"weight":0.0,"is_light_on":true,"lod_distance":16960,"is_fire_proof":false,"spawn_mode":2},"type":"OBJECT","offset":{"z":0,"x":0,"y":0},"target_version":"0.51.2","children":[],"num_bones":4},{"position":{"z":44.950645,"x":-1193.605225,"y":-2821.944824},"initial_handle":430089,"rotation":{"z":0,"x":0,"y":0},"name":"stt_prop_stunt_tube_s","rotation_order":2,"hash":2081936690,"model":"stt_prop_stunt_tube_s","world_rotation":{"z":151.49675,"x":0.0,"y":0.0},"options":{"is_attached":false,"is_networked":true,"alpha":255,"buoyancy":0.0,"max_health":1000,"is_mission_entity":true,"is_bullet_proof":false,"has_collision":true,"is_explosion_proof":true,"is_frozen":true,"angular_velocity":{"z":0,"x":0,"y":0},"is_on_fire":false,"use_soft_pinning":true,"object_tint":0,"is_visible":true,"is_melee_proof":true,"gravity":0.0,"is_dynamic":false,"has_gravity":true,"health":1000,"is_driver_visible":true,"is_invincible":true,"bone_index":0,"weight":0.0,"is_light_on":true,"lod_distance":16960,"is_fire_proof":false,"spawn_mode":2},"type":"OBJECT","offset":{"z":0,"x":0,"y":0},"target_version":"0.51.2","children":[{"position":{"z":44.950645,"x":-1138.768677,"y":-2851.722656},"initial_handle":24843,"rotation":{"z":-179.999985,"x":0,"y":0},"name":"stt_prop_stunt_tube_jmp","rotation_order":2,"hash":1025978577,"model":"stt_prop_stunt_tube_jmp","world_rotation":{"z":-28.503223,"x":0.0,"y":0.0},"options":{"is_attached":false,"is_networked":true,"alpha":255,"buoyancy":0.0,"bone_index":0,"is_mission_entity":true,"is_bullet_proof":false,"has_collision":true,"is_explosion_proof":true,"is_frozen":true,"max_health":1000,"is_on_fire":false,"angular_velocity":{"z":0,"x":0,"y":0},"object_tint":0,"spawn_mode":2,"is_melee_proof":true,"is_visible":true,"gravity":0.0,"has_gravity":true,"health":1000,"is_driver_visible":true,"is_invincible":true,"is_dynamic":false,"weight":0.0,"is_light_on":true,"lod_distance":16960,"is_fire_proof":false,"use_soft_pinning":true},"type":"OBJECT","offset":{"z":0,"x":-62.399986,"y":0},"target_version":"0.51.2","children":[],"num_bones":4}],"num_bones":4},{"position":{"z":44.950645,"x":-1138.768677,"y":-2851.722656},"initial_handle":24843,"rotation":{"z":-179.999985,"x":0,"y":0},"name":"stt_prop_stunt_tube_jmp","rotation_order":2,"hash":1025978577,"model":"stt_prop_stunt_tube_jmp","world_rotation":{"z":-28.503223,"x":0.0,"y":0.0},"options":{"is_attached":false,"is_networked":true,"alpha":255,"buoyancy":0.0,"bone_index":0,"is_mission_entity":true,"is_bullet_proof":false,"has_collision":true,"is_explosion_proof":true,"is_frozen":true,"max_health":1000,"is_on_fire":false,"angular_velocity":{"z":0,"x":0,"y":0},"object_tint":0,"spawn_mode":2,"is_melee_proof":true,"is_visible":true,"gravity":0.0,"has_gravity":true,"health":1000,"is_driver_visible":true,"is_invincible":true,"is_dynamic":false,"weight":0.0,"is_light_on":true,"lod_distance":16960,"is_fire_proof":false,"use_soft_pinning":true},"type":"OBJECT","offset":{"z":0,"x":-62.399986,"y":0},"target_version":"0.51.2","children":[],"num_bones":4},{"position":{"z":34.350609,"x":-1231.785522,"y":-2804.225098},"initial_handle":184345,"rotation":{"z":0,"x":0,"y":0},"name":"stt_prop_track_speedup_t1","rotation_order":2,"hash":3906373800,"model":"stt_prop_track_speedup_t1","world_rotation":{"z":-28.927513,"x":0.0,"y":0.0},"options":{"is_attached":false,"is_networked":true,"alpha":255,"buoyancy":0.0,"max_health":1000,"is_mission_entity":true,"is_bullet_proof":false,"has_collision":true,"is_explosion_proof":true,"is_frozen":true,"angular_velocity":{"z":0,"x":0,"y":0},"is_on_fire":false,"use_soft_pinning":true,"object_tint":0,"is_visible":true,"is_melee_proof":true,"gravity":0.0,"is_dynamic":false,"has_gravity":true,"health":1000,"is_driver_visible":true,"is_invincible":true,"bone_index":0,"weight":0.0,"is_light_on":true,"lod_distance":16960,"is_fire_proof":false,"spawn_mode":2},"type":"OBJECT","offset":{"z":0,"x":0,"y":0},"target_version":"0.51.2","children":[],"num_bones":0},{"position":{"z":34.330235,"x":-1210.494507,"y":-2815.61084},"initial_handle":344345,"rotation":{"z":0,"x":0,"y":0},"name":"stt_prop_track_speedup_t1","rotation_order":2,"hash":3906373800,"model":"stt_prop_track_speedup_t1","world_rotation":{"z":-28.927483,"x":0.0,"y":0.0},"options":{"is_attached":false,"is_networked":true,"alpha":255,"buoyancy":0.0,"max_health":1000,"is_mission_entity":true,"is_bullet_proof":false,"has_collision":true,"is_explosion_proof":true,"is_frozen":true,"angular_velocity":{"z":0,"x":0,"y":0},"is_on_fire":false,"use_soft_pinning":true,"object_tint":0,"is_visible":true,"is_melee_proof":true,"gravity":0.0,"is_dynamic":false,"has_gravity":true,"health":1000,"is_driver_visible":true,"is_invincible":true,"bone_index":0,"weight":0.0,"is_light_on":true,"lod_distance":16960,"is_fire_proof":false,"spawn_mode":2},"type":"OBJECT","offset":{"z":0,"x":0,"y":0},"target_version":"0.51.2","children":[],"num_bones":0},{"position":{"z":34.366875,"x":-1179.225708,"y":-2832.906982},"initial_handle":286489,"rotation":{"z":0,"x":0,"y":0},"name":"stt_prop_track_speedup_t1","rotation_order":2,"hash":3906373800,"model":"stt_prop_track_speedup_t1","world_rotation":{"z":-28.927483,"x":0.0,"y":0.0},"options":{"is_attached":false,"is_networked":true,"alpha":255,"buoyancy":0.0,"max_health":1000,"is_mission_entity":true,"is_bullet_proof":false,"has_collision":true,"is_explosion_proof":true,"is_frozen":true,"angular_velocity":{"z":0,"x":0,"y":0},"is_on_fire":false,"use_soft_pinning":true,"object_tint":0,"is_visible":true,"is_melee_proof":true,"gravity":0.0,"is_dynamic":false,"has_gravity":true,"health":1000,"is_driver_visible":true,"is_invincible":true,"bone_index":0,"weight":0.0,"is_light_on":true,"lod_distance":16960,"is_fire_proof":false,"spawn_mode":2},"type":"OBJECT","offset":{"z":0,"x":0,"y":0},"target_version":"0.51.2","children":[],"num_bones":0},{"position":{"z":34.460651,"x":-1146.624512,"y":-2850.965332},"initial_handle":150554,"rotation":{"z":0,"x":0,"y":0},"name":"stt_prop_track_speedup_t1","rotation_order":2,"hash":3906373800,"model":"stt_prop_track_speedup_t1","world_rotation":{"z":-28.927483,"x":0.0,"y":0.0},"options":{"is_attached":false,"is_networked":true,"alpha":255,"buoyancy":0.0,"max_health":1000,"is_mission_entity":true,"is_bullet_proof":false,"has_collision":true,"is_explosion_proof":true,"is_frozen":true,"angular_velocity":{"z":0,"x":0,"y":0},"is_on_fire":false,"use_soft_pinning":true,"object_tint":0,"is_visible":true,"is_melee_proof":true,"gravity":0.0,"is_dynamic":false,"has_gravity":true,"health":1000,"is_driver_visible":true,"is_invincible":true,"bone_index":0,"weight":0.0,"is_light_on":true,"lod_distance":16960,"is_fire_proof":false,"spawn_mode":2},"type":"OBJECT","offset":{"z":0,"x":0,"y":0},"target_version":"0.51.2","children":[],"num_bones":0}],"num_bones":4}