{"type":"OBJECT","rotation_order":2,"children":[{"type":"OBJECT","rotation_order":2,"model":"stt_prop_ramp_spiral_l_l","name":"stt_prop_ramp_spiral_l_l","children":[],"hash":3427953675,"target_version":"0.51.2","offset":{"y":0,"x":0,"z":0},"num_bones":0,"position":{"y":-3148.378418,"x":-1273.71228,"z":13.339497},"rotation":{"y":0,"x":0,"z":0},"options":{"is_visible":true,"lod_distance":16960,"gravity":0.0,"alpha":255,"max_health":1000,"health":1000,"has_collision":true,"is_attached":false,"spawn_mode":2,"bone_index":0,"is_invincible":true,"is_melee_proof":true,"angular_velocity":{"y":0,"x":0,"z":0},"buoyancy":0.0,"is_dynamic":false,"object_tint":0,"is_driver_visible":true,"has_gravity":true,"is_explosion_proof":true,"is_on_fire":false,"use_soft_pinning":true,"is_fire_proof":false,"is_mission_entity":true,"is_light_on":true,"is_networked":true,"is_frozen":true,"is_bullet_proof":false,"weight":0.0},"initial_handle":313101,"world_rotation":{"y":0.0,"x":0.0,"z":0.0}},{"type":"OBJECT","rotation_order":2,"model":"stt_prop_ramp_spiral_l_l","name":"stt_prop_ramp_spiral_l_l","children":[],"hash":3427953675,"target_version":"0.51.2","offset":{"y":0,"x":0,"z":0},"num_bones":0,"position":{"y":-3172.77832,"x":-1338.512329,"z":13.339497},"rotation":{"y":0,"x":0,"z":0},"options":{"is_visible":true,"lod_distance":16960,"gravity":0.0,"alpha":255,"max_health":1000,"health":1000,"has_collision":true,"is_attached":false,"spawn_mode":2,"bone_index":0,"is_invincible":true,"is_melee_proof":true,"angular_velocity":{"y":0,"x":0,"z":0},"buoyancy":0.0,"is_dynamic":false,"object_tint":0,"is_driver_visible":true,"has_gravity":true,"is_explosion_proof":true,"is_on_fire":false,"use_soft_pinning":true,"is_fire_proof":false,"is_mission_entity":true,"is_light_on":true,"is_networked":true,"is_frozen":true,"is_bullet_proof":false,"weight":0.0},"initial_handle":47638,"world_rotation":{"y":0.0,"x":0.0,"z":0.0}},{"type":"OBJECT","rotation_order":2,"model":"stt_prop_ramp_spiral_l_l","name":"stt_prop_ramp_spiral_l_l","children":[],"hash":3427953675,"target_version":"0.51.2","offset":{"y":0,"x":0,"z":0},"num_bones":0,"position":{"y":-3196.77832,"x":-1403.012329,"z":13.339497},"rotation":{"y":0,"x":0,"z":0},"options":{"is_visible":true,"lod_distance":16960,"gravity":0.0,"alpha":255,"max_health":1000,"health":1000,"has_collision":true,"is_attached":false,"spawn_mode":2,"bone_index":0,"is_invincible":true,"is_melee_proof":true,"angular_velocity":{"y":0,"x":0,"z":0},"buoyancy":0.0,"is_dynamic":false,"object_tint":0,"is_driver_visible":true,"has_gravity":true,"is_explosion_proof":true,"is_on_fire":false,"use_soft_pinning":true,"is_fire_proof":false,"is_mission_entity":true,"is_light_on":true,"is_networked":true,"is_frozen":true,"is_bullet_proof":false,"weight":0.0},"initial_handle":285981,"world_rotation":{"y":0.0,"x":0.0,"z":0.0}},{"type":"OBJECT","rotation_order":2,"model":"prop_windmill_01","name":"prop_windmill_01","children":[],"hash":1952396163,"target_version":"0.51.2","offset":{"y":0,"x":0,"z":0},"num_bones":2,"position":{"y":0.0,"x":0.0,"z":0.0},"rotation":{"y":0,"x":0,"z":0},"options":{"is_visible":true,"lod_distance":16960,"gravity":0.0,"alpha":255,"max_health":1000,"health":1000,"has_collision":true,"is_attached":false,"spawn_mode":2,"bone_index":0,"is_invincible":true,"is_melee_proof":true,"angular_velocity":{"y":0,"x":0,"z":0},"buoyancy":0.0,"is_dynamic":false,"object_tint":0,"is_driver_visible":true,"has_gravity":true,"is_explosion_proof":true,"is_on_fire":false,"use_soft_pinning":true,"is_fire_proof":false,"is_mission_entity":true,"is_light_on":true,"is_networked":true,"is_frozen":true,"is_bullet_proof":false,"weight":0.0},"initial_handle":42267,"world_rotation":{"y":0.0,"x":0.0,"z":0.0}},{"type":"OBJECT","rotation_order":2,"model":"prop_windmill_01","name":"prop_windmill_01","children":[],"hash":1952396163,"target_version":"0.51.2","offset":{"y":0,"x":0,"z":0},"num_bones":2,"position":{"y":-3168.695068,"x":-1335.400879,"z":-16.022388},"rotation":{"y":0,"x":0,"z":0},"options":{"is_visible":true,"lod_distance":16960,"gravity":0.0,"alpha":255,"max_health":1000,"health":1000,"has_collision":true,"is_attached":false,"spawn_mode":2,"bone_index":0,"is_invincible":true,"is_melee_proof":true,"angular_velocity":{"y":0,"x":0,"z":0},"buoyancy":0.0,"is_dynamic":false,"object_tint":0,"is_driver_visible":true,"has_gravity":true,"is_explosion_proof":true,"is_on_fire":false,"use_soft_pinning":true,"is_fire_proof":false,"is_mission_entity":true,"is_light_on":true,"is_networked":true,"is_frozen":true,"is_bullet_proof":false,"weight":0.0},"initial_handle":55334,"world_rotation":{"y":0.0,"x":0.0,"z":175.231628}},{"type":"OBJECT","rotation_order":2,"model":"prop_windmill_01","name":"prop_windmill_01","children":[],"hash":1952396163,"target_version":"0.51.2","offset":{"y":0,"x":0,"z":0},"num_bones":2,"position":{"y":-3208.924805,"x":-1407.194214,"z":-6.022392},"rotation":{"y":0,"x":0,"z":0},"options":{"is_visible":true,"lod_distance":16960,"gravity":0.0,"alpha":255,"max_health":1000,"health":1000,"has_collision":true,"is_attached":false,"spawn_mode":2,"bone_index":0,"is_invincible":true,"is_melee_proof":true,"angular_velocity":{"y":0,"x":0,"z":0},"buoyancy":0.0,"is_dynamic":false,"object_tint":0,"is_driver_visible":true,"has_gravity":true,"is_explosion_proof":true,"is_on_fire":false,"use_soft_pinning":true,"is_fire_proof":false,"is_mission_entity":true,"is_light_on":true,"is_networked":true,"is_frozen":true,"is_bullet_proof":false,"weight":0.0},"initial_handle":310051,"world_rotation":{"y":0.0,"x":0.0,"z":-173.490326}},{"type":"OBJECT","rotation_order":2,"model":"prop_windmill_01","name":"prop_windmill_01","children":[],"hash":1952396163,"target_version":"0.51.2","offset":{"y":0,"x":0,"z":0},"num_bones":2,"position":{"y":-3145.503662,"x":-1283.349487,"z":-6.019897},"rotation":{"y":0,"x":0,"z":0},"options":{"is_visible":true,"lod_distance":16960,"gravity":0.0,"alpha":255,"max_health":1000,"health":1000,"has_collision":true,"is_attached":false,"spawn_mode":2,"bone_index":0,"is_invincible":true,"is_melee_proof":true,"angular_velocity":{"y":0,"x":0,"z":0},"buoyancy":0.0,"is_dynamic":false,"object_tint":0,"is_driver_visible":true,"has_gravity":true,"is_explosion_proof":true,"is_on_fire":false,"use_soft_pinning":true,"is_fire_proof":false,"is_mission_entity":true,"is_light_on":true,"is_networked":true,"is_frozen":true,"is_bullet_proof":false,"weight":0.0},"initial_handle":12331,"world_rotation":{"y":0.0,"x":0.0,"z":175.231628}}],"blip_icon":1,"blip_sprite":1,"num_bones":0,"created":"2024-07-11T13:09:24Z","initial_handle":437268,"filename":"BIGHEAD AirportSpiral Edit","rotation":{"y":0,"x":0,"z":0},"name":"BIGHEAD AirportSpiral","blip_handle":156566396,"hash":3427953675,"version":"ConstructorLib 0.51.2","target_version":"0.51.2","model":"stt_prop_ramp_spiral_l_l","offset":{"y":0,"x":0,"z":0},"options":{"is_visible":true,"lod_distance":16960,"gravity":0.0,"alpha":255,"max_health":1000,"health":1000,"has_collision":true,"is_attached":false,"spawn_mode":2,"bone_index":0,"is_invincible":true,"is_melee_proof":true,"angular_velocity":{"y":0,"x":0,"z":0},"buoyancy":0.0,"is_dynamic":false,"object_tint":0,"use_soft_pinning":true,"has_gravity":true,"is_explosion_proof":true,"is_on_fire":false,"is_light_on":true,"is_fire_proof":false,"is_mission_entity":true,"weight":0.0,"is_networked":true,"is_frozen":true,"is_bullet_proof":false,"is_driver_visible":true},"blip_color":2,"filepath":"C:\\Users\\dream\\AppData\\Roaming\\Stand\\Constructs\\BIGHEAD AirportSpiral Edit.json","author":"AskMeForHelp","position":{"y":0.0,"x":0.0,"z":0.0},"world_rotation":{"y":0.0,"x":0.0,"z":0.0}}