{"blipIcon":225,"version":"Jackz Builder 1.3.1","peds":[],"name":"sprunk-monster-truck","author":"hexarobi","created":1661807132,"vehicles":[{"id":1,"godmode":true,"model":-119658072,"savedata":{"Tire Smoke":{"g":255,"r":255,"b":255},"Lights":{"Xenon Color":4,"SirenActive":false,"SearchLightActive":false,"Neon":{"Right":true,"Color":{"g":255,"r":0,"b":0},"Back":true,"Front":true,"Left":true}},"RadioLoud":false,"Model":-119658072,"Colors":{"Primary":{"Custom Color":{"g":255,"r":0,"b":0},"Custom":true},"Paint Fade":0.71372550725937,"Vehicle":{"r":8,"g":8,"b":8,"Secondary":0,"Primary":0},"Extras":{"pearlescent":0,"wheel":0},"Secondary":{"Custom Color":{"g":255,"r":0,"b":0},"Custom":true},"Color Combo":-1},"Name":"PONY","Extras":{"1":true,"2":false},"Wheel Type":1,"Type":"Utility","Manufacturer":"BRUTE","Format":"JSTAND 1.4.0","Mods":{"Fender":-1,"Exhaust":-1,"Motorcycle Back Wheel Design":-1,"Frame":-1,"Plate Holders":-1,"Spoilers":-1,"Hydraulics":-1,"Steering Wheel":-1,"Trim Design":-1,"Grille":-1,"Brakes":-1,"Roof":-1,"Shifter Leavers":-1,"Plaques":-1,"Hood":-1,"Front Bumper":-1,"Right Fender":-1,"Wheels Design":-1,"Dial Design":-1,"Horns":-1,"Armor":-1,"Livery":-1,"Engine":-1,"Ornaments":-1,"Toggles":{"Tire Smoke":false,"UNK19":false,"UNK17":false,"UNK21":false,"Turbo Turning":false,"Xenon Headlights":false},"Rear Bumper":-1,"Side Skirt":-1,"Suspension":1,"Transmission":-1},"Dirt Level":0,"Bulletproof Tires":false,"Interior Color":0,"Dashboard Color":0,"Livery":{"Count":3,"Style":2},"Engine Running":true,"Window Tint":-1,"License Plate":{"Text":" SPRUNK ","Type":0}},"name":"Pony","visible":true,"boneIndex":0,"offset":{"z":0.81,"y":-0.54,"x":0},"rotation":{"z":0,"y":0,"x":0}}],"objects":[],"base":{"model":1233534620,"savedata":{"Tire Smoke":{"g":255,"r":0,"b":0},"Lights":{"Xenon Color":4,"SirenActive":false,"SearchLightActive":false,"Neon":{"Right":true,"Color":{"g":255,"r":0,"b":0},"Back":true,"Front":true,"Left":true}},"RadioLoud":false,"Model":1233534620,"Colors":{"Primary":{"Custom Color":{"g":255,"r":0,"b":0},"Custom":true},"Paint Fade":0.97254908084869,"Vehicle":{"r":8,"g":8,"b":8,"Secondary":0,"Primary":0},"Extras":{"pearlescent":0,"wheel":0},"Secondary":{"Custom Color":{"g":255,"r":0,"b":0},"Custom":true},"Color Combo":-1},"Name":"MARSHALL","Extras":{"3":false,"2":false,"1":true},"Wheel Type":3,"Type":"Motorcycles","Manufacturer":"CHEVAL","Format":"JSTAND 1.4.0","Mods":{"Fender":-1,"Exhaust":-1,"Motorcycle Back Wheel Design":-1,"Frame":-1,"Plate Holders":-1,"Spoilers":-1,"Hydraulics":-1,"Steering Wheel":-1,"Trim Design":-1,"Grille":-1,"Brakes":-1,"Roof":-1,"Shifter Leavers":-1,"Plaques":-1,"Hood":-1,"Front Bumper":-1,"Right Fender":-1,"Wheels Design":-1,"Dial Design":-1,"Horns":-1,"Armor":-1,"Livery":-1,"Engine":-1,"Ornaments":-1,"Toggles":{"Tire Smoke":true,"UNK19":false,"UNK17":false,"UNK21":false,"Turbo Turning":true,"Xenon Headlights":true},"Rear Bumper":-1,"Side Skirt":-1,"Suspension":-1,"Transmission":-1},"Dirt Level":0,"Bulletproof Tires":false,"Interior Color":55,"Dashboard Color":55,"Livery":{"Count":25,"Style":0},"Engine Running":false,"Window Tint":-1,"License Plate":{"Text":" SPRUNK ","Type":0}},"data":{"visible":true,"godmode":true,"model":1233534620,"type":"VEHICLE","rotation":{"z":0,"y":0,"x":0}}}}