{"blipIcon":225,"created":1663110760,"objects":[{"visible":true,"rotation":{"y":0,"z":0,"x":0},"collision":true,"offset":{"y":-4.8,"z":1,"x":-0.6},"boneIndex":0,"name":"prop_vend_soda_02","id":2,"model":1114264700},{"visible":true,"rotation":{"y":0,"z":90,"x":0},"collision":true,"offset":{"y":-2,"z":-3.7,"x":1.5},"boneIndex":0,"name":"stt_prop_tyre_wall_0l2","id":4,"model":-1784337804},{"visible":true,"rotation":{"y":0,"z":0,"x":8},"collision":true,"offset":{"y":-9.2,"z":0.2,"x":0},"boneIndex":0,"name":"prop_jetski_ramp_01","id":2,"model":-1081534242},{"visible":true,"rotation":{"y":0,"z":180,"x":8},"collision":true,"offset":{"y":5,"z":0.4,"x":0},"boneIndex":0,"name":"prop_jetski_ramp_01","id":3,"model":-1081534242},{"visible":true,"rotation":{"y":0,"z":-90,"x":0},"collision":true,"offset":{"y":-2,"z":-3.7,"x":-1.5},"boneIndex":0,"name":"stt_prop_tyre_wall_0l2","id":5,"model":-1784337804},{"visible":true,"rotation":{"y":0,"z":0,"x":0},"collision":true,"offset":{"y":-4.8,"z":1,"x":0.5},"boneIndex":0,"name":"prop_vend_soda_02","id":1,"model":1114264700}],"particles":[],"base":{"data":{"visible":true,"rotation":{"y":0,"z":0,"x":0},"collision":true,"godmode":true,"type":"VEHICLE","model":2053223216},"savedata":{"Dirt Level":10.054935455322,"SirenActive":false,"Colors":{"Paint Fade":0.21568629145622,"Extras":{"Wheel":0,"Pearlescent":0},"Vehicle":{"r":8,"g":8,"Secondary":0,"Primary":0,"b":8},"Secondary":{"Custom Color":{"r":0,"g":255,"b":0},"Custom":true},"Primary":{"Custom Color":{"r":0,"g":255,"b":0},"Custom":true},"Color Combo":-1},"Lights":{"Xenon Color":4,"Neon":{"Back":true,"Right":true,"Left":true,"Front":true,"Color":{"r":0,"g":255,"b":0}},"EmergencyLightsActive":false,"SearchLightActive":false},"RadioLoud":true,"Extras":{"7":false,"5":false,"6":false,"3":false,"4":false,"1":false,"2":true,"10":true,"12":false,"11":false},"Format":"JSTAND 1.4.0","Mods":{"Armor":-1,"Ornaments":-1,"Transmission":-1,"Hood":-1,"Suspension":-1,"Frame":-1,"Engine":-1,"Horns":-1,"Hydraulics":-1,"Fender":-1,"Shifter Leavers":-1,"Toggles":{"UNK21":false,"Xenon Headlights":true,"Tire Smoke":true,"Turbo Turning":true,"UNK19":false,"UNK17":false},"Front Bumper":-1,"Trim Design":-1,"Grille":-1,"Plaques":-1,"Plate Holders":-1,"Side Skirt":-1,"Motorcycle Back Wheel Design":-1,"Wheels Design":-1,"Brakes":-1,"Rear Bumper":-1,"Steering Wheel":-1,"Exhaust":-1,"Dial Design":-1,"Roof":-1,"Spoilers":-1,"Livery":-1,"Right Fender":-1},"Bulletproof Tires":false,"License Plate":{"Text":" SPRUNK ","Type":0},"Interior Color":55,"Dashboard Color":55,"Livery":{"Count":-1,"Style":-1},"Window Tint":-1,"Engine Running":true,"Manufacturer":"VAPID","Wheel Type":0,"Tire Smoke":{"r":0,"g":255,"b":0},"Type":"Military","Name":"BENSON","Model":2053223216},"model":2053223216},"version":"Jackz Builder 1.6.0","allowPlayerSpawning":false,"vehicles":[],"peds":[],"name":"sprunk-benson","builds":[]}