{"created":1662988736,"base":{"data":{"collision":true,"godmode":true,"visible":true,"model":-1444114309,"rotation":{"y":0,"z":0,"x":0},"type":"VEHICLE"},"savedata":{"Bulletproof Tires":false,"SirenActive":false,"Tire Smoke":{"r":0,"g":255,"b":0},"Format":"JSTAND 1.4.0","Manufacturer":"PEGASSI","Interior Color":55,"Model":-1444114309,"Name":"IGNUS","Dashboard Color":55,"Livery":{"Style":-1,"Count":-1},"Extras":[],"Dirt Level":0.89552807807922,"Mods":{"Dial Design":-1,"Front Bumper":16,"Hydraulics":-1,"Spoilers":14,"Plaques":-1,"Wheels Design":23,"Armor":4,"Steering Wheel":-1,"Trim Design":-1,"Shifter Leavers":-1,"Ornaments":-1,"Right Fender":-1,"Motorcycle Back Wheel Design":-1,"Plate Holders":-1,"Suspension":1,"Livery":-1,"Grille":-1,"Exhaust":4,"Transmission":2,"Fender":-1,"Frame":-1,"Brakes":2,"Side Skirt":11,"Engine":3,"Hood":17,"Rear Bumper":5,"Roof":9,"Toggles":{"Turbo Turning":true,"UNK17":true,"UNK19":true,"Xenon Headlights":true,"Tire Smoke":true,"UNK21":true},"Horns":57},"Engine Running":true,"License Plate":{"Type":0,"Text":" SPRUNK "},"Window Tint":3,"RadioLoud":false,"Wheel Type":3,"Lights":{"Neon":{"Left":true,"Color":{"r":0,"g":255,"b":0},"Front":true,"Right":true,"Back":true},"SearchLightActive":false,"Xenon Color":4,"EmergencyLightsActive":false},"Colors":{"Color Combo":-1,"Primary":{"Custom":true,"Custom Color":{"r":0,"g":255,"b":0}},"Secondary":{"Custom":true,"Custom Color":{"r":0,"g":255,"b":0}},"Extras":{"Pearlescent":0,"Wheel":0},"Vehicle":{"b":8,"Primary":0,"Secondary":0,"g":8,"r":8},"Paint Fade":0},"Type":"Sports"},"model":-1444114309},"peds":[],"objects":[{"boneIndex":0,"id":2,"collision":true,"visible":true,"model":-1081534242,"name":"prop_jetski_ramp_01","rotation":{"y":0,"z":180,"x":0},"offset":{"y":1.58,"z":0.56,"x":0}},{"boneIndex":0,"id":3,"collision":true,"visible":true,"model":-1081534242,"name":"prop_jetski_ramp_01","rotation":{"y":0,"z":0,"x":0},"offset":{"y":-2.28,"z":0.57,"x":0}}],"version":"Jackz Builder 1.6.0","blipIcon":225,"allowPlayerSpawning":false,"name":"sprunk-ramp","particles":[],"builds":[],"vehicles":[]}