{"created":1662857170,"peds":[],"vehicles":[],"base":{"data":{"collision":true,"visible":true,"rotation":{"z":0,"y":0,"x":0},"type":"VEHICLE","godmode":true,"model":-1649536104},"model":-1649536104,"savedata":{"Bulletproof Tires":false,"Livery":{"Style":-1,"Count":-1},"SirenActive":false,"RadioLoud":true,"Colors":{"Extras":{"Pearlescent":0,"Wheel":0},"Paint Fade":0.22745099663734,"Secondary":{"Custom Color":{"g":255,"r":0,"b":0},"Custom":true},"Primary":{"Custom Color":{"g":255,"r":0,"b":0},"Custom":true},"Color Combo":-1,"Vehicle":{"g":8,"Secondary":0,"r":8,"b":8,"Primary":0}},"Name":"PHANTOM2","Extras":[],"Tire Smoke":{"g":255,"r":0,"b":0},"Format":"JSTAND 1.4.0","Window Tint":-1,"Wheel Type":3,"Mods":{"Livery":-1,"Wheels Design":3,"Transmission":2,"Front Bumper":-1,"Roof":-1,"Armor":4,"Fender":-1,"Frame":-1,"Rear Bumper":-1,"Suspension":3,"Toggles":{"Xenon Headlights":true,"UNK17":true,"UNK21":true,"UNK19":true,"Tire Smoke":true,"Turbo Turning":true},"Engine":3,"Steering Wheel":-1,"Right Fender":-1,"Shifter Leavers":-1,"Ornaments":-1,"Plate Holders":-1,"Plaques":-1,"Grille":-1,"Trim Design":-1,"Brakes":2,"Motorcycle Back Wheel Design":-1,"Hood":-1,"Spoilers":-1,"Exhaust":-1,"Dial Design":-1,"Horns":4,"Hydraulics":-1,"Side Skirt":-1},"Dirt Level":14.322827339172,"Interior Color":55,"Engine Running":true,"Dashboard Color":55,"License Plate":{"Text":" SPRUNK ","Type":0},"Lights":{"EmergencyLightsActive":false,"Xenon Color":4,"SearchLightActive":false,"Neon":{"Color":{"g":255,"r":0,"b":0},"Left":true,"Back":true,"Right":true,"Front":true}},"Type":"Military","Model":-1649536104,"Manufacturer":"JOBUILT"}},"builds":[],"objects":[{"collision":true,"visible":true,"rotation":{"z":180,"y":0,"x":10},"boneIndex":0,"offset":{"z":0.4,"y":6.7,"x":0},"name":"prop_jetski_ramp_01","id":2,"model":-1081534242}],"version":"Jackz Builder 1.5.0","name":"sprunk-wedge2","author":"hexarobi","blipIcon":528}