{"name":"sprunk-guardian","version":"Jackz Builder 1.3.1","created":1661825343,"base":{"data":{"rotation":{"x":0,"y":0,"z":0},"godmode":true,"visible":true,"model":-2107990196,"type":"VEHICLE"},"savedata":{"Name":"GUARDIAN","Engine Running":true,"Mods":{"Steering Wheel":-1,"Transmission":2,"Side Skirt":-1,"Shifter Leavers":-1,"Ornaments":-1,"Fender":-1,"Motorcycle Back Wheel Design":-1,"Wheels Design":-1,"Livery":-1,"Toggles":{"Xenon Headlights":true,"UNK21":false,"Tire Smoke":true,"Turbo Turning":true,"UNK19":false,"UNK17":false},"Trim Design":-1,"Spoilers":-1,"Plate Holders":-1,"Armor":4,"Horns":-1,"Hood":-1,"Right Fender":-1,"Frame":-1,"Exhaust":-1,"Hydraulics":-1,"Rear Bumper":-1,"Suspension":-1,"Engine":3,"Plaques":-1,"Brakes":2,"Front Bumper":-1,"Grille":-1,"Roof":-1,"Dial Design":-1},"Format":"JSTAND 1.4.0","RadioLoud":false,"Tire Smoke":{"b":0,"r":0,"g":255},"Wheel Type":0,"Model":-2107990196,"License Plate":{"Type":0,"Text":" SPRUNK "},"Manufacturer":"VAPID","Colors":{"Paint Fade":0.13333334028721,"Secondary":{"Custom":true,"Custom Color":{"b":0,"r":0,"g":255}},"Primary":{"Custom":true,"Custom Color":{"b":0,"r":0,"g":255}},"Extras":{"pearlescent":0,"wheel":55},"Vehicle":{"Secondary":0,"b":8,"Primary":0,"r":8,"g":8},"Color Combo":-1},"Window Tint":-1,"Bulletproof Tires":true,"Extras":[],"Dirt Level":3.020087480545,"Interior Color":55,"Livery":{"Style":-1,"Count":-1},"Lights":{"SirenActive":false,"SearchLightActive":false,"Xenon Color":4,"Neon":{"Front":true,"Left":true,"Right":true,"Color":{"b":0,"r":0,"g":255},"Back":true}},"Dashboard Color":55,"Type":"Off-road"},"model":-2107990196},"objects":[{"name":"ng_proc_sodacan_01b","visible":true,"rotation":{"x":0,"y":0,"z":165},"boneIndex":0,"id":1,"model":-1321253704,"offset":{"x":-0.62,"y":0.7,"z":1.26}},{"name":"prop_food_cb_soda_01","visible":true,"rotation":{"x":0,"y":0,"z":0},"boneIndex":0,"id":3,"model":-912034344,"offset":{"x":-0.47,"y":-3.21,"z":0.16}},{"name":"prop_food_cb_soda_01","visible":true,"rotation":{"x":0,"y":0,"z":0},"boneIndex":0,"id":3,"model":-912034344,"offset":{"x":0.47,"y":-3.21,"z":0.16}},{"name":"prop_vend_soda_02","visible":true,"rotation":{"x":0,"y":0,"z":0},"boneIndex":0,"id":4,"model":1114264700,"offset":{"x":0,"y":-2.51,"z":0.92}},{"name":"prop_vend_soda_02","visible":true,"rotation":{"x":0,"y":0,"z":180},"boneIndex":0,"id":4,"model":1114264700,"offset":{"x":0,"y":-1.51,"z":0.92}}],"peds":[{"name":"s_m_m_bouncer_02","rotation":{"x":0,"y":0,"z":90},"godmode":true,"visible":true,"offset":{"x":-0.76,"y":-2.5,"z":1.2},"animdata":["anim@amb@casino@peds@","amb_world_human_stand_guard_male_base"],"boneIndex":0,"id":2,"model":1376128402},{"name":"s_m_m_bouncer_02","rotation":{"x":0,"y":0,"z":-90},"godmode":true,"visible":true,"offset":{"x":0.74,"y":-2.5,"z":1.2},"animdata":["anim@amb@casino@peds@","amb_world_human_stand_guard_male_base"],"boneIndex":0,"id":1,"model":1376128402}],"vehicles":[]}