<?xml version="1.0"?>
<OutfitPedData>
	<ClearDecalOverlays>true</ClearDecalOverlays>
	<ModelHash>0x705e61f2</ModelHash>
	<Type>1</Type>
	<Dynamic>true</Dynamic>
	<FrozenPos>false</FrozenPos>
	<HashName>0x705e61f2</HashName>
	<InitialHandle>214019</InitialHandle>
	<PedProperties>
		<IsStill>false</IsStill>
		<CanRagdoll>true</CanRagdoll>
		<HasShortHeight>false</HasShortHeight>
		<Armour>0</Armour>
		<CurrentWeapon>0xa2719263</CurrentWeapon>
		<PedProps>
			<_0>-1,-1</_0>
			<_1>-1,-1</_1>
			<_2>-1,-1</_2>
			<_3>-1,-1</_3>
			<_4>-1,-1</_4>
			<_5>-1,-1</_5>
			<_6>-1,-1</_6>
			<_7>-1,-1</_7>
			<_8>-1,-1</_8>
			<_9>-1,-1</_9>
		</PedProps>
		<PedComps>
			<_0>0,0</_0>
			<_1>177,0</_1>
			<_2>37,0</_2>
			<_3>44,0</_3>
			<_4>125,2</_4>
			<_5>0,0</_5>
			<_6>61,0</_6>
			<_7>0,0</_7>
			<_8>2,2</_8>
			<_9>0,0</_9>
			<_10>0,0</_10>
			<_11>168,1</_11>
		</PedComps>
		<HeadFeatures WasInArray="false">
			<ShapeAndSkinTone>
				<ShapeFatherId>0</ShapeFatherId>
				<ShapeMotherId>0</ShapeMotherId>
				<ShapeOverrideId>0</ShapeOverrideId>
				<ToneFatherId>24</ToneFatherId>
				<ToneMotherId>14</ToneMotherId>
				<ToneOverrideId>0</ToneOverrideId>
				<ShapeVal>0</ShapeVal>
				<ToneVal>0</ToneVal>
				<OverrideVal>0</OverrideVal>
				<IsP>0</IsP>
			</ShapeAndSkinTone>
		</HeadFeatures>
		<TattooLogoDecals />
		<RelationshipGroupAltered>false</RelationshipGroupAltered>
		<RelationshipGroup>0x04bfda51</RelationshipGroup>
		<ScenarioActive>false</ScenarioActive>
		<AnimActive>false</AnimActive>
	</PedProperties>
	<OpacityLevel>255</OpacityLevel>
	<LodDistance>240</LodDistance>
	<IsVisible>true</IsVisible>
	<MaxHealth>328</MaxHealth>
	<Health>328</Health>
	<HasGravity>true</HasGravity>
	<IsOnFire>false</IsOnFire>
	<IsInvincible>false</IsInvincible>
	<IsBulletProof>true</IsBulletProof>
	<IsCollisionProof>false</IsCollisionProof>
	<IsExplosionProof>true</IsExplosionProof>
	<IsFireProof>true</IsFireProof>
	<IsMeleeProof>true</IsMeleeProof>
	<IsOnlyDamagedByPlayer>false</IsOnlyDamagedByPlayer>
	<PositionRotation>
		<X>2072.02954</X>
		<Y>3316.27417</Y>
		<Z>45.6459084</Z>
		<Pitch>0</Pitch>
		<Roll>-0</Roll>
		<Yaw>126.56855</Yaw>
	</PositionRotation>
	<Attachment isAttached="false" />
	<SpoonerAttachments SetAttachmentsPersistentAndAddToSpoonerDatabase="true" StartTaskSequencesOnLoad="true">
		<Attachment>
			<ModelHash>0xc6204920</ModelHash>
			<Type>3</Type>
			<Dynamic>false</Dynamic>
			<FrozenPos>true</FrozenPos>
			<HashName>ba_prop_battle_glowstick_01</HashName>
			<InitialHandle>326659</InitialHandle>
			<ObjectProperties>
				<TextureVariation>0</TextureVariation>
			</ObjectProperties>
			<OpacityLevel>255</OpacityLevel>
			<LodDistance>16960</LodDistance>
			<IsVisible>true</IsVisible>
			<MaxHealth>1000</MaxHealth>
			<Health>1000</Health>
			<HasGravity>true</HasGravity>
			<IsOnFire>false</IsOnFire>
			<IsInvincible>true</IsInvincible>
			<IsBulletProof>false</IsBulletProof>
			<IsCollisionProof>true</IsCollisionProof>
			<IsExplosionProof>true</IsExplosionProof>
			<IsFireProof>true</IsFireProof>
			<IsMeleeProof>true</IsMeleeProof>
			<IsOnlyDamagedByPlayer>false</IsOnlyDamagedByPlayer>
			<PositionRotation>
				<X>2071.74731</X>
				<Y>3316.15234</Y>
				<Z>45.4580269</Z>
				<Pitch>-5.75533056</Pitch>
				<Roll>88.9615326</Roll>
				<Yaw>-104.172546</Yaw>
			</PositionRotation>
			<Attachment isAttached="true">
				<AttachedTo>214019</AttachedTo>
				<BoneIndex>90</BoneIndex>
				<X>0.0999999866</X>
				<Y>0.270000041</Y>
				<Z>0.0599999949</Z>
				<Pitch>-77.9999924</Pitch>
				<Roll>-23.9999962</Roll>
				<Yaw>-34.7800331</Yaw>
			</Attachment>
		</Attachment>
		<Attachment>
			<ModelHash>0xc6204920</ModelHash>
			<Type>3</Type>
			<Dynamic>false</Dynamic>
			<FrozenPos>true</FrozenPos>
			<HashName>ba_prop_battle_glowstick_01</HashName>
			<InitialHandle>323843</InitialHandle>
			<ObjectProperties>
				<TextureVariation>0</TextureVariation>
			</ObjectProperties>
			<OpacityLevel>255</OpacityLevel>
			<LodDistance>16960</LodDistance>
			<IsVisible>true</IsVisible>
			<MaxHealth>1000</MaxHealth>
			<Health>1000</Health>
			<HasGravity>true</HasGravity>
			<IsOnFire>false</IsOnFire>
			<IsInvincible>true</IsInvincible>
			<IsBulletProof>false</IsBulletProof>
			<IsCollisionProof>true</IsCollisionProof>
			<IsExplosionProof>true</IsExplosionProof>
			<IsFireProof>true</IsFireProof>
			<IsMeleeProof>true</IsMeleeProof>
			<IsOnlyDamagedByPlayer>false</IsOnlyDamagedByPlayer>
			<PositionRotation>
				<X>2071.68286</X>
				<Y>3315.89063</Y>
				<Z>45.4601898</Z>
				<Pitch>-5.75533056</Pitch>
				<Roll>88.9615326</Roll>
				<Yaw>-104.172546</Yaw>
			</PositionRotation>
			<Attachment isAttached="true">
				<AttachedTo>214019</AttachedTo>
				<BoneIndex>90</BoneIndex>
				<X>0.149999961</X>
				<Y>0.529999971</Y>
				<Z>0.109999985</Z>
				<Pitch>-77.9999924</Pitch>
				<Roll>-23.9999962</Roll>
				<Yaw>-34.7800331</Yaw>
			</Attachment>
		</Attachment>
		<Attachment>
			<ModelHash>0xc6204920</ModelHash>
			<Type>3</Type>
			<Dynamic>false</Dynamic>
			<FrozenPos>true</FrozenPos>
			<HashName>ba_prop_battle_glowstick_01</HashName>
			<InitialHandle>458755</InitialHandle>
			<ObjectProperties>
				<TextureVariation>0</TextureVariation>
			</ObjectProperties>
			<OpacityLevel>255</OpacityLevel>
			<LodDistance>16960</LodDistance>
			<IsVisible>true</IsVisible>
			<MaxHealth>1000</MaxHealth>
			<Health>1000</Health>
			<HasGravity>true</HasGravity>
			<IsOnFire>false</IsOnFire>
			<IsInvincible>true</IsInvincible>
			<IsBulletProof>false</IsBulletProof>
			<IsCollisionProof>true</IsCollisionProof>
			<IsExplosionProof>true</IsExplosionProof>
			<IsFireProof>true</IsFireProof>
			<IsMeleeProof>true</IsMeleeProof>
			<IsOnlyDamagedByPlayer>false</IsOnlyDamagedByPlayer>
			<PositionRotation>
				<X>2071.87524</X>
				<Y>3316.66382</Y>
				<Z>45.4458237</Z>
				<Pitch>-5.75532818</Pitch>
				<Roll>-92.0384598</Roll>
				<Yaw>-104.172539</Yaw>
			</PositionRotation>
			<Attachment isAttached="true">
				<AttachedTo>214019</AttachedTo>
				<BoneIndex>90</BoneIndex>
				<X>0.00999999978</X>
				<Y>-0.240000024</Y>
				<Z>-0.0399999991</Z>
				<Pitch>-77.9999924</Pitch>
				<Roll>155.000015</Roll>
				<Yaw>-34.7800331</Yaw>
			</Attachment>
		</Attachment>
		<Attachment>
			<ModelHash>0xc6204920</ModelHash>
			<Type>3</Type>
			<Dynamic>false</Dynamic>
			<FrozenPos>true</FrozenPos>
			<HashName>ba_prop_battle_glowstick_01</HashName>
			<InitialHandle>478723</InitialHandle>
			<ObjectProperties>
				<TextureVariation>0</TextureVariation>
			</ObjectProperties>
			<OpacityLevel>255</OpacityLevel>
			<LodDistance>16960</LodDistance>
			<IsVisible>true</IsVisible>
			<MaxHealth>1000</MaxHealth>
			<Health>1000</Health>
			<HasGravity>true</HasGravity>
			<IsOnFire>false</IsOnFire>
			<IsInvincible>true</IsInvincible>
			<IsBulletProof>false</IsBulletProof>
			<IsCollisionProof>true</IsCollisionProof>
			<IsExplosionProof>true</IsExplosionProof>
			<IsFireProof>true</IsFireProof>
			<IsMeleeProof>true</IsMeleeProof>
			<IsOnlyDamagedByPlayer>false</IsOnlyDamagedByPlayer>
			<PositionRotation>
				<X>2071.94995</X>
				<Y>3316.97241</Y>
				<Z>45.4361877</Z>
				<Pitch>-5.75532818</Pitch>
				<Roll>-92.0384598</Roll>
				<Yaw>-104.172539</Yaw>
			</PositionRotation>
			<Attachment isAttached="true">
				<AttachedTo>214019</AttachedTo>
				<BoneIndex>90</BoneIndex>
				<X>-0.0420000143</X>
				<Y>-0.548000276</Y>
				<Z>-0.0979999602</Z>
				<Pitch>-77.9999924</Pitch>
				<Roll>155.000015</Roll>
				<Yaw>-34.7800331</Yaw>
			</Attachment>
		</Attachment>
	</SpoonerAttachments>
</OutfitPedData>
