<?xml version="1.0" encoding="ISO-8859-1"?>
<OutfitPedData>
	<ClearDecalOverlays>true</ClearDecalOverlays>
	<ModelHash>0x9c9effd8</ModelHash>
	<Type>1</Type>
	<Dynamic>true</Dynamic>
	<FrozenPos>false</FrozenPos>
	<HashName>0x9c9effd8</HashName>
	<InitialHandle>7745</InitialHandle>
	<PedProperties>
		<IsStill>false</IsStill>
		<CanRagdoll>true</CanRagdoll>
		<HasShortHeight>false</HasShortHeight>
		<Armour>0</Armour>
		<CurrentWeapon>0xa2719263</CurrentWeapon>
		<PedProps>
			<_0>57,0</_0>
			<_1>-1,-1</_1>
			<_2>-1,-1</_2>
			<_3>-1,-1</_3>
			<_4>-1,-1</_4>
			<_5>-1,-1</_5>
			<_6>-1,-1</_6>
			<_7>-1,-1</_7>
			<_8>-1,-1</_8>
			<_9>-1,-1</_9>
		</PedProps>
		<PedComps>
			<_0>0,0</_0>
			<_1>91,9</_1>
			<_2>56,0</_2>
			<_3>36,0</_3>
			<_4>79,10</_4>
			<_5>0,0</_5>
			<_6>7,0</_6>
			<_7>0,0</_7>
			<_8>66,3</_8>
			<_9>22,9</_9>
			<_10>0,0</_10>
			<_11>180,10</_11>
		</PedComps>
		<HeadFeatures WasInArray="false">
			<ShapeAndSkinTone>
				<ShapeFatherId>21</ShapeFatherId>
				<ShapeMotherId>0</ShapeMotherId>
				<ShapeOverrideId>0</ShapeOverrideId>
				<ToneFatherId>21</ToneFatherId>
				<ToneMotherId>8</ToneMotherId>
				<ToneOverrideId>0</ToneOverrideId>
				<ShapeVal>0</ShapeVal>
				<ToneVal>0.215005159</ToneVal>
				<OverrideVal>0</OverrideVal>
				<IsP>1</IsP>
			</ShapeAndSkinTone>
		</HeadFeatures>
		<TattooLogoDecals />
		<RelationshipGroupAltered>false</RelationshipGroupAltered>
		<RelationshipGroup>0x1ff490ba</RelationshipGroup>
		<ScenarioActive>false</ScenarioActive>
		<AnimActive>false</AnimActive>
	</PedProperties>
	<OpacityLevel>255</OpacityLevel>
	<LodDistance>240</LodDistance>
	<IsVisible>true</IsVisible>
	<MaxHealth>238</MaxHealth>
	<Health>238</Health>
	<HasGravity>true</HasGravity>
	<IsOnFire>false</IsOnFire>
	<IsInvincible>false</IsInvincible>
	<IsBulletProof>false</IsBulletProof>
	<IsCollisionProof>false</IsCollisionProof>
	<IsExplosionProof>false</IsExplosionProof>
	<IsFireProof>false</IsFireProof>
	<IsMeleeProof>false</IsMeleeProof>
	<IsOnlyDamagedByPlayer>false</IsOnlyDamagedByPlayer>
	<PositionRotation>
		<X>-4870.96045</X>
		<Y>8351.49121</Y>
		<Z>759.13385</Z>
		<Pitch>0</Pitch>
		<Roll>-0</Roll>
		<Yaw>-151.722549</Yaw>
	</PositionRotation>
	<Attachment isAttached="false" />
	<SpoonerAttachments SetAttachmentsPersistentAndAddToSpoonerDatabase="true" StartTaskSequencesOnLoad="true">
		<Attachment>
			<ModelHash>0x3a2bdb5f</ModelHash>
			<Type>3</Type>
			<Dynamic>false</Dynamic>
			<FrozenPos>true</FrozenPos>
			<HashName>apa_prop_flag_script</HashName>
			<InitialHandle>132188</InitialHandle>
			<ObjectProperties>
				<TextureVariation>0</TextureVariation>
			</ObjectProperties>
			<OpacityLevel>255</OpacityLevel>
			<LodDistance>16960</LodDistance>
			<IsVisible>true</IsVisible>
			<MaxHealth>1000</MaxHealth>
			<Health>1000</Health>
			<HasGravity>true</HasGravity>
			<IsOnFire>false</IsOnFire>
			<IsInvincible>true</IsInvincible>
			<IsBulletProof>false</IsBulletProof>
			<IsCollisionProof>false</IsCollisionProof>
			<IsExplosionProof>true</IsExplosionProof>
			<IsFireProof>false</IsFireProof>
			<IsMeleeProof>true</IsMeleeProof>
			<IsOnlyDamagedByPlayer>false</IsOnlyDamagedByPlayer>
			<PositionRotation>
				<X>-4871.021</X>
				<Y>8351.60254</Y>
				<Z>759.278381</Z>
				<Pitch>-8.53773599e-07</Pitch>
				<Roll>-152.999969</Roll>
				<Yaw>-147.722565</Yaw>
			</PositionRotation>
			<Attachment isAttached="true">
				<AttachedTo>7745</AttachedTo>
				<BoneIndex>38</BoneIndex>
				<X>-0.229999885</X>
				<Y>-0.110000141</Y>
				<Z>0</Z>
				<Pitch>3.99999571</Pitch>
				<Roll>-62.9999924</Roll>
				<Yaw>0</Yaw>
			</Attachment>
		</Attachment>
		<Attachment>
			<ModelHash>0x3a2bdb5f</ModelHash>
			<Type>3</Type>
			<Dynamic>false</Dynamic>
			<FrozenPos>true</FrozenPos>
			<HashName>apa_prop_flag_script</HashName>
			<InitialHandle>57910</InitialHandle>
			<ObjectProperties>
				<TextureVariation>0</TextureVariation>
			</ObjectProperties>
			<OpacityLevel>255</OpacityLevel>
			<LodDistance>16960</LodDistance>
			<IsVisible>true</IsVisible>
			<MaxHealth>1000</MaxHealth>
			<Health>1000</Health>
			<HasGravity>true</HasGravity>
			<IsOnFire>false</IsOnFire>
			<IsInvincible>true</IsInvincible>
			<IsBulletProof>false</IsBulletProof>
			<IsCollisionProof>false</IsCollisionProof>
			<IsExplosionProof>true</IsExplosionProof>
			<IsFireProof>false</IsFireProof>
			<IsMeleeProof>true</IsMeleeProof>
			<IsOnlyDamagedByPlayer>false</IsOnlyDamagedByPlayer>
			<PositionRotation>
				<X>-4871.021</X>
				<Y>8351.60254</Y>
				<Z>759.278381</Z>
				<Pitch>-1.7075472e-06</Pitch>
				<Roll>-27.0000019</Roll>
				<Yaw>-155.722534</Yaw>
			</PositionRotation>
			<Attachment isAttached="true">
				<AttachedTo>7745</AttachedTo>
				<BoneIndex>38</BoneIndex>
				<X>-0.230000019</X>
				<Y>-0.109999962</Y>
				<Z>0</Z>
				<Pitch>-3.99999571</Pitch>
				<Roll>62.9999924</Roll>
				<Yaw>0</Yaw>
			</Attachment>
		</Attachment>
		<Attachment>
			<ModelHash>0x3c479cbe</ModelHash>
			<Type>3</Type>
			<Dynamic>false</Dynamic>
			<FrozenPos>true</FrozenPos>
			<HashName>prop_welding_mask_01_s</HashName>
			<InitialHandle>16425</InitialHandle>
			<ObjectProperties>
				<TextureVariation>0</TextureVariation>
			</ObjectProperties>
			<OpacityLevel>255</OpacityLevel>
			<LodDistance>16960</LodDistance>
			<IsVisible>true</IsVisible>
			<MaxHealth>1000</MaxHealth>
			<Health>1000</Health>
			<HasGravity>true</HasGravity>
			<IsOnFire>false</IsOnFire>
			<IsInvincible>true</IsInvincible>
			<IsBulletProof>false</IsBulletProof>
			<IsCollisionProof>true</IsCollisionProof>
			<IsExplosionProof>true</IsExplosionProof>
			<IsFireProof>false</IsFireProof>
			<IsMeleeProof>true</IsMeleeProof>
			<IsOnlyDamagedByPlayer>false</IsOnlyDamagedByPlayer>
			<PositionRotation>
				<X>-4871.13623</X>
				<Y>8351.41602</Y>
				<Z>759.698364</Z>
				<Pitch>-43.0795326</Pitch>
				<Roll>-159.246414</Roll>
				<Yaw>132.788269</Yaw>
			</PositionRotation>
			<Attachment isAttached="true">
				<AttachedTo>7745</AttachedTo>
				<BoneIndex>38</BoneIndex>
				<X>0.189999968</X>
				<Y>0</Y>
				<Z>-0.190000027</Z>
				<Pitch>-44.9999962</Pitch>
				<Roll>0</Roll>
				<Yaw>74.9999924</Yaw>
			</Attachment>
		</Attachment>
		<Attachment>
			<ModelHash>0x3c479cbe</ModelHash>
			<Type>3</Type>
			<Dynamic>false</Dynamic>
			<FrozenPos>true</FrozenPos>
			<HashName>prop_welding_mask_01_s</HashName>
			<InitialHandle>133713</InitialHandle>
			<ObjectProperties>
				<TextureVariation>0</TextureVariation>
			</ObjectProperties>
			<OpacityLevel>255</OpacityLevel>
			<LodDistance>16960</LodDistance>
			<IsVisible>true</IsVisible>
			<MaxHealth>1000</MaxHealth>
			<Health>1000</Health>
			<HasGravity>true</HasGravity>
			<IsOnFire>false</IsOnFire>
			<IsInvincible>true</IsInvincible>
			<IsBulletProof>false</IsBulletProof>
			<IsCollisionProof>true</IsCollisionProof>
			<IsExplosionProof>true</IsExplosionProof>
			<IsFireProof>false</IsFireProof>
			<IsMeleeProof>true</IsMeleeProof>
			<IsOnlyDamagedByPlayer>false</IsOnlyDamagedByPlayer>
			<PositionRotation>
				<X>-4870.80127</X>
				<Y>8351.5957</Y>
				<Z>759.698364</Z>
				<Pitch>-43.0794945</Pitch>
				<Roll>159.246353</Roll>
				<Yaw>-76.2333908</Yaw>
			</PositionRotation>
			<Attachment isAttached="true">
				<AttachedTo>7745</AttachedTo>
				<BoneIndex>38</BoneIndex>
				<X>0.189999983</X>
				<Y>0</Y>
				<Z>0.189999998</Z>
				<Pitch>45</Pitch>
				<Roll>179.999969</Roll>
				<Yaw>74.9999847</Yaw>
			</Attachment>
		</Attachment>
		<Attachment>
			<ModelHash>0x43c01ef6</ModelHash>
			<Type>3</Type>
			<Dynamic>false</Dynamic>
			<FrozenPos>true</FrozenPos>
			<HashName>bkr_prop_meth_scoop_01a</HashName>
			<InitialHandle>157455</InitialHandle>
			<ObjectProperties>
				<TextureVariation>0</TextureVariation>
			</ObjectProperties>
			<OpacityLevel>255</OpacityLevel>
			<LodDistance>16960</LodDistance>
			<IsVisible>true</IsVisible>
			<MaxHealth>1000</MaxHealth>
			<Health>1000</Health>
			<HasGravity>true</HasGravity>
			<IsOnFire>false</IsOnFire>
			<IsInvincible>false</IsInvincible>
			<IsBulletProof>false</IsBulletProof>
			<IsCollisionProof>true</IsCollisionProof>
			<IsExplosionProof>false</IsExplosionProof>
			<IsFireProof>false</IsFireProof>
			<IsMeleeProof>false</IsMeleeProof>
			<IsOnlyDamagedByPlayer>false</IsOnlyDamagedByPlayer>
			<PositionRotation>
				<X>-4871.20166</X>
				<Y>8351.43262</Y>
				<Z>759.868347</Z>
				<Pitch>-48.9735336</Pitch>
				<Roll>164.660156</Roll>
				<Yaw>-73.41465</Yaw>
			</PositionRotation>
			<Attachment isAttached="true">
				<AttachedTo>7745</AttachedTo>
				<BoneIndex>38</BoneIndex>
				<X>0.360000134</X>
				<Y>-0.0459998585</Y>
				<Z>-0.239999831</Z>
				<Pitch>39.9999924</Pitch>
				<Roll>-180</Roll>
				<Yaw>80</Yaw>
			</Attachment>
		</Attachment>
		<Attachment>
			<ModelHash>0x43c01ef6</ModelHash>
			<Type>3</Type>
			<Dynamic>false</Dynamic>
			<FrozenPos>true</FrozenPos>
			<HashName>bkr_prop_meth_scoop_01a</HashName>
			<InitialHandle>135246</InitialHandle>
			<ObjectProperties>
				<TextureVariation>0</TextureVariation>
			</ObjectProperties>
			<OpacityLevel>255</OpacityLevel>
			<LodDistance>16960</LodDistance>
			<IsVisible>true</IsVisible>
			<MaxHealth>1000</MaxHealth>
			<Health>1000</Health>
			<HasGravity>true</HasGravity>
			<IsOnFire>false</IsOnFire>
			<IsInvincible>false</IsInvincible>
			<IsBulletProof>false</IsBulletProof>
			<IsCollisionProof>true</IsCollisionProof>
			<IsExplosionProof>false</IsExplosionProof>
			<IsFireProof>false</IsFireProof>
			<IsMeleeProof>false</IsMeleeProof>
			<IsOnlyDamagedByPlayer>false</IsOnlyDamagedByPlayer>
			<PositionRotation>
				<X>-4870.7793</X>
				<Y>8351.66016</Y>
				<Z>759.868347</Z>
				<Pitch>-48.9735184</Pitch>
				<Roll>-164.660156</Roll>
				<Yaw>129.969528</Yaw>
			</PositionRotation>
			<Attachment isAttached="true">
				<AttachedTo>7745</AttachedTo>
				<BoneIndex>38</BoneIndex>
				<X>0.360000253</X>
				<Y>-0.0459998697</Y>
				<Z>0.240000114</Z>
				<Pitch>-40.0000153</Pitch>
				<Roll>5.7220459e-06</Roll>
				<Yaw>79.9999924</Yaw>
			</Attachment>
		</Attachment>
		<Attachment>
			<ModelHash>0xf55c8cd1</ModelHash>
			<Type>3</Type>
			<Dynamic>false</Dynamic>
			<FrozenPos>true</FrozenPos>
			<HashName>w_pi_pistol50</HashName>
			<InitialHandle>25355</InitialHandle>
			<ObjectProperties>
				<TextureVariation>0</TextureVariation>
			</ObjectProperties>
			<OpacityLevel>255</OpacityLevel>
			<LodDistance>16960</LodDistance>
			<IsVisible>true</IsVisible>
			<MaxHealth>1000</MaxHealth>
			<Health>1000</Health>
			<HasGravity>true</HasGravity>
			<IsOnFire>false</IsOnFire>
			<IsInvincible>true</IsInvincible>
			<IsBulletProof>false</IsBulletProof>
			<IsCollisionProof>true</IsCollisionProof>
			<IsExplosionProof>true</IsExplosionProof>
			<IsFireProof>false</IsFireProof>
			<IsMeleeProof>true</IsMeleeProof>
			<IsOnlyDamagedByPlayer>false</IsOnlyDamagedByPlayer>
			<PositionRotation>
				<X>-4870.91406</X>
				<Y>8351.6084</Y>
				<Z>758.316101</Z>
				<Pitch>2.5613208e-06</Pitch>
				<Roll>100.215355</Roll>
				<Yaw>-61.7225533</Yaw>
			</PositionRotation>
			<Attachment isAttached="true">
				<AttachedTo>7745</AttachedTo>
				<BoneIndex>4</BoneIndex>
				<X>-0.0699999928</X>
				<Y>-0.0199999996</Y>
				<Z>0</Z>
				<Pitch>-89.9999924</Pitch>
				<Roll>81.9999924</Roll>
				<Yaw>0</Yaw>
			</Attachment>
		</Attachment>
		<Attachment>
			<ModelHash>0xf55c8cd1</ModelHash>
			<Type>3</Type>
			<Dynamic>false</Dynamic>
			<FrozenPos>true</FrozenPos>
			<HashName>w_pi_pistol50</HashName>
			<InitialHandle>67413</InitialHandle>
			<ObjectProperties>
				<TextureVariation>0</TextureVariation>
			</ObjectProperties>
			<OpacityLevel>255</OpacityLevel>
			<LodDistance>16960</LodDistance>
			<IsVisible>true</IsVisible>
			<MaxHealth>1000</MaxHealth>
			<Health>1000</Health>
			<HasGravity>true</HasGravity>
			<IsOnFire>false</IsOnFire>
			<IsInvincible>true</IsInvincible>
			<IsBulletProof>false</IsBulletProof>
			<IsCollisionProof>true</IsCollisionProof>
			<IsExplosionProof>true</IsExplosionProof>
			<IsFireProof>false</IsFireProof>
			<IsMeleeProof>true</IsMeleeProof>
			<IsOnlyDamagedByPlayer>false</IsOnlyDamagedByPlayer>
			<PositionRotation>
				<X>-4871.08301</X>
				<Y>8351.5166</Y>
				<Z>758.316101</Z>
				<Pitch>2.9882076e-06</Pitch>
				<Roll>100.215309</Roll>
				<Yaw>-61.7225533</Yaw>
			</PositionRotation>
			<Attachment isAttached="true">
				<AttachedTo>7745</AttachedTo>
				<BoneIndex>16</BoneIndex>
				<X>-0.0699999928</X>
				<Y>-0.0199999996</Y>
				<Z>0</Z>
				<Pitch>-89.9999924</Pitch>
				<Roll>81.9999924</Roll>
				<Yaw>0</Yaw>
			</Attachment>
		</Attachment>
		<Attachment>
			<ModelHash>0xe2ba016f</ModelHash>
			<Type>3</Type>
			<Dynamic>false</Dynamic>
			<FrozenPos>true</FrozenPos>
			<HashName>prop_cs_katana_01</HashName>
			<InitialHandle>34120</InitialHandle>
			<ObjectProperties>
				<TextureVariation>0</TextureVariation>
			</ObjectProperties>
			<OpacityLevel>255</OpacityLevel>
			<LodDistance>16960</LodDistance>
			<IsVisible>true</IsVisible>
			<MaxHealth>1000</MaxHealth>
			<Health>1000</Health>
			<HasGravity>true</HasGravity>
			<IsOnFire>false</IsOnFire>
			<IsInvincible>true</IsInvincible>
			<IsBulletProof>false</IsBulletProof>
			<IsCollisionProof>true</IsCollisionProof>
			<IsExplosionProof>true</IsExplosionProof>
			<IsFireProof>false</IsFireProof>
			<IsMeleeProof>true</IsMeleeProof>
			<IsOnlyDamagedByPlayer>false</IsOnlyDamagedByPlayer>
			<PositionRotation>
				<X>-4871.12646</X>
				<Y>8351.39844</Y>
				<Z>759.225952</Z>
				<Pitch>2.5613208e-06</Pitch>
				<Roll>142</Roll>
				<Yaw>135.277466</Yaw>
			</PositionRotation>
			<Attachment isAttached="true">
				<AttachedTo>7745</AttachedTo>
				<BoneIndex>0</BoneIndex>
				<X>0.189999998</X>
				<Y>0.00999998488</Y>
				<Z>0.0199999996</Z>
				<Pitch>0</Pitch>
				<Roll>142</Roll>
				<Yaw>-72.9999847</Yaw>
			</Attachment>
		</Attachment>
		<Attachment>
			<ModelHash>0x3c479cbe</ModelHash>
			<Type>3</Type>
			<Dynamic>false</Dynamic>
			<FrozenPos>true</FrozenPos>
			<HashName>prop_welding_mask_01_s</HashName>
			<InitialHandle>94791</InitialHandle>
			<ObjectProperties>
				<TextureVariation>0</TextureVariation>
			</ObjectProperties>
			<OpacityLevel>255</OpacityLevel>
			<LodDistance>16960</LodDistance>
			<IsVisible>true</IsVisible>
			<MaxHealth>1000</MaxHealth>
			<Health>1000</Health>
			<HasGravity>true</HasGravity>
			<IsOnFire>false</IsOnFire>
			<IsInvincible>true</IsInvincible>
			<IsBulletProof>false</IsBulletProof>
			<IsCollisionProof>true</IsCollisionProof>
			<IsExplosionProof>true</IsExplosionProof>
			<IsFireProof>false</IsFireProof>
			<IsMeleeProof>true</IsMeleeProof>
			<IsOnlyDamagedByPlayer>false</IsOnlyDamagedByPlayer>
			<PositionRotation>
				<X>-4871.07422</X>
				<Y>8351.44922</Y>
				<Z>759.678345</Z>
				<Pitch>-75.0000076</Pitch>
				<Roll>-89.9999542</Roll>
				<Yaw>-151.722504</Yaw>
			</PositionRotation>
			<Attachment isAttached="true">
				<AttachedTo>7745</AttachedTo>
				<BoneIndex>38</BoneIndex>
				<X>0.169999972</X>
				<Y>0</Y>
				<Z>-0.119999997</Z>
				<Pitch>5.36441803e-07</Pitch>
				<Roll>0</Roll>
				<Yaw>74.9999924</Yaw>
			</Attachment>
		</Attachment>
		<Attachment>
			<ModelHash>0x3c479cbe</ModelHash>
			<Type>3</Type>
			<Dynamic>false</Dynamic>
			<FrozenPos>true</FrozenPos>
			<HashName>prop_welding_mask_01_s</HashName>
			<InitialHandle>88370</InitialHandle>
			<ObjectProperties>
				<TextureVariation>0</TextureVariation>
			</ObjectProperties>
			<OpacityLevel>255</OpacityLevel>
			<LodDistance>16960</LodDistance>
			<IsVisible>true</IsVisible>
			<MaxHealth>1000</MaxHealth>
			<Health>1000</Health>
			<HasGravity>true</HasGravity>
			<IsOnFire>false</IsOnFire>
			<IsInvincible>true</IsInvincible>
			<IsBulletProof>false</IsBulletProof>
			<IsCollisionProof>true</IsCollisionProof>
			<IsExplosionProof>true</IsExplosionProof>
			<IsFireProof>false</IsFireProof>
			<IsMeleeProof>true</IsMeleeProof>
			<IsOnlyDamagedByPlayer>false</IsOnlyDamagedByPlayer>
			<PositionRotation>
				<X>-4870.86328</X>
				<Y>8351.5625</Y>
				<Z>759.678345</Z>
				<Pitch>-74.9999924</Pitch>
				<Roll>90</Roll>
				<Yaw>-151.722504</Yaw>
			</PositionRotation>
			<Attachment isAttached="true">
				<AttachedTo>7745</AttachedTo>
				<BoneIndex>38</BoneIndex>
				<X>0.169999957</X>
				<Y>0</Y>
				<Z>0.119999968</Z>
				<Pitch>5.96046448e-08</Pitch>
				<Roll>179.999969</Roll>
				<Yaw>74.9999847</Yaw>
			</Attachment>
		</Attachment>
		<Attachment>
			<ModelHash>0x3c479cbe</ModelHash>
			<Type>3</Type>
			<Dynamic>false</Dynamic>
			<FrozenPos>true</FrozenPos>
			<HashName>prop_welding_mask_01_s</HashName>
			<InitialHandle>115272</InitialHandle>
			<ObjectProperties>
				<TextureVariation>0</TextureVariation>
			</ObjectProperties>
			<OpacityLevel>255</OpacityLevel>
			<LodDistance>16960</LodDistance>
			<IsVisible>true</IsVisible>
			<MaxHealth>1000</MaxHealth>
			<Health>1000</Health>
			<HasGravity>true</HasGravity>
			<IsOnFire>false</IsOnFire>
			<IsInvincible>true</IsInvincible>
			<IsBulletProof>false</IsBulletProof>
			<IsCollisionProof>true</IsCollisionProof>
			<IsExplosionProof>true</IsExplosionProof>
			<IsFireProof>false</IsFireProof>
			<IsMeleeProof>true</IsMeleeProof>
			<IsOnlyDamagedByPlayer>false</IsOnlyDamagedByPlayer>
			<PositionRotation>
				<X>-4871.10107</X>
				<Y>8351.43457</Y>
				<Z>759.678345</Z>
				<Pitch>-52.3015442</Pitch>
				<Roll>-25.0399017</Roll>
				<Yaw>-82.0085068</Yaw>
			</PositionRotation>
			<Attachment isAttached="true">
				<AttachedTo>7745</AttachedTo>
				<BoneIndex>38</BoneIndex>
				<X>0.169999972</X>
				<Y>0</Y>
				<Z>-0.150000006</Z>
				<Pitch>35</Pitch>
				<Roll>0</Roll>
				<Yaw>74.9999924</Yaw>
			</Attachment>
		</Attachment>
		<Attachment>
			<ModelHash>0x3c479cbe</ModelHash>
			<Type>3</Type>
			<Dynamic>false</Dynamic>
			<FrozenPos>true</FrozenPos>
			<HashName>prop_welding_mask_01_s</HashName>
			<InitialHandle>31026</InitialHandle>
			<ObjectProperties>
				<TextureVariation>0</TextureVariation>
			</ObjectProperties>
			<OpacityLevel>255</OpacityLevel>
			<LodDistance>16960</LodDistance>
			<IsVisible>true</IsVisible>
			<MaxHealth>1000</MaxHealth>
			<Health>1000</Health>
			<HasGravity>true</HasGravity>
			<IsOnFire>false</IsOnFire>
			<IsInvincible>true</IsInvincible>
			<IsBulletProof>false</IsBulletProof>
			<IsCollisionProof>true</IsCollisionProof>
			<IsExplosionProof>true</IsExplosionProof>
			<IsFireProof>false</IsFireProof>
			<IsMeleeProof>true</IsMeleeProof>
			<IsOnlyDamagedByPlayer>false</IsOnlyDamagedByPlayer>
			<PositionRotation>
				<X>-4870.83643</X>
				<Y>8351.57715</Y>
				<Z>759.678345</Z>
				<Pitch>-52.301548</Pitch>
				<Roll>25.0398865</Roll>
				<Yaw>138.5634</Yaw>
			</PositionRotation>
			<Attachment isAttached="true">
				<AttachedTo>7745</AttachedTo>
				<BoneIndex>38</BoneIndex>
				<X>0.169999987</X>
				<Y>0</Y>
				<Z>0.149999976</Z>
				<Pitch>-34.9999962</Pitch>
				<Roll>179.999969</Roll>
				<Yaw>74.9999847</Yaw>
			</Attachment>
		</Attachment>
		<Attachment>
			<ModelHash>0x1f036a32</ModelHash>
			<Type>3</Type>
			<Dynamic>false</Dynamic>
			<FrozenPos>true</FrozenPos>
			<HashName>w_am_digiscanner</HashName>
			<InitialHandle>115000</InitialHandle>
			<ObjectProperties>
				<TextureVariation>0</TextureVariation>
			</ObjectProperties>
			<OpacityLevel>255</OpacityLevel>
			<LodDistance>16960</LodDistance>
			<IsVisible>true</IsVisible>
			<MaxHealth>1000</MaxHealth>
			<Health>333</Health>
			<HasGravity>true</HasGravity>
			<IsOnFire>false</IsOnFire>
			<IsInvincible>false</IsInvincible>
			<IsBulletProof>false</IsBulletProof>
			<IsCollisionProof>true</IsCollisionProof>
			<IsExplosionProof>false</IsExplosionProof>
			<IsFireProof>false</IsFireProof>
			<IsMeleeProof>false</IsMeleeProof>
			<IsOnlyDamagedByPlayer>false</IsOnlyDamagedByPlayer>
			<PositionRotation>
				<X>-4870.93066</X>
				<Y>8351.43555</Y>
				<Z>759.738342</Z>
				<Pitch>2.04905664e-05</Pitch>
				<Roll>139.999985</Roll>
				<Yaw>-61.7225533</Yaw>
			</PositionRotation>
			<Attachment isAttached="true">
				<AttachedTo>7745</AttachedTo>
				<BoneIndex>38</BoneIndex>
				<X>0.230000004</X>
				<Y>0.0800000057</Y>
				<Z>0</Z>
				<Pitch>89.9999924</Pitch>
				<Roll>-40</Roll>
				<Yaw>-90</Yaw>
			</Attachment>
		</Attachment>
		<Attachment>
			<ModelHash>0x8d12165a</ModelHash>
			<Type>3</Type>
			<Dynamic>false</Dynamic>
			<FrozenPos>true</FrozenPos>
			<HashName>bkr_prop_coke_scale_01</HashName>
			<InitialHandle>1338</InitialHandle>
			<ObjectProperties>
				<TextureVariation>0</TextureVariation>
			</ObjectProperties>
			<OpacityLevel>255</OpacityLevel>
			<LodDistance>16960</LodDistance>
			<IsVisible>true</IsVisible>
			<MaxHealth>1000</MaxHealth>
			<Health>0</Health>
			<HasGravity>true</HasGravity>
			<IsOnFire>false</IsOnFire>
			<IsInvincible>false</IsInvincible>
			<IsBulletProof>false</IsBulletProof>
			<IsCollisionProof>true</IsCollisionProof>
			<IsExplosionProof>false</IsExplosionProof>
			<IsFireProof>false</IsFireProof>
			<IsMeleeProof>false</IsMeleeProof>
			<IsOnlyDamagedByPlayer>false</IsOnlyDamagedByPlayer>
			<PositionRotation>
				<X>-4870.95459</X>
				<Y>8351.47949</Y>
				<Z>759.658386</Z>
				<Pitch>34.0000038</Pitch>
				<Roll>-1.3387883e-05</Roll>
				<Yaw>28.2774544</Yaw>
			</PositionRotation>
			<Attachment isAttached="true">
				<AttachedTo>7745</AttachedTo>
				<BoneIndex>38</BoneIndex>
				<X>0.149999976</X>
				<Y>0.0299999993</Y>
				<Z>-5.96046448e-08</Z>
				<Pitch>180</Pitch>
				<Roll>89.9999924</Roll>
				<Yaw>33.9999962</Yaw>
			</Attachment>
		</Attachment>
		<Attachment>
			<ModelHash>0x43c01ef6</ModelHash>
			<Type>3</Type>
			<Dynamic>false</Dynamic>
			<FrozenPos>true</FrozenPos>
			<HashName>bkr_prop_meth_scoop_01a</HashName>
			<InitialHandle>41786</InitialHandle>
			<ObjectProperties>
				<TextureVariation>0</TextureVariation>
			</ObjectProperties>
			<OpacityLevel>255</OpacityLevel>
			<LodDistance>16960</LodDistance>
			<IsVisible>true</IsVisible>
			<MaxHealth>1000</MaxHealth>
			<Health>1000</Health>
			<HasGravity>true</HasGravity>
			<IsOnFire>false</IsOnFire>
			<IsInvincible>false</IsInvincible>
			<IsBulletProof>false</IsBulletProof>
			<IsCollisionProof>true</IsCollisionProof>
			<IsExplosionProof>false</IsExplosionProof>
			<IsFireProof>false</IsFireProof>
			<IsMeleeProof>false</IsMeleeProof>
			<IsOnlyDamagedByPlayer>false</IsOnlyDamagedByPlayer>
			<PositionRotation>
				<X>-4871.21387</X>
				<Y>8351.3916</Y>
				<Z>759.788391</Z>
				<Pitch>1.2806604e-05</Pitch>
				<Roll>169.999985</Roll>
				<Yaw>-61.7225571</Yaw>
			</PositionRotation>
			<Attachment isAttached="true">
				<AttachedTo>7745</AttachedTo>
				<BoneIndex>38</BoneIndex>
				<X>0.28000021</X>
				<Y>-0.0149998656</Y>
				<Z>-0.269999832</Z>
				<Pitch>89.9999924</Pitch>
				<Roll>-180</Roll>
				<Yaw>80</Yaw>
			</Attachment>
		</Attachment>
		<Attachment>
			<ModelHash>0x43c01ef6</ModelHash>
			<Type>3</Type>
			<Dynamic>false</Dynamic>
			<FrozenPos>true</FrozenPos>
			<HashName>bkr_prop_meth_scoop_01a</HashName>
			<InitialHandle>9818</InitialHandle>
			<ObjectProperties>
				<TextureVariation>0</TextureVariation>
			</ObjectProperties>
			<OpacityLevel>255</OpacityLevel>
			<LodDistance>16960</LodDistance>
			<IsVisible>true</IsVisible>
			<MaxHealth>1000</MaxHealth>
			<Health>1000</Health>
			<HasGravity>true</HasGravity>
			<IsOnFire>false</IsOnFire>
			<IsInvincible>false</IsInvincible>
			<IsBulletProof>false</IsBulletProof>
			<IsCollisionProof>true</IsCollisionProof>
			<IsExplosionProof>false</IsExplosionProof>
			<IsFireProof>false</IsFireProof>
			<IsMeleeProof>false</IsMeleeProof>
			<IsOnlyDamagedByPlayer>false</IsOnlyDamagedByPlayer>
			<PositionRotation>
				<X>-4871.24316</X>
				<Y>8351.37891</Y>
				<Z>759.670837</Z>
				<Pitch>57.5695496</Pitch>
				<Roll>-180</Roll>
				<Yaw>-61.722538</Yaw>
			</PositionRotation>
			<Attachment isAttached="true">
				<AttachedTo>7745</AttachedTo>
				<BoneIndex>69</BoneIndex>
				<X>0.0499999933</X>
				<Y>0</Y>
				<Z>0.0899999887</Z>
				<Pitch>-169.999985</Pitch>
				<Roll>1.90734863e-06</Roll>
				<Yaw>-89.9999924</Yaw>
			</Attachment>
		</Attachment>
		<Attachment>
			<ModelHash>0x56d3d7e9</ModelHash>
			<Type>3</Type>
			<Dynamic>false</Dynamic>
			<FrozenPos>true</FrozenPos>
			<HashName>prop_cs_power_cell</HashName>
			<InitialHandle>120663</InitialHandle>
			<ObjectProperties>
				<TextureVariation>0</TextureVariation>
			</ObjectProperties>
			<OpacityLevel>255</OpacityLevel>
			<LodDistance>16960</LodDistance>
			<IsVisible>true</IsVisible>
			<MaxHealth>1000</MaxHealth>
			<Health>0</Health>
			<HasGravity>true</HasGravity>
			<IsOnFire>false</IsOnFire>
			<IsInvincible>false</IsInvincible>
			<IsBulletProof>false</IsBulletProof>
			<IsCollisionProof>true</IsCollisionProof>
			<IsExplosionProof>false</IsExplosionProof>
			<IsFireProof>false</IsFireProof>
			<IsMeleeProof>false</IsMeleeProof>
			<IsOnlyDamagedByPlayer>false</IsOnlyDamagedByPlayer>
			<PositionRotation>
				<X>-4870.89746</X>
				<Y>8351.37402</Y>
				<Z>759.428345</Z>
				<Pitch>86.0001144</Pitch>
				<Roll>-89.9998779</Roll>
				<Yaw>-151.722672</Yaw>
			</PositionRotation>
			<Attachment isAttached="true">
				<AttachedTo>7745</AttachedTo>
				<BoneIndex>38</BoneIndex>
				<X>-0.0799999535</X>
				<Y>0.150000542</Y>
				<Z>0</Z>
				<Pitch>1.66893005e-06</Pitch>
				<Roll>-1.66893005e-06</Roll>
				<Yaw>-86</Yaw>
			</Attachment>
		</Attachment>
		<Attachment>
			<ModelHash>0x8d12165a</ModelHash>
			<Type>3</Type>
			<Dynamic>false</Dynamic>
			<FrozenPos>true</FrozenPos>
			<HashName>bkr_prop_coke_scale_01</HashName>
			<InitialHandle>8774</InitialHandle>
			<ObjectProperties>
				<TextureVariation>0</TextureVariation>
			</ObjectProperties>
			<OpacityLevel>255</OpacityLevel>
			<LodDistance>16960</LodDistance>
			<IsVisible>true</IsVisible>
			<MaxHealth>1000</MaxHealth>
			<Health>0</Health>
			<HasGravity>true</HasGravity>
			<IsOnFire>false</IsOnFire>
			<IsInvincible>false</IsInvincible>
			<IsBulletProof>false</IsBulletProof>
			<IsCollisionProof>true</IsCollisionProof>
			<IsExplosionProof>false</IsExplosionProof>
			<IsFireProof>false</IsFireProof>
			<IsMeleeProof>false</IsMeleeProof>
			<IsOnlyDamagedByPlayer>false</IsOnlyDamagedByPlayer>
			<PositionRotation>
				<X>-4870.92627</X>
				<Y>8351.42676</Y>
				<Z>759.488342</Z>
				<Pitch>64.0000305</Pitch>
				<Roll>-3.89520901e-05</Roll>
				<Yaw>28.2774734</Yaw>
			</PositionRotation>
			<Attachment isAttached="true">
				<AttachedTo>7745</AttachedTo>
				<BoneIndex>38</BoneIndex>
				<X>-0.0200000182</X>
				<Y>0.0899999738</Y>
				<Z>-5.77419996e-08</Z>
				<Pitch>180</Pitch>
				<Roll>89.9999924</Roll>
				<Yaw>63.9999924</Yaw>
			</Attachment>
		</Attachment>
		<Attachment>
			<ModelHash>0x43c01ef6</ModelHash>
			<Type>3</Type>
			<Dynamic>false</Dynamic>
			<FrozenPos>true</FrozenPos>
			<HashName>bkr_prop_meth_scoop_01a</HashName>
			<InitialHandle>129353</InitialHandle>
			<ObjectProperties>
				<TextureVariation>0</TextureVariation>
			</ObjectProperties>
			<OpacityLevel>255</OpacityLevel>
			<LodDistance>16960</LodDistance>
			<IsVisible>true</IsVisible>
			<MaxHealth>1000</MaxHealth>
			<Health>1000</Health>
			<HasGravity>true</HasGravity>
			<IsOnFire>false</IsOnFire>
			<IsInvincible>false</IsInvincible>
			<IsBulletProof>false</IsBulletProof>
			<IsCollisionProof>true</IsCollisionProof>
			<IsExplosionProof>false</IsExplosionProof>
			<IsFireProof>false</IsFireProof>
			<IsMeleeProof>false</IsMeleeProof>
			<IsOnlyDamagedByPlayer>false</IsOnlyDamagedByPlayer>
			<PositionRotation>
				<X>-4870.74805</X>
				<Y>8351.66504</Y>
				<Z>759.788391</Z>
				<Pitch>-2.9882076e-06</Pitch>
				<Roll>-169.999969</Roll>
				<Yaw>118.277451</Yaw>
			</PositionRotation>
			<Attachment isAttached="true">
				<AttachedTo>7745</AttachedTo>
				<BoneIndex>38</BoneIndex>
				<X>0.280000329</X>
				<Y>-0.0359998718</Y>
				<Z>0.2700001</Z>
				<Pitch>-90.0000153</Pitch>
				<Roll>5.7220459e-06</Roll>
				<Yaw>79.9999924</Yaw>
			</Attachment>
		</Attachment>
		<Attachment>
			<ModelHash>0x43c01ef6</ModelHash>
			<Type>3</Type>
			<Dynamic>false</Dynamic>
			<FrozenPos>true</FrozenPos>
			<HashName>bkr_prop_meth_scoop_01a</HashName>
			<InitialHandle>135987</InitialHandle>
			<ObjectProperties>
				<TextureVariation>0</TextureVariation>
			</ObjectProperties>
			<OpacityLevel>255</OpacityLevel>
			<LodDistance>16960</LodDistance>
			<IsVisible>true</IsVisible>
			<MaxHealth>1000</MaxHealth>
			<Health>1000</Health>
			<HasGravity>true</HasGravity>
			<IsOnFire>false</IsOnFire>
			<IsInvincible>false</IsInvincible>
			<IsBulletProof>false</IsBulletProof>
			<IsCollisionProof>true</IsCollisionProof>
			<IsExplosionProof>false</IsExplosionProof>
			<IsFireProof>false</IsFireProof>
			<IsMeleeProof>false</IsMeleeProof>
			<IsOnlyDamagedByPlayer>false</IsOnlyDamagedByPlayer>
			<PositionRotation>
				<X>-4870.71924</X>
				<Y>8351.66113</Y>
				<Z>759.666443</Z>
				<Pitch>57.9570541</Pitch>
				<Roll>179.999969</Roll>
				<Yaw>118.277451</Yaw>
			</PositionRotation>
			<Attachment isAttached="true">
				<AttachedTo>7745</AttachedTo>
				<BoneIndex>40</BoneIndex>
				<X>0.0499999523</X>
				<Y>-7.4505806e-09</Y>
				<Z>-0.0800000355</Z>
				<Pitch>9.99999905</Pitch>
				<Roll>0</Roll>
				<Yaw>89.9999924</Yaw>
			</Attachment>
		</Attachment>
		<Attachment>
			<ModelHash>0x43c01ef6</ModelHash>
			<Type>3</Type>
			<Dynamic>false</Dynamic>
			<FrozenPos>true</FrozenPos>
			<HashName>bkr_prop_meth_scoop_01a</HashName>
			<InitialHandle>142161</InitialHandle>
			<ObjectProperties>
				<TextureVariation>0</TextureVariation>
			</ObjectProperties>
			<OpacityLevel>255</OpacityLevel>
			<LodDistance>16960</LodDistance>
			<IsVisible>true</IsVisible>
			<MaxHealth>1000</MaxHealth>
			<Health>1000</Health>
			<HasGravity>true</HasGravity>
			<IsOnFire>false</IsOnFire>
			<IsInvincible>false</IsInvincible>
			<IsBulletProof>false</IsBulletProof>
			<IsCollisionProof>true</IsCollisionProof>
			<IsExplosionProof>false</IsExplosionProof>
			<IsFireProof>false</IsFireProof>
			<IsMeleeProof>false</IsMeleeProof>
			<IsOnlyDamagedByPlayer>false</IsOnlyDamagedByPlayer>
			<PositionRotation>
				<X>-4870.99219</X>
				<Y>8351.34766</Y>
				<Z>758.683411</Z>
				<Pitch>-65.6190262</Pitch>
				<Roll>-0.0356564745</Roll>
				<Yaw>28.2446327</Yaw>
			</PositionRotation>
			<Attachment isAttached="true">
				<AttachedTo>7745</AttachedTo>
				<BoneIndex>15</BoneIndex>
				<X>0.0399997197</X>
				<Y>0.109999999</Y>
				<Z>0</Z>
				<Pitch>-1.33514404e-05</Pitch>
				<Roll>89.9999847</Roll>
				<Yaw>-113.000008</Yaw>
			</Attachment>
		</Attachment>
		<Attachment>
			<ModelHash>0x43c01ef6</ModelHash>
			<Type>3</Type>
			<Dynamic>false</Dynamic>
			<FrozenPos>true</FrozenPos>
			<HashName>bkr_prop_meth_scoop_01a</HashName>
			<InitialHandle>90457</InitialHandle>
			<ObjectProperties>
				<TextureVariation>0</TextureVariation>
			</ObjectProperties>
			<OpacityLevel>255</OpacityLevel>
			<LodDistance>16960</LodDistance>
			<IsVisible>true</IsVisible>
			<MaxHealth>1000</MaxHealth>
			<Health>1000</Health>
			<HasGravity>true</HasGravity>
			<IsOnFire>false</IsOnFire>
			<IsInvincible>false</IsInvincible>
			<IsBulletProof>false</IsBulletProof>
			<IsCollisionProof>true</IsCollisionProof>
			<IsExplosionProof>false</IsExplosionProof>
			<IsFireProof>false</IsFireProof>
			<IsMeleeProof>false</IsMeleeProof>
			<IsOnlyDamagedByPlayer>false</IsOnlyDamagedByPlayer>
			<PositionRotation>
				<X>-4870.82275</X>
				<Y>8351.43945</Y>
				<Z>758.68335</Z>
				<Pitch>-65.562706</Pitch>
				<Roll>-0.0416570865</Roll>
				<Yaw>28.2391071</Yaw>
			</PositionRotation>
			<Attachment isAttached="true">
				<AttachedTo>7745</AttachedTo>
				<BoneIndex>3</BoneIndex>
				<X>0.0399997197</X>
				<Y>0.109999999</Y>
				<Z>0</Z>
				<Pitch>-1.33514404e-05</Pitch>
				<Roll>89.9999847</Roll>
				<Yaw>-113.000008</Yaw>
			</Attachment>
		</Attachment>
		<Attachment>
			<ModelHash>0x8538a366</ModelHash>
			<Type>3</Type>
			<Dynamic>false</Dynamic>
			<FrozenPos>true</FrozenPos>
			<HashName>prop_power_cell</HashName>
			<InitialHandle>82996</InitialHandle>
			<ObjectProperties>
				<TextureVariation>0</TextureVariation>
			</ObjectProperties>
			<OpacityLevel>255</OpacityLevel>
			<LodDistance>16960</LodDistance>
			<IsVisible>true</IsVisible>
			<MaxHealth>1000</MaxHealth>
			<Health>1000</Health>
			<HasGravity>true</HasGravity>
			<IsOnFire>false</IsOnFire>
			<IsInvincible>false</IsInvincible>
			<IsBulletProof>false</IsBulletProof>
			<IsCollisionProof>true</IsCollisionProof>
			<IsExplosionProof>false</IsExplosionProof>
			<IsFireProof>false</IsFireProof>
			<IsMeleeProof>false</IsMeleeProof>
			<IsOnlyDamagedByPlayer>false</IsOnlyDamagedByPlayer>
			<PositionRotation>
				<X>-4871.0542</X>
				<Y>8351.66406</Y>
				<Z>759.818359</Z>
				<Pitch>80.0000305</Pitch>
				<Roll>5.16251785e-05</Roll>
				<Yaw>-151.72261</Yaw>
			</PositionRotation>
			<Attachment isAttached="true">
				<AttachedTo>7745</AttachedTo>
				<BoneIndex>38</BoneIndex>
				<X>0.309999973</X>
				<Y>-0.180000007</Y>
				<Z>0</Z>
				<Pitch>0</Pitch>
				<Roll>89.9999924</Roll>
				<Yaw>-79.9999924</Yaw>
			</Attachment>
		</Attachment>
		<Attachment>
			<ModelHash>0xb9d90d76</ModelHash>
			<Type>3</Type>
			<Dynamic>false</Dynamic>
			<FrozenPos>true</FrozenPos>
			<HashName>prop_time_capsule_01</HashName>
			<InitialHandle>139335</InitialHandle>
			<ObjectProperties>
				<TextureVariation>0</TextureVariation>
			</ObjectProperties>
			<OpacityLevel>255</OpacityLevel>
			<LodDistance>16960</LodDistance>
			<IsVisible>true</IsVisible>
			<MaxHealth>1000</MaxHealth>
			<Health>1000</Health>
			<HasGravity>true</HasGravity>
			<IsOnFire>false</IsOnFire>
			<IsInvincible>false</IsInvincible>
			<IsBulletProof>false</IsBulletProof>
			<IsCollisionProof>true</IsCollisionProof>
			<IsExplosionProof>false</IsExplosionProof>
			<IsFireProof>false</IsFireProof>
			<IsMeleeProof>false</IsMeleeProof>
			<IsOnlyDamagedByPlayer>false</IsOnlyDamagedByPlayer>
			<PositionRotation>
				<X>-4870.92871</X>
				<Y>8351.81152</Y>
				<Z>759.818359</Z>
				<Pitch>-10.000001</Pitch>
				<Roll>-179.999969</Roll>
				<Yaw>-151.722549</Yaw>
			</PositionRotation>
			<Attachment isAttached="true">
				<AttachedTo>7745</AttachedTo>
				<BoneIndex>38</BoneIndex>
				<X>0.31000042</X>
				<Y>-0.25000003</Y>
				<Z>0.180000007</Z>
				<Pitch>0</Pitch>
				<Roll>-89.9999924</Roll>
				<Yaw>9.99999905</Yaw>
			</Attachment>
		</Attachment>
		<Attachment>
			<ModelHash>0xb9d90d76</ModelHash>
			<Type>3</Type>
			<Dynamic>false</Dynamic>
			<FrozenPos>true</FrozenPos>
			<HashName>prop_time_capsule_01</HashName>
			<InitialHandle>144204</InitialHandle>
			<ObjectProperties>
				<TextureVariation>0</TextureVariation>
			</ObjectProperties>
			<OpacityLevel>255</OpacityLevel>
			<LodDistance>16960</LodDistance>
			<IsVisible>true</IsVisible>
			<MaxHealth>1000</MaxHealth>
			<Health>1000</Health>
			<HasGravity>true</HasGravity>
			<IsOnFire>false</IsOnFire>
			<IsInvincible>false</IsInvincible>
			<IsBulletProof>false</IsBulletProof>
			<IsCollisionProof>true</IsCollisionProof>
			<IsExplosionProof>false</IsExplosionProof>
			<IsFireProof>false</IsFireProof>
			<IsMeleeProof>false</IsMeleeProof>
			<IsOnlyDamagedByPlayer>false</IsOnlyDamagedByPlayer>
			<PositionRotation>
				<X>-4871.24561</X>
				<Y>8351.64063</Y>
				<Z>759.818359</Z>
				<Pitch>-10.000001</Pitch>
				<Roll>-179.999969</Roll>
				<Yaw>-151.722549</Yaw>
			</PositionRotation>
			<Attachment isAttached="true">
				<AttachedTo>7745</AttachedTo>
				<BoneIndex>38</BoneIndex>
				<X>0.31000042</X>
				<Y>-0.25000003</Y>
				<Z>-0.179999977</Z>
				<Pitch>0</Pitch>
				<Roll>-89.9999924</Roll>
				<Yaw>9.99999905</Yaw>
			</Attachment>
		</Attachment>
		<Attachment>
			<ModelHash>0x43c01ef6</ModelHash>
			<Type>3</Type>
			<Dynamic>false</Dynamic>
			<FrozenPos>true</FrozenPos>
			<HashName>bkr_prop_meth_scoop_01a</HashName>
			<InitialHandle>63811</InitialHandle>
			<ObjectProperties>
				<TextureVariation>0</TextureVariation>
			</ObjectProperties>
			<OpacityLevel>255</OpacityLevel>
			<LodDistance>16960</LodDistance>
			<IsVisible>true</IsVisible>
			<MaxHealth>1000</MaxHealth>
			<Health>1000</Health>
			<HasGravity>true</HasGravity>
			<IsOnFire>false</IsOnFire>
			<IsInvincible>false</IsInvincible>
			<IsBulletProof>false</IsBulletProof>
			<IsCollisionProof>true</IsCollisionProof>
			<IsExplosionProof>false</IsExplosionProof>
			<IsFireProof>false</IsFireProof>
			<IsMeleeProof>false</IsMeleeProof>
			<IsOnlyDamagedByPlayer>false</IsOnlyDamagedByPlayer>
			<PositionRotation>
				<X>-4870.86523</X>
				<Y>8351.77734</Y>
				<Z>760.158386</Z>
				<Pitch>-67.7312698</Pitch>
				<Roll>-152.726868</Roll>
				<Yaw>-36.2170334</Yaw>
			</PositionRotation>
			<Attachment isAttached="true">
				<AttachedTo>7745</AttachedTo>
				<BoneIndex>38</BoneIndex>
				<X>0.649999678</X>
				<Y>-0.190000013</Y>
				<Z>0.220000029</Z>
				<Pitch>19.9999981</Pitch>
				<Roll>179.999985</Roll>
				<Yaw>99.9999924</Yaw>
			</Attachment>
		</Attachment>
		<Attachment>
			<ModelHash>0x43c01ef6</ModelHash>
			<Type>3</Type>
			<Dynamic>false</Dynamic>
			<FrozenPos>true</FrozenPos>
			<HashName>bkr_prop_meth_scoop_01a</HashName>
			<InitialHandle>151316</InitialHandle>
			<ObjectProperties>
				<TextureVariation>0</TextureVariation>
			</ObjectProperties>
			<OpacityLevel>255</OpacityLevel>
			<LodDistance>16960</LodDistance>
			<IsVisible>true</IsVisible>
			<MaxHealth>1000</MaxHealth>
			<Health>1000</Health>
			<HasGravity>true</HasGravity>
			<IsOnFire>false</IsOnFire>
			<IsInvincible>false</IsInvincible>
			<IsBulletProof>false</IsBulletProof>
			<IsCollisionProof>true</IsCollisionProof>
			<IsExplosionProof>false</IsExplosionProof>
			<IsFireProof>false</IsFireProof>
			<IsMeleeProof>false</IsMeleeProof>
			<IsOnlyDamagedByPlayer>false</IsOnlyDamagedByPlayer>
			<PositionRotation>
				<X>-4871.25244</X>
				<Y>8351.56934</Y>
				<Z>760.158386</Z>
				<Pitch>-67.7312775</Pitch>
				<Roll>152.726822</Roll>
				<Yaw>92.771904</Yaw>
			</PositionRotation>
			<Attachment isAttached="true">
				<AttachedTo>7745</AttachedTo>
				<BoneIndex>38</BoneIndex>
				<X>0.649999678</X>
				<Y>-0.190000013</Y>
				<Z>-0.220000029</Z>
				<Pitch>-20</Pitch>
				<Roll>-1.33514404e-05</Roll>
				<Yaw>99.9999924</Yaw>
			</Attachment>
		</Attachment>
	</SpoonerAttachments>
</OutfitPedData>
