<?xml version="1.0"?>
<OutfitPedData>
	<ClearDecalOverlays>true</ClearDecalOverlays>
	<ModelHash>0x9c9effd8</ModelHash>
	<Type>1</Type>
	<Dynamic>true</Dynamic>
	<FrozenPos>false</FrozenPos>
	<HashName>0x9c9effd8</HashName>
	<InitialHandle>49671</InitialHandle>
	<PedProperties>
		<IsStill>false</IsStill>
		<CanRagdoll>false</CanRagdoll>
		<HasShortHeight>false</HasShortHeight>
		<Armour>0</Armour>
		<CurrentWeapon>0xa2719263</CurrentWeapon>
		<PedProps>
			<_0>57,0</_0>
			<_1>-1,-1</_1>
			<_2>-1,-1</_2>
			<_3>-1,-1</_3>
			<_4>-1,-1</_4>
			<_5>-1,-1</_5>
			<_6>-1,-1</_6>
			<_7>-1,-1</_7>
			<_8>-1,-1</_8>
			<_9>-1,-1</_9>
		</PedProps>
		<PedComps>
			<_0>0,0</_0>
			<_1>91,6</_1>
			<_2>56,0</_2>
			<_3>36,0</_3>
			<_4>79,10</_4>
			<_5>0,0</_5>
			<_6>7,0</_6>
			<_7>24,0</_7>
			<_8>66,3</_8>
			<_9>22,9</_9>
			<_10>0,0</_10>
			<_11>180,10</_11>
		</PedComps>
		<HeadFeatures WasInArray="false">
			<ShapeAndSkinTone>
				<ShapeFatherId>25</ShapeFatherId>
				<ShapeMotherId>0</ShapeMotherId>
				<ShapeOverrideId>0</ShapeOverrideId>
				<ToneFatherId>25</ToneFatherId>
				<ToneMotherId>0</ToneMotherId>
				<ToneOverrideId>0</ToneOverrideId>
				<ShapeVal>0.300000012</ShapeVal>
				<ToneVal>0.444616467</ToneVal>
				<OverrideVal>0</OverrideVal>
				<IsP>1</IsP>
			</ShapeAndSkinTone>
		</HeadFeatures>
		<TattooLogoDecals />
		<RelationshipGroupAltered>false</RelationshipGroupAltered>
		<RelationshipGroup>0xd9390344</RelationshipGroup>
		<ScenarioActive>false</ScenarioActive>
		<AnimActive>false</AnimActive>
	</PedProperties>
	<OpacityLevel>255</OpacityLevel>
	<LodDistance>240</LodDistance>
	<IsVisible>true</IsVisible>
	<MaxHealth>175</MaxHealth>
	<Health>175</Health>
	<HasGravity>true</HasGravity>
	<IsOnFire>false</IsOnFire>
	<IsInvincible>true</IsInvincible>
	<IsBulletProof>true</IsBulletProof>
	<IsCollisionProof>false</IsCollisionProof>
	<IsExplosionProof>true</IsExplosionProof>
	<IsFireProof>false</IsFireProof>
	<IsMeleeProof>true</IsMeleeProof>
	<IsOnlyDamagedByPlayer>false</IsOnlyDamagedByPlayer>
	<PositionRotation>
		<X>-561.796265</X>
		<Y>-1621.18567</Y>
		<Z>38.8445969</Z>
		<Pitch>0</Pitch>
		<Roll>-0</Roll>
		<Yaw>-126.272461</Yaw>
	</PositionRotation>
	<Attachment isAttached="false" />
	<SpoonerAttachments SetAttachmentsPersistentAndAddToSpoonerDatabase="true" StartTaskSequencesOnLoad="true">
		<Attachment>
			<ModelHash>0xf55c8cd1</ModelHash>
			<Type>3</Type>
			<Dynamic>false</Dynamic>
			<FrozenPos>true</FrozenPos>
			<HashName>w_pi_pistol50</HashName>
			<InitialHandle>107561</InitialHandle>
			<ObjectProperties>
				<TextureVariation>0</TextureVariation>
			</ObjectProperties>
			<OpacityLevel>255</OpacityLevel>
			<LodDistance>16960</LodDistance>
			<IsVisible>true</IsVisible>
			<MaxHealth>1000</MaxHealth>
			<Health>1000</Health>
			<HasGravity>true</HasGravity>
			<IsOnFire>false</IsOnFire>
			<IsInvincible>true</IsInvincible>
			<IsBulletProof>false</IsBulletProof>
			<IsCollisionProof>true</IsCollisionProof>
			<IsExplosionProof>true</IsExplosionProof>
			<IsFireProof>false</IsFireProof>
			<IsMeleeProof>true</IsMeleeProof>
			<IsOnlyDamagedByPlayer>false</IsOnlyDamagedByPlayer>
			<PositionRotation>
				<X>-561.746887</X>
				<Y>-1620.96655</Y>
				<Z>38.0336838</Z>
				<Pitch>-0.0777493492</Pitch>
				<Roll>100.072441</Roll>
				<Yaw>-26.1840019</Yaw>
			</PositionRotation>
			<Attachment isAttached="true">
				<AttachedTo>49671</AttachedTo>
				<BoneIndex>4</BoneIndex>
				<X>-0.0699999928</X>
				<Y>-0.0199999996</Y>
				<Z>0</Z>
				<Pitch>-89.9999924</Pitch>
				<Roll>81.9999924</Roll>
				<Yaw>0</Yaw>
			</Attachment>
		</Attachment>
		<Attachment>
			<ModelHash>0xf55c8cd1</ModelHash>
			<Type>3</Type>
			<Dynamic>false</Dynamic>
			<FrozenPos>true</FrozenPos>
			<HashName>w_pi_pistol50</HashName>
			<InitialHandle>120616</InitialHandle>
			<ObjectProperties>
				<TextureVariation>0</TextureVariation>
			</ObjectProperties>
			<OpacityLevel>255</OpacityLevel>
			<LodDistance>16960</LodDistance>
			<IsVisible>true</IsVisible>
			<MaxHealth>1000</MaxHealth>
			<Health>1000</Health>
			<HasGravity>true</HasGravity>
			<IsOnFire>false</IsOnFire>
			<IsInvincible>true</IsInvincible>
			<IsBulletProof>false</IsBulletProof>
			<IsCollisionProof>true</IsCollisionProof>
			<IsExplosionProof>true</IsExplosionProof>
			<IsFireProof>false</IsFireProof>
			<IsMeleeProof>true</IsMeleeProof>
			<IsOnlyDamagedByPlayer>false</IsOnlyDamagedByPlayer>
			<PositionRotation>
				<X>-561.975281</X>
				<Y>-1621.13354</Y>
				<Z>38.0294151</Z>
				<Pitch>-0.0273493584</Pitch>
				<Roll>99.5492401</Roll>
				<Yaw>-62.0176277</Yaw>
			</PositionRotation>
			<Attachment isAttached="true">
				<AttachedTo>49671</AttachedTo>
				<BoneIndex>16</BoneIndex>
				<X>-0.0699999928</X>
				<Y>-0.0199999996</Y>
				<Z>0</Z>
				<Pitch>-89.9999924</Pitch>
				<Roll>81.9999924</Roll>
				<Yaw>0</Yaw>
			</Attachment>
		</Attachment>
		<Attachment>
			<ModelHash>0xe2ba016f</ModelHash>
			<Type>3</Type>
			<Dynamic>false</Dynamic>
			<FrozenPos>true</FrozenPos>
			<HashName>prop_cs_katana_01</HashName>
			<InitialHandle>55063</InitialHandle>
			<ObjectProperties>
				<TextureVariation>0</TextureVariation>
			</ObjectProperties>
			<OpacityLevel>255</OpacityLevel>
			<LodDistance>16960</LodDistance>
			<IsVisible>true</IsVisible>
			<MaxHealth>1000</MaxHealth>
			<Health>1000</Health>
			<HasGravity>true</HasGravity>
			<IsOnFire>false</IsOnFire>
			<IsInvincible>true</IsInvincible>
			<IsBulletProof>false</IsBulletProof>
			<IsCollisionProof>true</IsCollisionProof>
			<IsExplosionProof>true</IsExplosionProof>
			<IsFireProof>false</IsFireProof>
			<IsMeleeProof>true</IsMeleeProof>
			<IsOnlyDamagedByPlayer>false</IsOnlyDamagedByPlayer>
			<PositionRotation>
				<X>-561.915466</X>
				<Y>-1621.33252</Y>
				<Z>38.9318352</Z>
				<Pitch>1.7436142</Pitch>
				<Roll>144.747513</Roll>
				<Yaw>158.304611</Yaw>
			</PositionRotation>
			<Attachment isAttached="true">
				<AttachedTo>49671</AttachedTo>
				<BoneIndex>0</BoneIndex>
				<X>0.189999998</X>
				<Y>0.00999998488</Y>
				<Z>0.0199999996</Z>
				<Pitch>0</Pitch>
				<Roll>142</Roll>
				<Yaw>-72.9999847</Yaw>
			</Attachment>
		</Attachment>
		<Attachment>
			<ModelHash>0x3c479cbe</ModelHash>
			<Type>3</Type>
			<Dynamic>false</Dynamic>
			<FrozenPos>true</FrozenPos>
			<HashName>prop_welding_mask_01_s</HashName>
			<InitialHandle>165142</InitialHandle>
			<ObjectProperties>
				<TextureVariation>0</TextureVariation>
			</ObjectProperties>
			<OpacityLevel>255</OpacityLevel>
			<LodDistance>16960</LodDistance>
			<IsVisible>true</IsVisible>
			<MaxHealth>1000</MaxHealth>
			<Health>1000</Health>
			<HasGravity>true</HasGravity>
			<IsOnFire>false</IsOnFire>
			<IsInvincible>true</IsInvincible>
			<IsBulletProof>false</IsBulletProof>
			<IsCollisionProof>true</IsCollisionProof>
			<IsExplosionProof>true</IsExplosionProof>
			<IsFireProof>false</IsFireProof>
			<IsMeleeProof>true</IsMeleeProof>
			<IsOnlyDamagedByPlayer>false</IsOnlyDamagedByPlayer>
			<PositionRotation>
				<X>-561.901855</X>
				<Y>-1621.26978</Y>
				<Z>39.3715439</Z>
				<Pitch>-72.3243484</Pitch>
				<Roll>-77.8339386</Roll>
				<Yaw>-113.671913</Yaw>
			</PositionRotation>
			<Attachment isAttached="true">
				<AttachedTo>49671</AttachedTo>
				<BoneIndex>38</BoneIndex>
				<X>0.169999972</X>
				<Y>0</Y>
				<Z>-0.119999997</Z>
				<Pitch>5.36441803e-07</Pitch>
				<Roll>0</Roll>
				<Yaw>74.9999924</Yaw>
			</Attachment>
		</Attachment>
		<Attachment>
			<ModelHash>0x3c479cbe</ModelHash>
			<Type>3</Type>
			<Dynamic>false</Dynamic>
			<FrozenPos>true</FrozenPos>
			<HashName>prop_welding_mask_01_s</HashName>
			<InitialHandle>115975</InitialHandle>
			<ObjectProperties>
				<TextureVariation>0</TextureVariation>
			</ObjectProperties>
			<OpacityLevel>255</OpacityLevel>
			<LodDistance>16960</LodDistance>
			<IsVisible>true</IsVisible>
			<MaxHealth>1000</MaxHealth>
			<Health>1000</Health>
			<HasGravity>true</HasGravity>
			<IsOnFire>false</IsOnFire>
			<IsInvincible>true</IsInvincible>
			<IsBulletProof>false</IsBulletProof>
			<IsCollisionProof>true</IsCollisionProof>
			<IsExplosionProof>true</IsExplosionProof>
			<IsFireProof>false</IsFireProof>
			<IsMeleeProof>true</IsMeleeProof>
			<IsOnlyDamagedByPlayer>false</IsOnlyDamagedByPlayer>
			<PositionRotation>
				<X>-561.76355</X>
				<Y>-1621.07434</Y>
				<Z>39.3869019</Z>
				<Pitch>-72.3243256</Pitch>
				<Roll>102.166008</Roll>
				<Yaw>-113.671921</Yaw>
			</PositionRotation>
			<Attachment isAttached="true">
				<AttachedTo>49671</AttachedTo>
				<BoneIndex>38</BoneIndex>
				<X>0.169999957</X>
				<Y>0</Y>
				<Z>0.119999968</Z>
				<Pitch>5.96046448e-08</Pitch>
				<Roll>179.999969</Roll>
				<Yaw>74.9999847</Yaw>
			</Attachment>
		</Attachment>
		<Attachment>
			<ModelHash>0x3c479cbe</ModelHash>
			<Type>3</Type>
			<Dynamic>false</Dynamic>
			<FrozenPos>true</FrozenPos>
			<HashName>prop_welding_mask_01_s</HashName>
			<InitialHandle>113446</InitialHandle>
			<ObjectProperties>
				<TextureVariation>0</TextureVariation>
			</ObjectProperties>
			<OpacityLevel>255</OpacityLevel>
			<LodDistance>16960</LodDistance>
			<IsVisible>true</IsVisible>
			<MaxHealth>1000</MaxHealth>
			<Health>1000</Health>
			<HasGravity>true</HasGravity>
			<IsOnFire>false</IsOnFire>
			<IsInvincible>true</IsInvincible>
			<IsBulletProof>false</IsBulletProof>
			<IsCollisionProof>true</IsCollisionProof>
			<IsExplosionProof>true</IsExplosionProof>
			<IsFireProof>false</IsFireProof>
			<IsMeleeProof>true</IsMeleeProof>
			<IsOnlyDamagedByPlayer>false</IsOnlyDamagedByPlayer>
			<PositionRotation>
				<X>-561.919189</X>
				<Y>-1621.29419</Y>
				<Z>39.3696251</Z>
				<Pitch>-48.0542564</Pitch>
				<Roll>-26.3620567</Roll>
				<Yaw>-56.6554565</Yaw>
			</PositionRotation>
			<Attachment isAttached="true">
				<AttachedTo>49671</AttachedTo>
				<BoneIndex>38</BoneIndex>
				<X>0.169999972</X>
				<Y>0</Y>
				<Z>-0.150000006</Z>
				<Pitch>35</Pitch>
				<Roll>0</Roll>
				<Yaw>74.9999924</Yaw>
			</Attachment>
		</Attachment>
		<Attachment>
			<ModelHash>0x3c479cbe</ModelHash>
			<Type>3</Type>
			<Dynamic>false</Dynamic>
			<FrozenPos>true</FrozenPos>
			<HashName>prop_welding_mask_01_s</HashName>
			<InitialHandle>99112</InitialHandle>
			<ObjectProperties>
				<TextureVariation>0</TextureVariation>
			</ObjectProperties>
			<OpacityLevel>255</OpacityLevel>
			<LodDistance>16960</LodDistance>
			<IsVisible>true</IsVisible>
			<MaxHealth>1000</MaxHealth>
			<Health>1000</Health>
			<HasGravity>true</HasGravity>
			<IsOnFire>false</IsOnFire>
			<IsInvincible>true</IsInvincible>
			<IsBulletProof>false</IsBulletProof>
			<IsCollisionProof>true</IsCollisionProof>
			<IsExplosionProof>true</IsExplosionProof>
			<IsFireProof>false</IsFireProof>
			<IsMeleeProof>true</IsMeleeProof>
			<IsOnlyDamagedByPlayer>false</IsOnlyDamagedByPlayer>
			<PositionRotation>
				<X>-561.746277</X>
				<Y>-1621.0498</Y>
				<Z>39.3888206</Z>
				<Pitch>-54.8037338</Pitch>
				<Roll>30.9944572</Roll>
				<Yaw>169.725159</Yaw>
			</PositionRotation>
			<Attachment isAttached="true">
				<AttachedTo>49671</AttachedTo>
				<BoneIndex>38</BoneIndex>
				<X>0.169999987</X>
				<Y>0</Y>
				<Z>0.149999976</Z>
				<Pitch>-34.9999962</Pitch>
				<Roll>179.999969</Roll>
				<Yaw>74.9999847</Yaw>
			</Attachment>
		</Attachment>
		<Attachment>
			<ModelHash>0x1f036a32</ModelHash>
			<Type>3</Type>
			<Dynamic>false</Dynamic>
			<FrozenPos>true</FrozenPos>
			<HashName>w_am_digiscanner</HashName>
			<InitialHandle>110380</InitialHandle>
			<ObjectProperties>
				<TextureVariation>0</TextureVariation>
			</ObjectProperties>
			<OpacityLevel>255</OpacityLevel>
			<LodDistance>16960</LodDistance>
			<IsVisible>true</IsVisible>
			<MaxHealth>1000</MaxHealth>
			<Health>333</Health>
			<HasGravity>true</HasGravity>
			<IsOnFire>false</IsOnFire>
			<IsInvincible>false</IsInvincible>
			<IsBulletProof>false</IsBulletProof>
			<IsCollisionProof>true</IsCollisionProof>
			<IsExplosionProof>false</IsExplosionProof>
			<IsFireProof>false</IsFireProof>
			<IsMeleeProof>false</IsMeleeProof>
			<IsOnlyDamagedByPlayer>false</IsOnlyDamagedByPlayer>
			<PositionRotation>
				<X>-561.77179</X>
				<Y>-1621.22009</Y>
				<Z>39.4422607</Z>
				<Pitch>3.66878295</Pitch>
				<Roll>137.697357</Roll>
				<Yaw>-35.2795753</Yaw>
			</PositionRotation>
			<Attachment isAttached="true">
				<AttachedTo>49671</AttachedTo>
				<BoneIndex>38</BoneIndex>
				<X>0.230000004</X>
				<Y>0.0800000057</Y>
				<Z>0</Z>
				<Pitch>89.9999924</Pitch>
				<Roll>-40</Roll>
				<Yaw>-90</Yaw>
			</Attachment>
		</Attachment>
		<Attachment>
			<ModelHash>0x8d12165a</ModelHash>
			<Type>3</Type>
			<Dynamic>false</Dynamic>
			<FrozenPos>true</FrozenPos>
			<HashName>bkr_prop_coke_scale_01</HashName>
			<InitialHandle>22052</InitialHandle>
			<ObjectProperties>
				<TextureVariation>0</TextureVariation>
			</ObjectProperties>
			<OpacityLevel>255</OpacityLevel>
			<LodDistance>16960</LodDistance>
			<IsVisible>true</IsVisible>
			<MaxHealth>1000</MaxHealth>
			<Health>0</Health>
			<HasGravity>true</HasGravity>
			<IsOnFire>false</IsOnFire>
			<IsInvincible>false</IsInvincible>
			<IsBulletProof>false</IsBulletProof>
			<IsCollisionProof>true</IsCollisionProof>
			<IsExplosionProof>false</IsExplosionProof>
			<IsFireProof>false</IsFireProof>
			<IsMeleeProof>false</IsMeleeProof>
			<IsOnlyDamagedByPlayer>false</IsOnlyDamagedByPlayer>
			<PositionRotation>
				<X>-561.806885</X>
				<Y>-1621.18884</Y>
				<Z>39.3604851</Z>
				<Pitch>31.6248951</Pitch>
				<Roll>-4.30972624</Roll>
				<Yaw>56.9833488</Yaw>
			</PositionRotation>
			<Attachment isAttached="true">
				<AttachedTo>49671</AttachedTo>
				<BoneIndex>38</BoneIndex>
				<X>0.149999976</X>
				<Y>0.0299999993</Y>
				<Z>-5.96046448e-08</Z>
				<Pitch>180</Pitch>
				<Roll>89.9999924</Roll>
				<Yaw>33.9999962</Yaw>
			</Attachment>
		</Attachment>
		<Attachment>
			<ModelHash>0x43c01ef6</ModelHash>
			<Type>3</Type>
			<Dynamic>false</Dynamic>
			<FrozenPos>true</FrozenPos>
			<HashName>bkr_prop_meth_scoop_01a</HashName>
			<InitialHandle>130864</InitialHandle>
			<ObjectProperties>
				<TextureVariation>0</TextureVariation>
			</ObjectProperties>
			<OpacityLevel>255</OpacityLevel>
			<LodDistance>16960</LodDistance>
			<IsVisible>true</IsVisible>
			<MaxHealth>1000</MaxHealth>
			<Health>1000</Health>
			<HasGravity>true</HasGravity>
			<IsOnFire>false</IsOnFire>
			<IsInvincible>false</IsInvincible>
			<IsBulletProof>false</IsBulletProof>
			<IsCollisionProof>true</IsCollisionProof>
			<IsExplosionProof>false</IsExplosionProof>
			<IsFireProof>false</IsFireProof>
			<IsMeleeProof>false</IsMeleeProof>
			<IsOnlyDamagedByPlayer>false</IsOnlyDamagedByPlayer>
			<PositionRotation>
				<X>-562.00824</X>
				<Y>-1621.38647</Y>
				<Z>39.4710312</Z>
				<Pitch>3.66877604</Pitch>
				<Roll>167.697357</Roll>
				<Yaw>-35.279583</Yaw>
			</PositionRotation>
			<Attachment isAttached="true">
				<AttachedTo>49671</AttachedTo>
				<BoneIndex>38</BoneIndex>
				<X>0.28000021</X>
				<Y>-0.0149998656</Y>
				<Z>-0.269999832</Z>
				<Pitch>89.9999924</Pitch>
				<Roll>-180</Roll>
				<Yaw>80</Yaw>
			</Attachment>
		</Attachment>
		<Attachment>
			<ModelHash>0x43c01ef6</ModelHash>
			<Type>3</Type>
			<Dynamic>false</Dynamic>
			<FrozenPos>true</FrozenPos>
			<HashName>bkr_prop_meth_scoop_01a</HashName>
			<InitialHandle>50183</InitialHandle>
			<ObjectProperties>
				<TextureVariation>0</TextureVariation>
			</ObjectProperties>
			<OpacityLevel>255</OpacityLevel>
			<LodDistance>16960</LodDistance>
			<IsVisible>true</IsVisible>
			<MaxHealth>1000</MaxHealth>
			<Health>1000</Health>
			<HasGravity>true</HasGravity>
			<IsOnFire>false</IsOnFire>
			<IsInvincible>false</IsInvincible>
			<IsBulletProof>false</IsBulletProof>
			<IsCollisionProof>true</IsCollisionProof>
			<IsExplosionProof>false</IsExplosionProof>
			<IsFireProof>false</IsFireProof>
			<IsMeleeProof>false</IsMeleeProof>
			<IsOnlyDamagedByPlayer>false</IsOnlyDamagedByPlayer>
			<PositionRotation>
				<X>-562.021667</X>
				<Y>-1621.38843</Y>
				<Z>39.3138962</Z>
				<Pitch>73.5642853</Pitch>
				<Roll>-173.156708</Roll>
				<Yaw>-43.9658661</Yaw>
			</PositionRotation>
			<Attachment isAttached="true">
				<AttachedTo>49671</AttachedTo>
				<BoneIndex>69</BoneIndex>
				<X>0.0499999933</X>
				<Y>0</Y>
				<Z>0.0899999887</Z>
				<Pitch>-169.999985</Pitch>
				<Roll>1.90734863e-06</Roll>
				<Yaw>-89.9999924</Yaw>
			</Attachment>
		</Attachment>
		<Attachment>
			<ModelHash>0x56d3d7e9</ModelHash>
			<Type>3</Type>
			<Dynamic>false</Dynamic>
			<FrozenPos>true</FrozenPos>
			<HashName>prop_cs_power_cell</HashName>
			<InitialHandle>45094</InitialHandle>
			<ObjectProperties>
				<TextureVariation>0</TextureVariation>
			</ObjectProperties>
			<OpacityLevel>255</OpacityLevel>
			<LodDistance>16960</LodDistance>
			<IsVisible>true</IsVisible>
			<MaxHealth>1000</MaxHealth>
			<Health>0</Health>
			<HasGravity>true</HasGravity>
			<IsOnFire>false</IsOnFire>
			<IsInvincible>false</IsInvincible>
			<IsBulletProof>false</IsBulletProof>
			<IsCollisionProof>true</IsCollisionProof>
			<IsExplosionProof>false</IsExplosionProof>
			<IsFireProof>false</IsFireProof>
			<IsMeleeProof>false</IsMeleeProof>
			<IsOnlyDamagedByPlayer>false</IsOnlyDamagedByPlayer>
			<PositionRotation>
				<X>-561.693176</X>
				<Y>-1621.25171</Y>
				<Z>39.135952</Z>
				<Pitch>85.9582291</Pitch>
				<Roll>-24.7948246</Roll>
				<Yaw>169.569611</Yaw>
			</PositionRotation>
			<Attachment isAttached="true">
				<AttachedTo>49671</AttachedTo>
				<BoneIndex>38</BoneIndex>
				<X>-0.0799999535</X>
				<Y>0.150000542</Y>
				<Z>0</Z>
				<Pitch>1.66893005e-06</Pitch>
				<Roll>-1.66893005e-06</Roll>
				<Yaw>-86</Yaw>
			</Attachment>
		</Attachment>
		<Attachment>
			<ModelHash>0x8d12165a</ModelHash>
			<Type>3</Type>
			<Dynamic>false</Dynamic>
			<FrozenPos>true</FrozenPos>
			<HashName>bkr_prop_coke_scale_01</HashName>
			<InitialHandle>141877</InitialHandle>
			<ObjectProperties>
				<TextureVariation>0</TextureVariation>
			</ObjectProperties>
			<OpacityLevel>255</OpacityLevel>
			<LodDistance>16960</LodDistance>
			<IsVisible>true</IsVisible>
			<MaxHealth>1000</MaxHealth>
			<Health>0</Health>
			<HasGravity>true</HasGravity>
			<IsOnFire>false</IsOnFire>
			<IsInvincible>false</IsInvincible>
			<IsBulletProof>false</IsBulletProof>
			<IsCollisionProof>true</IsCollisionProof>
			<IsExplosionProof>false</IsExplosionProof>
			<IsFireProof>false</IsFireProof>
			<IsMeleeProof>false</IsMeleeProof>
			<IsOnlyDamagedByPlayer>false</IsOnlyDamagedByPlayer>
			<PositionRotation>
				<X>-561.746216</X>
				<Y>-1621.21863</Y>
				<Z>39.1933746</Z>
				<Pitch>61.4801064</Pitch>
				<Roll>-7.70181465</Roll>
				<Yaw>61.4969101</Yaw>
			</PositionRotation>
			<Attachment isAttached="true">
				<AttachedTo>49671</AttachedTo>
				<BoneIndex>38</BoneIndex>
				<X>-0.0200000182</X>
				<Y>0.0899999738</Y>
				<Z>-5.77419996e-08</Z>
				<Pitch>180</Pitch>
				<Roll>89.9999924</Roll>
				<Yaw>63.9999924</Yaw>
			</Attachment>
		</Attachment>
		<Attachment>
			<ModelHash>0x43c01ef6</ModelHash>
			<Type>3</Type>
			<Dynamic>false</Dynamic>
			<FrozenPos>true</FrozenPos>
			<HashName>bkr_prop_meth_scoop_01a</HashName>
			<InitialHandle>66095</InitialHandle>
			<ObjectProperties>
				<TextureVariation>0</TextureVariation>
			</ObjectProperties>
			<OpacityLevel>255</OpacityLevel>
			<LodDistance>16960</LodDistance>
			<IsVisible>true</IsVisible>
			<MaxHealth>1000</MaxHealth>
			<Health>1000</Health>
			<HasGravity>true</HasGravity>
			<IsOnFire>false</IsOnFire>
			<IsInvincible>false</IsInvincible>
			<IsBulletProof>false</IsBulletProof>
			<IsCollisionProof>true</IsCollisionProof>
			<IsExplosionProof>false</IsExplosionProof>
			<IsFireProof>false</IsFireProof>
			<IsMeleeProof>false</IsMeleeProof>
			<IsOnlyDamagedByPlayer>false</IsOnlyDamagedByPlayer>
			<PositionRotation>
				<X>-561.71405</X>
				<Y>-1620.93445</Y>
				<Z>39.5047417</Z>
				<Pitch>-3.66876554</Pitch>
				<Roll>-167.697357</Roll>
				<Yaw>144.720413</Yaw>
			</PositionRotation>
			<Attachment isAttached="true">
				<AttachedTo>49671</AttachedTo>
				<BoneIndex>38</BoneIndex>
				<X>0.280000329</X>
				<Y>-0.0359998718</Y>
				<Z>0.2700001</Z>
				<Pitch>-90.0000153</Pitch>
				<Roll>5.7220459e-06</Roll>
				<Yaw>79.9999924</Yaw>
			</Attachment>
		</Attachment>
		<Attachment>
			<ModelHash>0x43c01ef6</ModelHash>
			<Type>3</Type>
			<Dynamic>false</Dynamic>
			<FrozenPos>true</FrozenPos>
			<HashName>bkr_prop_meth_scoop_01a</HashName>
			<InitialHandle>30239</InitialHandle>
			<ObjectProperties>
				<TextureVariation>0</TextureVariation>
			</ObjectProperties>
			<OpacityLevel>255</OpacityLevel>
			<LodDistance>16960</LodDistance>
			<IsVisible>true</IsVisible>
			<MaxHealth>1000</MaxHealth>
			<Health>1000</Health>
			<HasGravity>true</HasGravity>
			<IsOnFire>false</IsOnFire>
			<IsInvincible>false</IsInvincible>
			<IsBulletProof>false</IsBulletProof>
			<IsCollisionProof>true</IsCollisionProof>
			<IsExplosionProof>false</IsExplosionProof>
			<IsFireProof>false</IsFireProof>
			<IsMeleeProof>false</IsMeleeProof>
			<IsOnlyDamagedByPlayer>false</IsOnlyDamagedByPlayer>
			<PositionRotation>
				<X>-561.698975</X>
				<Y>-1620.92639</Y>
				<Z>39.3472061</Z>
				<Pitch>71.4864502</Pitch>
				<Roll>179.440933</Roll>
				<Yaw>145.067642</Yaw>
			</PositionRotation>
			<Attachment isAttached="true">
				<AttachedTo>49671</AttachedTo>
				<BoneIndex>40</BoneIndex>
				<X>0.0499999523</X>
				<Y>-7.4505806e-09</Y>
				<Z>-0.0800000355</Z>
				<Pitch>9.99999905</Pitch>
				<Roll>0</Roll>
				<Yaw>89.9999924</Yaw>
			</Attachment>
		</Attachment>
		<Attachment>
			<ModelHash>0x43c01ef6</ModelHash>
			<Type>3</Type>
			<Dynamic>false</Dynamic>
			<FrozenPos>true</FrozenPos>
			<HashName>bkr_prop_meth_scoop_01a</HashName>
			<InitialHandle>85534</InitialHandle>
			<ObjectProperties>
				<TextureVariation>0</TextureVariation>
			</ObjectProperties>
			<OpacityLevel>255</OpacityLevel>
			<LodDistance>16960</LodDistance>
			<IsVisible>true</IsVisible>
			<MaxHealth>1000</MaxHealth>
			<Health>1000</Health>
			<HasGravity>true</HasGravity>
			<IsOnFire>false</IsOnFire>
			<IsInvincible>false</IsInvincible>
			<IsBulletProof>false</IsBulletProof>
			<IsCollisionProof>true</IsCollisionProof>
			<IsExplosionProof>false</IsExplosionProof>
			<IsFireProof>false</IsFireProof>
			<IsMeleeProof>false</IsMeleeProof>
			<IsOnlyDamagedByPlayer>false</IsOnlyDamagedByPlayer>
			<PositionRotation>
				<X>-561.929749</X>
				<Y>-1621.18396</Y>
				<Z>38.3790932</Z>
				<Pitch>54.4170685</Pitch>
				<Roll>175.093597</Roll>
				<Yaw>-138.172348</Yaw>
			</PositionRotation>
			<Attachment isAttached="true">
				<AttachedTo>49671</AttachedTo>
				<BoneIndex>15</BoneIndex>
				<X>0.0699999928</X>
				<Y>-0.0799999759</Y>
				<Z>0</Z>
				<Pitch>180</Pitch>
				<Roll>-90.0000153</Roll>
				<Yaw>-113.000008</Yaw>
			</Attachment>
		</Attachment>
		<Attachment>
			<ModelHash>0x43c01ef6</ModelHash>
			<Type>3</Type>
			<Dynamic>false</Dynamic>
			<FrozenPos>true</FrozenPos>
			<HashName>bkr_prop_meth_scoop_01a</HashName>
			<InitialHandle>40224</InitialHandle>
			<ObjectProperties>
				<TextureVariation>0</TextureVariation>
			</ObjectProperties>
			<OpacityLevel>255</OpacityLevel>
			<LodDistance>16960</LodDistance>
			<IsVisible>true</IsVisible>
			<MaxHealth>1000</MaxHealth>
			<Health>1000</Health>
			<HasGravity>true</HasGravity>
			<IsOnFire>false</IsOnFire>
			<IsInvincible>false</IsInvincible>
			<IsBulletProof>false</IsBulletProof>
			<IsCollisionProof>true</IsCollisionProof>
			<IsExplosionProof>false</IsExplosionProof>
			<IsFireProof>false</IsFireProof>
			<IsMeleeProof>false</IsMeleeProof>
			<IsOnlyDamagedByPlayer>false</IsOnlyDamagedByPlayer>
			<PositionRotation>
				<X>-561.812439</X>
				<Y>-1621.33594</Y>
				<Z>38.3673325</Z>
				<Pitch>-54.4170685</Pitch>
				<Roll>4.90632772</Roll>
				<Yaw>41.8276138</Yaw>
			</PositionRotation>
			<Attachment isAttached="true">
				<AttachedTo>49671</AttachedTo>
				<BoneIndex>15</BoneIndex>
				<X>0.0399997197</X>
				<Y>0.109999999</Y>
				<Z>0</Z>
				<Pitch>-1.33514404e-05</Pitch>
				<Roll>89.9999847</Roll>
				<Yaw>-113.000008</Yaw>
			</Attachment>
		</Attachment>
		<Attachment>
			<ModelHash>0x43c01ef6</ModelHash>
			<Type>3</Type>
			<Dynamic>false</Dynamic>
			<FrozenPos>true</FrozenPos>
			<HashName>bkr_prop_meth_scoop_01a</HashName>
			<InitialHandle>22318</InitialHandle>
			<ObjectProperties>
				<TextureVariation>0</TextureVariation>
			</ObjectProperties>
			<OpacityLevel>255</OpacityLevel>
			<LodDistance>16960</LodDistance>
			<IsVisible>true</IsVisible>
			<MaxHealth>1000</MaxHealth>
			<Health>1000</Health>
			<HasGravity>true</HasGravity>
			<IsOnFire>false</IsOnFire>
			<IsInvincible>false</IsInvincible>
			<IsBulletProof>false</IsBulletProof>
			<IsCollisionProof>true</IsCollisionProof>
			<IsExplosionProof>false</IsExplosionProof>
			<IsFireProof>false</IsFireProof>
			<IsMeleeProof>false</IsMeleeProof>
			<IsOnlyDamagedByPlayer>false</IsOnlyDamagedByPlayer>
			<PositionRotation>
				<X>-561.738037</X>
				<Y>-1621.0304</Y>
				<Z>38.3771477</Z>
				<Pitch>57.6373672</Pitch>
				<Roll>-162.320984</Roll>
				<Yaw>-137.421127</Yaw>
			</PositionRotation>
			<Attachment isAttached="true">
				<AttachedTo>49671</AttachedTo>
				<BoneIndex>3</BoneIndex>
				<X>0.0699999928</X>
				<Y>-0.0799999759</Y>
				<Z>0</Z>
				<Pitch>180</Pitch>
				<Roll>-90.0000153</Roll>
				<Yaw>-113.000008</Yaw>
			</Attachment>
		</Attachment>
		<Attachment>
			<ModelHash>0x43c01ef6</ModelHash>
			<Type>3</Type>
			<Dynamic>false</Dynamic>
			<FrozenPos>true</FrozenPos>
			<HashName>bkr_prop_meth_scoop_01a</HashName>
			<InitialHandle>4903</InitialHandle>
			<ObjectProperties>
				<TextureVariation>0</TextureVariation>
			</ObjectProperties>
			<OpacityLevel>255</OpacityLevel>
			<LodDistance>16960</LodDistance>
			<IsVisible>true</IsVisible>
			<MaxHealth>1000</MaxHealth>
			<Health>1000</Health>
			<HasGravity>true</HasGravity>
			<IsOnFire>false</IsOnFire>
			<IsInvincible>false</IsInvincible>
			<IsBulletProof>false</IsBulletProof>
			<IsCollisionProof>true</IsCollisionProof>
			<IsExplosionProof>false</IsExplosionProof>
			<IsFireProof>false</IsFireProof>
			<IsMeleeProof>false</IsMeleeProof>
			<IsOnlyDamagedByPlayer>false</IsOnlyDamagedByPlayer>
			<PositionRotation>
				<X>-561.575806</X>
				<Y>-1621.13379</Y>
				<Z>38.3799629</Z>
				<Pitch>-57.6373596</Pitch>
				<Roll>-17.6790867</Roll>
				<Yaw>42.5788193</Yaw>
			</PositionRotation>
			<Attachment isAttached="true">
				<AttachedTo>49671</AttachedTo>
				<BoneIndex>3</BoneIndex>
				<X>0.0399997197</X>
				<Y>0.109999999</Y>
				<Z>0</Z>
				<Pitch>-1.33514404e-05</Pitch>
				<Roll>89.9999847</Roll>
				<Yaw>-113.000008</Yaw>
			</Attachment>
		</Attachment>
		<Attachment>
			<ModelHash>0x8538a366</ModelHash>
			<Type>3</Type>
			<Dynamic>false</Dynamic>
			<FrozenPos>true</FrozenPos>
			<HashName>prop_power_cell</HashName>
			<InitialHandle>62765</InitialHandle>
			<ObjectProperties>
				<TextureVariation>0</TextureVariation>
			</ObjectProperties>
			<OpacityLevel>255</OpacityLevel>
			<LodDistance>16960</LodDistance>
			<IsVisible>true</IsVisible>
			<MaxHealth>1000</MaxHealth>
			<Health>1000</Health>
			<HasGravity>true</HasGravity>
			<IsOnFire>false</IsOnFire>
			<IsInvincible>false</IsInvincible>
			<IsBulletProof>false</IsBulletProof>
			<IsCollisionProof>true</IsCollisionProof>
			<IsExplosionProof>false</IsExplosionProof>
			<IsFireProof>false</IsFireProof>
			<IsMeleeProof>false</IsMeleeProof>
			<IsOnlyDamagedByPlayer>false</IsOnlyDamagedByPlayer>
			<PositionRotation>
				<X>-561.982483</X>
				<Y>-1621.05603</Y>
				<Z>39.3907661</Z>
				<Pitch>84.6564636</Pitch>
				<Roll>16.2387867</Roll>
				<Yaw>-142.082184</Yaw>
			</PositionRotation>
			<Attachment isAttached="true">
				<AttachedTo>49671</AttachedTo>
				<BoneIndex>37</BoneIndex>
				<X>0.309999973</X>
				<Y>-0.180000007</Y>
				<Z>0</Z>
				<Pitch>0</Pitch>
				<Roll>89.9999924</Roll>
				<Yaw>-79.9999924</Yaw>
			</Attachment>
		</Attachment>
		<Attachment>
			<ModelHash>0xb9d90d76</ModelHash>
			<Type>3</Type>
			<Dynamic>false</Dynamic>
			<FrozenPos>true</FrozenPos>
			<HashName>prop_time_capsule_01</HashName>
			<InitialHandle>108039</InitialHandle>
			<TaskSequence>
				<Task>
					<Type>39</Type>
					<Duration>1000</Duration>
					<KeepTaskRunningAfterTime>-2</KeepTaskRunningAfterTime>
					<IsLoopedTask>true</IsLoopedTask>
					<Delay>200</Delay>
					<AssetName>scr_agencyheist</AssetName>
					<EffectName>scr_fbi_dd_breach_smoke</EffectName>
					<Scale>0.0400002077</Scale>
					<Colour R="255" G="255" B="255" A="255" />
					<RelativePosition X="0" Y="0" Z="0.369999915" />
					<RelativeRotation X="-70.0000076" Y="0" Z="0" />
				</Task>
			</TaskSequence>
			<ObjectProperties>
				<TextureVariation>0</TextureVariation>
			</ObjectProperties>
			<OpacityLevel>255</OpacityLevel>
			<LodDistance>16960</LodDistance>
			<IsVisible>true</IsVisible>
			<MaxHealth>1000</MaxHealth>
			<Health>1000</Health>
			<HasGravity>true</HasGravity>
			<IsOnFire>false</IsOnFire>
			<IsInvincible>false</IsInvincible>
			<IsBulletProof>false</IsBulletProof>
			<IsCollisionProof>true</IsCollisionProof>
			<IsExplosionProof>false</IsExplosionProof>
			<IsFireProof>false</IsFireProof>
			<IsMeleeProof>false</IsMeleeProof>
			<IsOnlyDamagedByPlayer>false</IsOnlyDamagedByPlayer>
			<PositionRotation>
				<X>-561.93335</X>
				<Y>-1620.86926</Y>
				<Z>39.3895149</Z>
				<Pitch>-5.12975407</Pitch>
				<Roll>-178.501709</Roll>
				<Yaw>-125.776276</Yaw>
			</PositionRotation>
			<Attachment isAttached="true">
				<AttachedTo>49671</AttachedTo>
				<BoneIndex>37</BoneIndex>
				<X>0.31000042</X>
				<Y>-0.25000003</Y>
				<Z>0.180000007</Z>
				<Pitch>0</Pitch>
				<Roll>-89.9999924</Roll>
				<Yaw>9.99999905</Yaw>
			</Attachment>
		</Attachment>
		<Attachment>
			<ModelHash>0xb321dd82</ModelHash>
			<Type>3</Type>
			<Dynamic>false</Dynamic>
			<FrozenPos>true</FrozenPos>
			<HashName>prop_cs_leg_chain_01</HashName>
			<InitialHandle>86310</InitialHandle>
			<ObjectProperties>
				<TextureVariation>0</TextureVariation>
			</ObjectProperties>
			<OpacityLevel>255</OpacityLevel>
			<LodDistance>16960</LodDistance>
			<IsVisible>true</IsVisible>
			<MaxHealth>1000</MaxHealth>
			<Health>1000</Health>
			<HasGravity>true</HasGravity>
			<IsOnFire>false</IsOnFire>
			<IsInvincible>false</IsInvincible>
			<IsBulletProof>false</IsBulletProof>
			<IsCollisionProof>true</IsCollisionProof>
			<IsExplosionProof>false</IsExplosionProof>
			<IsFireProof>false</IsFireProof>
			<IsMeleeProof>false</IsMeleeProof>
			<IsOnlyDamagedByPlayer>false</IsOnlyDamagedByPlayer>
			<PositionRotation>
				<X>-561.900818</X>
				<Y>-1621.09949</Y>
				<Z>39.0017281</Z>
				<Pitch>-43.130764</Pitch>
				<Roll>-178.815262</Roll>
				<Yaw>52.1327591</Yaw>
			</PositionRotation>
			<Attachment isAttached="true">
				<AttachedTo>49671</AttachedTo>
				<BoneIndex>0</BoneIndex>
				<X>0</X>
				<Y>-0.119999953</Y>
				<Z>0.0999999866</Z>
				<Pitch>-140</Pitch>
				<Roll>0</Roll>
				<Yaw>0</Yaw>
			</Attachment>
		</Attachment>
		<Attachment>
			<ModelHash>0xb9d90d76</ModelHash>
			<Type>3</Type>
			<Dynamic>false</Dynamic>
			<FrozenPos>true</FrozenPos>
			<HashName>prop_time_capsule_01</HashName>
			<InitialHandle>153396</InitialHandle>
			<TaskSequence>
				<Task>
					<Type>39</Type>
					<Duration>1000</Duration>
					<KeepTaskRunningAfterTime>-2</KeepTaskRunningAfterTime>
					<IsLoopedTask>true</IsLoopedTask>
					<Delay>200</Delay>
					<AssetName>scr_agencyheist</AssetName>
					<EffectName>scr_fbi_dd_breach_smoke</EffectName>
					<Scale>0.0400002077</Scale>
					<Colour R="255" G="255" B="255" A="255" />
					<RelativePosition X="0" Y="0" Z="0.369999915" />
					<RelativeRotation X="-70.0000076" Y="0" Z="0" />
				</Task>
			</TaskSequence>
			<ObjectProperties>
				<TextureVariation>0</TextureVariation>
			</ObjectProperties>
			<OpacityLevel>255</OpacityLevel>
			<LodDistance>16960</LodDistance>
			<IsVisible>true</IsVisible>
			<MaxHealth>1000</MaxHealth>
			<Health>1000</Health>
			<HasGravity>true</HasGravity>
			<IsOnFire>false</IsOnFire>
			<IsInvincible>false</IsInvincible>
			<IsBulletProof>false</IsBulletProof>
			<IsCollisionProof>true</IsCollisionProof>
			<IsExplosionProof>false</IsExplosionProof>
			<IsFireProof>false</IsFireProof>
			<IsMeleeProof>false</IsMeleeProof>
			<IsOnlyDamagedByPlayer>false</IsOnlyDamagedByPlayer>
			<PositionRotation>
				<X>-562.144409</X>
				<Y>-1621.16064</Y>
				<Z>39.3801384</Z>
				<Pitch>-5.12975407</Pitch>
				<Roll>-178.501709</Roll>
				<Yaw>-125.776276</Yaw>
			</PositionRotation>
			<Attachment isAttached="true">
				<AttachedTo>49671</AttachedTo>
				<BoneIndex>37</BoneIndex>
				<X>0.31000042</X>
				<Y>-0.25000003</Y>
				<Z>-0.179999977</Z>
				<Pitch>0</Pitch>
				<Roll>-89.9999924</Roll>
				<Yaw>9.99999905</Yaw>
			</Attachment>
		</Attachment>
	</SpoonerAttachments>
</OutfitPedData>
