<?xml version="1.0"?>
<OutfitPedData>
	<ClearDecalOverlays>true</ClearDecalOverlays>
	<ModelHash>0x705e61f2</ModelHash>
	<Type>1</Type>
	<Dynamic>true</Dynamic>
	<FrozenPos>true</FrozenPos>
	<HashName>0x705e61f2</HashName>
	<InitialHandle>154634</InitialHandle>
	<PedProperties>
		<IsStill>false</IsStill>
		<CanRagdoll>false</CanRagdoll>
		<HasShortHeight>false</HasShortHeight>
		<Armour>50</Armour>
		<CurrentWeapon>0xa2719263</CurrentWeapon>
		<PedProps>
			<_0>-1,-1</_0>
			<_1>-1,-1</_1>
			<_2>-1,-1</_2>
			<_3>-1,-1</_3>
			<_4>-1,-1</_4>
			<_5>-1,-1</_5>
			<_6>-1,-1</_6>
			<_7>-1,-1</_7>
			<_8>-1,-1</_8>
			<_9>-1,-1</_9>
		</PedProps>
		<PedComps>
			<_0>0,0</_0>
			<_1>132,5</_1>
			<_2>56,0</_2>
			<_3>30,0</_3>
			<_4>79,11</_4>
			<_5>0,0</_5>
			<_6>7,16</_6>
			<_7>0,1</_7>
			<_8>-1,0</_8>
			<_9>0,0</_9>
			<_10>0,0</_10>
			<_11>59,4</_11>
		</PedComps>
		<HeadFeatures WasInArray="false">
			<ShapeAndSkinTone>
				<ShapeFatherId>25</ShapeFatherId>
				<ShapeMotherId>0</ShapeMotherId>
				<ShapeOverrideId>0</ShapeOverrideId>
				<ToneFatherId>25</ToneFatherId>
				<ToneMotherId>0</ToneMotherId>
				<ToneOverrideId>0</ToneOverrideId>
				<ShapeVal>0.300000012</ShapeVal>
				<ToneVal>0.444616467</ToneVal>
				<OverrideVal>0</OverrideVal>
				<IsP>1</IsP>
			</ShapeAndSkinTone>
		</HeadFeatures>
		<TattooLogoDecals />
		<RelationshipGroupAltered>false</RelationshipGroupAltered>
		<RelationshipGroup>0xcac86667</RelationshipGroup>
		<MovementGroupName>anim_group_move_ballistic</MovementGroupName>
		<WeaponMovementGroupName>MOVE_M@LEAF_BLOWER</WeaponMovementGroupName>
		<ScenarioActive>false</ScenarioActive>
		<AnimActive>false</AnimActive>
	</PedProperties>
	<OpacityLevel>255</OpacityLevel>
	<LodDistance>240</LodDistance>
	<IsVisible>true</IsVisible>
	<MaxHealth>238</MaxHealth>
	<Health>238</Health>
	<HasGravity>true</HasGravity>
	<IsOnFire>false</IsOnFire>
	<IsInvincible>true</IsInvincible>
	<IsBulletProof>true</IsBulletProof>
	<IsCollisionProof>false</IsCollisionProof>
	<IsExplosionProof>true</IsExplosionProof>
	<IsFireProof>true</IsFireProof>
	<IsMeleeProof>true</IsMeleeProof>
	<IsOnlyDamagedByPlayer>false</IsOnlyDamagedByPlayer>
	<PositionRotation>
		<X>-4871.02002</X>
		<Y>8351.60254</Y>
		<Z>759.13385</Z>
		<Pitch>0</Pitch>
		<Roll>-0</Roll>
		<Yaw>93.5534668</Yaw>
	</PositionRotation>
	<Attachment isAttached="false" />
	<SpoonerAttachments SetAttachmentsPersistentAndAddToSpoonerDatabase="true" StartTaskSequencesOnLoad="true">
		<Attachment>
			<ModelHash>0x4eb1e082</ModelHash>
			<Type>3</Type>
			<Dynamic>false</Dynamic>
			<FrozenPos>true</FrozenPos>
			<HashName>hei_prop_carrier_light_01</HashName>
			<InitialHandle>158991</InitialHandle>
			<ObjectProperties>
				<TextureVariation>0</TextureVariation>
			</ObjectProperties>
			<OpacityLevel>255</OpacityLevel>
			<LodDistance>16960</LodDistance>
			<IsVisible>true</IsVisible>
			<MaxHealth>1000</MaxHealth>
			<Health>1000</Health>
			<HasGravity>true</HasGravity>
			<IsOnFire>false</IsOnFire>
			<IsInvincible>true</IsInvincible>
			<IsBulletProof>false</IsBulletProof>
			<IsCollisionProof>true</IsCollisionProof>
			<IsExplosionProof>true</IsExplosionProof>
			<IsFireProof>false</IsFireProof>
			<IsMeleeProof>true</IsMeleeProof>
			<IsOnlyDamagedByPlayer>false</IsOnlyDamagedByPlayer>
			<PositionRotation>
				<X>-4870.99951</X>
				<Y>8351.49707</Y>
				<Z>759.312683</Z>
				<Pitch>-36.3133507</Pitch>
				<Roll>53.0735359</Roll>
				<Yaw>97.1291428</Yaw>
			</PositionRotation>
			<Attachment isAttached="true">
				<AttachedTo>154634</AttachedTo>
				<BoneIndex>38</BoneIndex>
				<X>-0.0999999791</X>
				<Y>-1.49011612e-08</Y>
				<Z>0.0999999717</Z>
				<Pitch>0</Pitch>
				<Roll>139.999985</Roll>
				<Yaw>39.9999962</Yaw>
			</Attachment>
		</Attachment>
		<Attachment>
			<ModelHash>0x4eb1e082</ModelHash>
			<Type>3</Type>
			<Dynamic>false</Dynamic>
			<FrozenPos>true</FrozenPos>
			<HashName>hei_prop_carrier_light_01</HashName>
			<InitialHandle>71186</InitialHandle>
			<ObjectProperties>
				<TextureVariation>0</TextureVariation>
			</ObjectProperties>
			<OpacityLevel>255</OpacityLevel>
			<LodDistance>16960</LodDistance>
			<IsVisible>true</IsVisible>
			<MaxHealth>1000</MaxHealth>
			<Health>1000</Health>
			<HasGravity>true</HasGravity>
			<IsOnFire>false</IsOnFire>
			<IsInvincible>true</IsInvincible>
			<IsBulletProof>false</IsBulletProof>
			<IsCollisionProof>true</IsCollisionProof>
			<IsExplosionProof>true</IsExplosionProof>
			<IsFireProof>false</IsFireProof>
			<IsMeleeProof>true</IsMeleeProof>
			<IsOnlyDamagedByPlayer>false</IsOnlyDamagedByPlayer>
			<PositionRotation>
				<X>-4871.01807</X>
				<Y>8351.69629</Y>
				<Z>759.304077</Z>
				<Pitch>-36.3133507</Pitch>
				<Roll>-46.9264297</Roll>
				<Yaw>97.1291428</Yaw>
			</PositionRotation>
			<Attachment isAttached="true">
				<AttachedTo>154634</AttachedTo>
				<BoneIndex>38</BoneIndex>
				<X>-0.0999999791</X>
				<Y>-1.49011612e-08</Y>
				<Z>-0.0999999866</Z>
				<Pitch>0</Pitch>
				<Roll>39.9999924</Roll>
				<Yaw>39.9999962</Yaw>
			</Attachment>
		</Attachment>
		<Attachment>
			<ModelHash>0xc89630b8</ModelHash>
			<Type>3</Type>
			<Dynamic>false</Dynamic>
			<FrozenPos>true</FrozenPos>
			<HashName>prop_minigun_01</HashName>
			<InitialHandle>80146</InitialHandle>
			<ObjectProperties>
				<TextureVariation>0</TextureVariation>
			</ObjectProperties>
			<OpacityLevel>255</OpacityLevel>
			<LodDistance>16960</LodDistance>
			<IsVisible>true</IsVisible>
			<MaxHealth>1000</MaxHealth>
			<Health>1000</Health>
			<HasGravity>true</HasGravity>
			<IsOnFire>false</IsOnFire>
			<IsInvincible>true</IsInvincible>
			<IsBulletProof>false</IsBulletProof>
			<IsCollisionProof>true</IsCollisionProof>
			<IsExplosionProof>true</IsExplosionProof>
			<IsFireProof>false</IsFireProof>
			<IsMeleeProof>true</IsMeleeProof>
			<IsOnlyDamagedByPlayer>false</IsOnlyDamagedByPlayer>
			<PositionRotation>
				<X>-4871.05811</X>
				<Y>8350.81934</Y>
				<Z>758.913269</Z>
				<Pitch>18.6116276</Pitch>
				<Roll>107.128494</Roll>
				<Yaw>70.1065826</Yaw>
			</PositionRotation>
			<Attachment isAttached="true">
				<AttachedTo>154634</AttachedTo>
				<BoneIndex>41</BoneIndex>
				<X>0.49999994</X>
				<Y>-0.199999958</Y>
				<Z>-0.399999946</Z>
				<Pitch>0</Pitch>
				<Roll>0</Roll>
				<Yaw>-5.7220459e-06</Yaw>
			</Attachment>
		</Attachment>
		<Attachment>
			<ModelHash>0xc89630b8</ModelHash>
			<Type>3</Type>
			<Dynamic>false</Dynamic>
			<FrozenPos>true</FrozenPos>
			<HashName>prop_minigun_01</HashName>
			<InitialHandle>157199</InitialHandle>
			<ObjectProperties>
				<TextureVariation>0</TextureVariation>
			</ObjectProperties>
			<OpacityLevel>255</OpacityLevel>
			<LodDistance>16960</LodDistance>
			<IsVisible>true</IsVisible>
			<MaxHealth>1000</MaxHealth>
			<Health>1000</Health>
			<HasGravity>true</HasGravity>
			<IsOnFire>false</IsOnFire>
			<IsInvincible>true</IsInvincible>
			<IsBulletProof>false</IsBulletProof>
			<IsCollisionProof>true</IsCollisionProof>
			<IsExplosionProof>true</IsExplosionProof>
			<IsFireProof>false</IsFireProof>
			<IsMeleeProof>true</IsMeleeProof>
			<IsOnlyDamagedByPlayer>false</IsOnlyDamagedByPlayer>
			<PositionRotation>
				<X>-4871.25244</X>
				<Y>8352.29688</Y>
				<Z>758.843872</Z>
				<Pitch>16.4834576</Pitch>
				<Roll>77.8037262</Roll>
				<Yaw>127.627899</Yaw>
			</PositionRotation>
			<Attachment isAttached="true">
				<AttachedTo>154634</AttachedTo>
				<BoneIndex>70</BoneIndex>
				<X>0.49999994</X>
				<Y>-0.199999958</Y>
				<Z>0.399999976</Z>
				<Pitch>0</Pitch>
				<Roll>0</Roll>
				<Yaw>-5.7220459e-06</Yaw>
			</Attachment>
		</Attachment>
		<Attachment>
			<ModelHash>0xb7dd5fd1</ModelHash>
			<Type>3</Type>
			<Dynamic>false</Dynamic>
			<FrozenPos>true</FrozenPos>
			<HashName>p_rcss_folded</HashName>
			<InitialHandle>55058</InitialHandle>
			<ObjectProperties>
				<TextureVariation>0</TextureVariation>
			</ObjectProperties>
			<OpacityLevel>255</OpacityLevel>
			<LodDistance>16960</LodDistance>
			<IsVisible>true</IsVisible>
			<MaxHealth>1000</MaxHealth>
			<Health>1000</Health>
			<HasGravity>true</HasGravity>
			<IsOnFire>false</IsOnFire>
			<IsInvincible>true</IsInvincible>
			<IsBulletProof>false</IsBulletProof>
			<IsCollisionProof>true</IsCollisionProof>
			<IsExplosionProof>true</IsExplosionProof>
			<IsFireProof>false</IsFireProof>
			<IsMeleeProof>true</IsMeleeProof>
			<IsOnlyDamagedByPlayer>false</IsOnlyDamagedByPlayer>
			<PositionRotation>
				<X>-4871.02051</X>
				<Y>8351.58691</Y>
				<Z>759.108948</Z>
				<Pitch>63.5394859</Pitch>
				<Roll>5.5643158</Roll>
				<Yaw>90.3233032</Yaw>
			</PositionRotation>
			<Attachment isAttached="true">
				<AttachedTo>154634</AttachedTo>
				<BoneIndex>38</BoneIndex>
				<X>-0.299999952</X>
				<Y>-1.49011612e-08</Y>
				<Z>0</Z>
				<Pitch>0</Pitch>
				<Roll>89.9999924</Roll>
				<Yaw>-60</Yaw>
			</Attachment>
		</Attachment>
		<Attachment>
			<ModelHash>0x9b44f767</ModelHash>
			<Type>3</Type>
			<Dynamic>false</Dynamic>
			<FrozenPos>true</FrozenPos>
			<HashName>prop_film_cam_01</HashName>
			<InitialHandle>115472</InitialHandle>
			<ObjectProperties>
				<TextureVariation>0</TextureVariation>
			</ObjectProperties>
			<OpacityLevel>255</OpacityLevel>
			<LodDistance>16960</LodDistance>
			<IsVisible>true</IsVisible>
			<MaxHealth>1000</MaxHealth>
			<Health>1000</Health>
			<HasGravity>true</HasGravity>
			<IsOnFire>false</IsOnFire>
			<IsInvincible>true</IsInvincible>
			<IsBulletProof>false</IsBulletProof>
			<IsCollisionProof>true</IsCollisionProof>
			<IsExplosionProof>true</IsExplosionProof>
			<IsFireProof>false</IsFireProof>
			<IsMeleeProof>true</IsMeleeProof>
			<IsOnlyDamagedByPlayer>false</IsOnlyDamagedByPlayer>
			<PositionRotation>
				<X>-4870.70654</X>
				<Y>8351.35352</Y>
				<Z>758.697815</Z>
				<Pitch>-8.91230011</Pitch>
				<Roll>113.776619</Roll>
				<Yaw>20.5735302</Yaw>
			</PositionRotation>
			<Attachment isAttached="true">
				<AttachedTo>154634</AttachedTo>
				<BoneIndex>3</BoneIndex>
				<X>-1.49011612e-08</X>
				<Y>-0.299999565</Y>
				<Z>-0.200000197</Z>
				<Pitch>90.0000305</Pitch>
				<Roll>0</Roll>
				<Yaw>30</Yaw>
			</Attachment>
		</Attachment>
		<Attachment>
			<ModelHash>0x11c960e0</ModelHash>
			<Type>3</Type>
			<Dynamic>false</Dynamic>
			<FrozenPos>true</FrozenPos>
			<HashName>imp_prop_impexp_gearbox_01</HashName>
			<InitialHandle>80658</InitialHandle>
			<ObjectProperties>
				<TextureVariation>0</TextureVariation>
			</ObjectProperties>
			<OpacityLevel>255</OpacityLevel>
			<LodDistance>16960</LodDistance>
			<IsVisible>true</IsVisible>
			<MaxHealth>1000</MaxHealth>
			<Health>1000</Health>
			<HasGravity>true</HasGravity>
			<IsOnFire>false</IsOnFire>
			<IsInvincible>true</IsInvincible>
			<IsBulletProof>false</IsBulletProof>
			<IsCollisionProof>true</IsCollisionProof>
			<IsExplosionProof>true</IsExplosionProof>
			<IsFireProof>false</IsFireProof>
			<IsMeleeProof>true</IsMeleeProof>
			<IsOnlyDamagedByPlayer>false</IsOnlyDamagedByPlayer>
			<PositionRotation>
				<X>-4871.02686</X>
				<Y>8351.58203</Y>
				<Z>759.009277</Z>
				<Pitch>-26.3262043</Pitch>
				<Roll>2.76298141</Roll>
				<Yaw>96.5339355</Yaw>
			</PositionRotation>
			<Attachment isAttached="true">
				<AttachedTo>154634</AttachedTo>
				<BoneIndex>38</BoneIndex>
				<X>-0.399999946</X>
				<Y>0</Y>
				<Z>0</Z>
				<Pitch>0</Pitch>
				<Roll>89.9999924</Roll>
				<Yaw>29.9999809</Yaw>
			</Attachment>
		</Attachment>
		<Attachment>
			<ModelHash>0x4c185bea</ModelHash>
			<Type>3</Type>
			<Dynamic>false</Dynamic>
			<FrozenPos>true</FrozenPos>
			<HashName>imp_prop_impexp_engine_part_01a</HashName>
			<InitialHandle>32782</InitialHandle>
			<ObjectProperties>
				<TextureVariation>0</TextureVariation>
			</ObjectProperties>
			<OpacityLevel>255</OpacityLevel>
			<LodDistance>16960</LodDistance>
			<IsVisible>true</IsVisible>
			<MaxHealth>1000</MaxHealth>
			<Health>1000</Health>
			<HasGravity>true</HasGravity>
			<IsOnFire>false</IsOnFire>
			<IsInvincible>true</IsInvincible>
			<IsBulletProof>false</IsBulletProof>
			<IsCollisionProof>true</IsCollisionProof>
			<IsExplosionProof>true</IsExplosionProof>
			<IsFireProof>false</IsFireProof>
			<IsMeleeProof>true</IsMeleeProof>
			<IsOnlyDamagedByPlayer>false</IsOnlyDamagedByPlayer>
			<PositionRotation>
				<X>-4870.85742</X>
				<Y>8351.1084</Y>
				<Z>758.038879</Z>
				<Pitch>0.0181557089</Pitch>
				<Roll>-8.08260727</Roll>
				<Yaw>13.7205029</Yaw>
			</PositionRotation>
			<Attachment isAttached="true">
				<AttachedTo>154634</AttachedTo>
				<BoneIndex>4</BoneIndex>
				<X>1.49011612e-08</X>
				<Y>-0.199999869</Y>
				<Z>-0.299999952</Z>
				<Pitch>90</Pitch>
				<Roll>-169.999985</Roll>
				<Yaw>0</Yaw>
			</Attachment>
		</Attachment>
		<Attachment>
			<ModelHash>0x4c185bea</ModelHash>
			<Type>3</Type>
			<Dynamic>false</Dynamic>
			<FrozenPos>true</FrozenPos>
			<HashName>imp_prop_impexp_engine_part_01a</HashName>
			<InitialHandle>16402</InitialHandle>
			<ObjectProperties>
				<TextureVariation>0</TextureVariation>
			</ObjectProperties>
			<OpacityLevel>255</OpacityLevel>
			<LodDistance>16960</LodDistance>
			<IsVisible>true</IsVisible>
			<MaxHealth>1000</MaxHealth>
			<Health>1000</Health>
			<HasGravity>true</HasGravity>
			<IsOnFire>false</IsOnFire>
			<IsInvincible>true</IsInvincible>
			<IsBulletProof>false</IsBulletProof>
			<IsCollisionProof>true</IsCollisionProof>
			<IsExplosionProof>true</IsExplosionProof>
			<IsFireProof>false</IsFireProof>
			<IsMeleeProof>true</IsMeleeProof>
			<IsOnlyDamagedByPlayer>false</IsOnlyDamagedByPlayer>
			<PositionRotation>
				<X>-4870.74756</X>
				<Y>8351.95898</Y>
				<Z>758.034973</Z>
				<Pitch>0.0139152287</Pitch>
				<Roll>7.83141422</Roll>
				<Yaw>157.806747</Yaw>
			</PositionRotation>
			<Attachment isAttached="true">
				<AttachedTo>154634</AttachedTo>
				<BoneIndex>16</BoneIndex>
				<X>1.49011612e-08</X>
				<Y>-0.199999869</Y>
				<Z>0.299999982</Z>
				<Pitch>-89.9999924</Pitch>
				<Roll>-9.99999714</Roll>
				<Yaw>-1.33514404e-05</Yaw>
			</Attachment>
		</Attachment>
		<Attachment>
			<ModelHash>0x0dd75614</ModelHash>
			<Type>3</Type>
			<Dynamic>false</Dynamic>
			<FrozenPos>true</FrozenPos>
			<HashName>prop_car_engine_01</HashName>
			<InitialHandle>139024</InitialHandle>
			<ObjectProperties>
				<TextureVariation>0</TextureVariation>
			</ObjectProperties>
			<OpacityLevel>255</OpacityLevel>
			<LodDistance>16960</LodDistance>
			<IsVisible>true</IsVisible>
			<MaxHealth>1000</MaxHealth>
			<Health>1000</Health>
			<HasGravity>true</HasGravity>
			<IsOnFire>false</IsOnFire>
			<IsInvincible>true</IsInvincible>
			<IsBulletProof>false</IsBulletProof>
			<IsCollisionProof>true</IsCollisionProof>
			<IsExplosionProof>true</IsExplosionProof>
			<IsFireProof>false</IsFireProof>
			<IsMeleeProof>true</IsMeleeProof>
			<IsOnlyDamagedByPlayer>false</IsOnlyDamagedByPlayer>
			<PositionRotation>
				<X>-4870.40039</X>
				<Y>8351.66016</Y>
				<Z>759.469666</Z>
				<Pitch>85.5925522</Pitch>
				<Roll>-34.208416</Roll>
				<Yaw>-50.5625992</Yaw>
			</PositionRotation>
			<Attachment isAttached="true">
				<AttachedTo>154634</AttachedTo>
				<BoneIndex>38</BoneIndex>
				<X>0.0999999866</X>
				<Y>-0.599999905</Y>
				<Z>-1.49011612e-08</Z>
				<Pitch>-5.7220459e-06</Pitch>
				<Roll>-90.0000076</Roll>
				<Yaw>-89.9999847</Yaw>
			</Attachment>
		</Attachment>
		<Attachment>
			<ModelHash>0x3086f33b</ModelHash>
			<Type>3</Type>
			<Dynamic>false</Dynamic>
			<FrozenPos>true</FrozenPos>
			<HashName>prop_tornado_wheel</HashName>
			<InitialHandle>2062</InitialHandle>
			<ObjectProperties>
				<TextureVariation>0</TextureVariation>
			</ObjectProperties>
			<OpacityLevel>255</OpacityLevel>
			<LodDistance>16960</LodDistance>
			<IsVisible>true</IsVisible>
			<MaxHealth>1000</MaxHealth>
			<Health>1000</Health>
			<HasGravity>true</HasGravity>
			<IsOnFire>false</IsOnFire>
			<IsInvincible>true</IsInvincible>
			<IsBulletProof>false</IsBulletProof>
			<IsCollisionProof>true</IsCollisionProof>
			<IsExplosionProof>true</IsExplosionProof>
			<IsFireProof>false</IsFireProof>
			<IsMeleeProof>true</IsMeleeProof>
			<IsOnlyDamagedByPlayer>false</IsOnlyDamagedByPlayer>
			<PositionRotation>
				<X>-4870.79932</X>
				<Y>8350.78027</Y>
				<Z>759.362122</Z>
				<Pitch>24.5791664</Pitch>
				<Roll>-174.817505</Roll>
				<Yaw>101.804062</Yaw>
			</PositionRotation>
			<Attachment isAttached="true">
				<AttachedTo>154634</AttachedTo>
				<BoneIndex>41</BoneIndex>
				<X>0</X>
				<Y>-0.299999952</Y>
				<Z>-0.49999994</Z>
				<Pitch>-29.9999962</Pitch>
				<Roll>89.9999924</Roll>
				<Yaw>-1.90734863e-06</Yaw>
			</Attachment>
		</Attachment>
		<Attachment>
			<ModelHash>0x3086f33b</ModelHash>
			<Type>3</Type>
			<Dynamic>false</Dynamic>
			<FrozenPos>true</FrozenPos>
			<HashName>prop_tornado_wheel</HashName>
			<InitialHandle>35346</InitialHandle>
			<ObjectProperties>
				<TextureVariation>0</TextureVariation>
			</ObjectProperties>
			<OpacityLevel>255</OpacityLevel>
			<LodDistance>16960</LodDistance>
			<IsVisible>true</IsVisible>
			<MaxHealth>1000</MaxHealth>
			<Health>1000</Health>
			<HasGravity>true</HasGravity>
			<IsOnFire>false</IsOnFire>
			<IsInvincible>true</IsInvincible>
			<IsBulletProof>false</IsBulletProof>
			<IsCollisionProof>true</IsCollisionProof>
			<IsExplosionProof>true</IsExplosionProof>
			<IsFireProof>false</IsFireProof>
			<IsMeleeProof>true</IsMeleeProof>
			<IsOnlyDamagedByPlayer>false</IsOnlyDamagedByPlayer>
			<PositionRotation>
				<X>-4871.05713</X>
				<Y>8352.4375</Y>
				<Z>759.304382</Z>
				<Pitch>20.3048038</Pitch>
				<Roll>177.948746</Roll>
				<Yaw>96.2221069</Yaw>
			</PositionRotation>
			<Attachment isAttached="true">
				<AttachedTo>154634</AttachedTo>
				<BoneIndex>70</BoneIndex>
				<X>0</X>
				<Y>-0.299999952</Y>
				<Z>0.49999994</Z>
				<Pitch>30</Pitch>
				<Roll>89.9999924</Roll>
				<Yaw>-1.90734863e-06</Yaw>
			</Attachment>
		</Attachment>
		<Attachment>
			<ModelHash>0xb9d90d76</ModelHash>
			<Type>3</Type>
			<Dynamic>false</Dynamic>
			<FrozenPos>true</FrozenPos>
			<HashName>prop_time_capsule_01</HashName>
			<InitialHandle>85010</InitialHandle>
			<ObjectProperties>
				<TextureVariation>0</TextureVariation>
			</ObjectProperties>
			<OpacityLevel>255</OpacityLevel>
			<LodDistance>16960</LodDistance>
			<IsVisible>true</IsVisible>
			<MaxHealth>1000</MaxHealth>
			<Health>1000</Health>
			<HasGravity>true</HasGravity>
			<IsOnFire>false</IsOnFire>
			<IsInvincible>true</IsInvincible>
			<IsBulletProof>false</IsBulletProof>
			<IsCollisionProof>true</IsCollisionProof>
			<IsExplosionProof>true</IsExplosionProof>
			<IsFireProof>false</IsFireProof>
			<IsMeleeProof>true</IsMeleeProof>
			<IsOnlyDamagedByPlayer>false</IsOnlyDamagedByPlayer>
			<PositionRotation>
				<X>-4871.01416</X>
				<Y>8351.31348</Y>
				<Z>759.164307</Z>
				<Pitch>18.6116352</Pitch>
				<Roll>17.1285038</Roll>
				<Yaw>70.1065903</Yaw>
			</PositionRotation>
			<Attachment isAttached="true">
				<AttachedTo>154634</AttachedTo>
				<BoneIndex>41</BoneIndex>
				<X>0.169999957</X>
				<Y>0</Y>
				<Z>0</Z>
				<Pitch>0</Pitch>
				<Roll>-89.9999924</Roll>
				<Yaw>0</Yaw>
			</Attachment>
		</Attachment>
		<Attachment>
			<ModelHash>0xb9d90d76</ModelHash>
			<Type>3</Type>
			<Dynamic>false</Dynamic>
			<FrozenPos>true</FrozenPos>
			<HashName>prop_time_capsule_01</HashName>
			<InitialHandle>52241</InitialHandle>
			<ObjectProperties>
				<TextureVariation>0</TextureVariation>
			</ObjectProperties>
			<OpacityLevel>255</OpacityLevel>
			<LodDistance>16960</LodDistance>
			<IsVisible>true</IsVisible>
			<MaxHealth>1000</MaxHealth>
			<Health>1000</Health>
			<HasGravity>true</HasGravity>
			<IsOnFire>false</IsOnFire>
			<IsInvincible>true</IsInvincible>
			<IsBulletProof>false</IsBulletProof>
			<IsCollisionProof>true</IsCollisionProof>
			<IsExplosionProof>true</IsExplosionProof>
			<IsFireProof>false</IsFireProof>
			<IsMeleeProof>true</IsMeleeProof>
			<IsOnlyDamagedByPlayer>false</IsOnlyDamagedByPlayer>
			<PositionRotation>
				<X>-4871.06934</X>
				<Y>8351.85645</Y>
				<Z>759.128845</Z>
				<Pitch>16.4834766</Pitch>
				<Roll>-12.1962519</Roll>
				<Yaw>127.627869</Yaw>
			</PositionRotation>
			<Attachment isAttached="true">
				<AttachedTo>154634</AttachedTo>
				<BoneIndex>70</BoneIndex>
				<X>0.169999927</X>
				<Y>0</Y>
				<Z>0</Z>
				<Pitch>0</Pitch>
				<Roll>-89.9999924</Roll>
				<Yaw>0</Yaw>
			</Attachment>
		</Attachment>
		<Attachment>
			<ModelHash>0xc6fed6dc</ModelHash>
			<Type>3</Type>
			<Dynamic>false</Dynamic>
			<FrozenPos>true</FrozenPos>
			<HashName>prop_artifact_01</HashName>
			<InitialHandle>114447</InitialHandle>
			<ObjectProperties>
				<TextureVariation>0</TextureVariation>
			</ObjectProperties>
			<OpacityLevel>255</OpacityLevel>
			<LodDistance>16960</LodDistance>
			<IsVisible>true</IsVisible>
			<MaxHealth>1000</MaxHealth>
			<Health>1000</Health>
			<HasGravity>true</HasGravity>
			<IsOnFire>false</IsOnFire>
			<IsInvincible>true</IsInvincible>
			<IsBulletProof>false</IsBulletProof>
			<IsCollisionProof>true</IsCollisionProof>
			<IsExplosionProof>true</IsExplosionProof>
			<IsFireProof>false</IsFireProof>
			<IsMeleeProof>true</IsMeleeProof>
			<IsOnlyDamagedByPlayer>false</IsOnlyDamagedByPlayer>
			<PositionRotation>
				<X>-4871.00293</X>
				<Y>8351.60156</Y>
				<Z>759.408081</Z>
				<Pitch>3.64386606</Pitch>
				<Roll>2.48124385</Roll>
				<Yaw>95.1500397</Yaw>
			</PositionRotation>
			<Attachment isAttached="true">
				<AttachedTo>154634</AttachedTo>
				<BoneIndex>38</BoneIndex>
				<X>1.49011612e-08</X>
				<Y>0</Y>
				<Z>0</Z>
				<Pitch>0</Pitch>
				<Roll>89.9999924</Roll>
				<Yaw>0</Yaw>
			</Attachment>
		</Attachment>
		<Attachment>
			<ModelHash>0x32126f12</ModelHash>
			<Type>3</Type>
			<Dynamic>false</Dynamic>
			<FrozenPos>true</FrozenPos>
			<HashName>v_club_roc_spot_r</HashName>
			<InitialHandle>86544</InitialHandle>
			<ObjectProperties>
				<TextureVariation>0</TextureVariation>
			</ObjectProperties>
			<OpacityLevel>255</OpacityLevel>
			<LodDistance>16960</LodDistance>
			<IsVisible>true</IsVisible>
			<MaxHealth>1000</MaxHealth>
			<Health>1000</Health>
			<HasGravity>true</HasGravity>
			<IsOnFire>false</IsOnFire>
			<IsInvincible>true</IsInvincible>
			<IsBulletProof>false</IsBulletProof>
			<IsCollisionProof>true</IsCollisionProof>
			<IsExplosionProof>true</IsExplosionProof>
			<IsFireProof>false</IsFireProof>
			<IsMeleeProof>true</IsMeleeProof>
			<IsOnlyDamagedByPlayer>false</IsOnlyDamagedByPlayer>
			<PositionRotation>
				<X>-4870.92676</X>
				<Y>8351.62695</Y>
				<Z>759.659241</Z>
				<Pitch>27.2696609</Pitch>
				<Roll>179.843369</Roll>
				<Yaw>-81.2179031</Yaw>
			</PositionRotation>
			<Attachment isAttached="true">
				<AttachedTo>154634</AttachedTo>
				<BoneIndex>98</BoneIndex>
				<X>-0.0999999121</X>
				<Y>-0.100000195</Y>
				<Z>0</Z>
				<Pitch>179.999985</Pitch>
				<Roll>-89.9999924</Roll>
				<Yaw>29.9999847</Yaw>
			</Attachment>
		</Attachment>
		<Attachment>
			<ModelHash>0xefdc670a</ModelHash>
			<Type>3</Type>
			<Dynamic>false</Dynamic>
			<FrozenPos>true</FrozenPos>
			<HashName>imp_prop_impexp_spoiler_04a</HashName>
			<InitialHandle>57104</InitialHandle>
			<ObjectProperties>
				<TextureVariation>4</TextureVariation>
			</ObjectProperties>
			<OpacityLevel>255</OpacityLevel>
			<LodDistance>16960</LodDistance>
			<IsVisible>true</IsVisible>
			<MaxHealth>1000</MaxHealth>
			<Health>1000</Health>
			<HasGravity>true</HasGravity>
			<IsOnFire>false</IsOnFire>
			<IsInvincible>true</IsInvincible>
			<IsBulletProof>false</IsBulletProof>
			<IsCollisionProof>true</IsCollisionProof>
			<IsExplosionProof>true</IsExplosionProof>
			<IsFireProof>false</IsFireProof>
			<IsMeleeProof>true</IsMeleeProof>
			<IsOnlyDamagedByPlayer>false</IsOnlyDamagedByPlayer>
			<PositionRotation>
				<X>-4871.02783</X>
				<Y>8350.89453</Y>
				<Z>759.548401</Z>
				<Pitch>-19.734911</Pitch>
				<Roll>97.249321</Roll>
				<Yaw>81.7092667</Yaw>
			</PositionRotation>
			<Attachment isAttached="true">
				<AttachedTo>154634</AttachedTo>
				<BoneIndex>41</BoneIndex>
				<X>-0.0999999717</X>
				<Y>0</Y>
				<Z>-0.499999911</Z>
				<Pitch>5.7220459e-06</Pitch>
				<Roll>-9.99999714</Roll>
				<Yaw>-39.9999924</Yaw>
			</Attachment>
		</Attachment>
		<Attachment>
			<ModelHash>0xefdc670a</ModelHash>
			<Type>3</Type>
			<Dynamic>false</Dynamic>
			<FrozenPos>true</FrozenPos>
			<HashName>imp_prop_impexp_spoiler_04a</HashName>
			<InitialHandle>163087</InitialHandle>
			<ObjectProperties>
				<TextureVariation>3</TextureVariation>
			</ObjectProperties>
			<OpacityLevel>255</OpacityLevel>
			<LodDistance>16960</LodDistance>
			<IsVisible>true</IsVisible>
			<MaxHealth>1000</MaxHealth>
			<Health>1000</Health>
			<HasGravity>true</HasGravity>
			<IsOnFire>false</IsOnFire>
			<IsInvincible>true</IsInvincible>
			<IsBulletProof>false</IsBulletProof>
			<IsCollisionProof>true</IsCollisionProof>
			<IsExplosionProof>true</IsExplosionProof>
			<IsFireProof>false</IsFireProof>
			<IsMeleeProof>true</IsMeleeProof>
			<IsOnlyDamagedByPlayer>false</IsOnlyDamagedByPlayer>
			<PositionRotation>
				<X>-4871.25</X>
				<Y>8352.26172</Y>
				<Z>759.483215</Z>
				<Pitch>-22.6500626</Pitch>
				<Roll>-92.6801605</Roll>
				<Yaw>119.166397</Yaw>
			</PositionRotation>
			<Attachment isAttached="true">
				<AttachedTo>154634</AttachedTo>
				<BoneIndex>70</BoneIndex>
				<X>-0.0999999866</X>
				<Y>0</Y>
				<Z>0.5</Z>
				<Pitch>-180</Pitch>
				<Roll>10.000001</Roll>
				<Yaw>140</Yaw>
			</Attachment>
		</Attachment>
		<Attachment>
			<ModelHash>0x9a7dc49f</ModelHash>
			<Type>3</Type>
			<Dynamic>false</Dynamic>
			<FrozenPos>true</FrozenPos>
			<HashName>prop_byard_motor_01</HashName>
			<InitialHandle>63504</InitialHandle>
			<ObjectProperties>
				<TextureVariation>0</TextureVariation>
			</ObjectProperties>
			<OpacityLevel>255</OpacityLevel>
			<LodDistance>16960</LodDistance>
			<IsVisible>true</IsVisible>
			<MaxHealth>1000</MaxHealth>
			<Health>1000</Health>
			<HasGravity>true</HasGravity>
			<IsOnFire>false</IsOnFire>
			<IsInvincible>true</IsInvincible>
			<IsBulletProof>false</IsBulletProof>
			<IsCollisionProof>true</IsCollisionProof>
			<IsExplosionProof>true</IsExplosionProof>
			<IsFireProof>false</IsFireProof>
			<IsMeleeProof>true</IsMeleeProof>
			<IsOnlyDamagedByPlayer>false</IsOnlyDamagedByPlayer>
			<PositionRotation>
				<X>-4870.49268</X>
				<Y>8351.4668</Y>
				<Z>758.896729</Z>
				<Pitch>-60.7156258</Pitch>
				<Roll>18.4646568</Roll>
				<Yaw>126.810791</Yaw>
			</PositionRotation>
			<Attachment isAttached="true">
				<AttachedTo>154634</AttachedTo>
				<BoneIndex>2</BoneIndex>
				<X>0.0999999642</X>
				<Y>-0.499999911</Y>
				<Z>-0.199999973</Z>
				<Pitch>0</Pitch>
				<Roll>-89.9999924</Roll>
				<Yaw>-69.9999924</Yaw>
			</Attachment>
		</Attachment>
		<Attachment>
			<ModelHash>0x9a7dc49f</ModelHash>
			<Type>3</Type>
			<Dynamic>false</Dynamic>
			<FrozenPos>true</FrozenPos>
			<HashName>prop_byard_motor_01</HashName>
			<InitialHandle>99600</InitialHandle>
			<ObjectProperties>
				<TextureVariation>0</TextureVariation>
			</ObjectProperties>
			<OpacityLevel>255</OpacityLevel>
			<LodDistance>16960</LodDistance>
			<IsVisible>true</IsVisible>
			<MaxHealth>1000</MaxHealth>
			<Health>1000</Health>
			<HasGravity>true</HasGravity>
			<IsOnFire>false</IsOnFire>
			<IsInvincible>true</IsInvincible>
			<IsBulletProof>false</IsBulletProof>
			<IsCollisionProof>true</IsCollisionProof>
			<IsExplosionProof>true</IsExplosionProof>
			<IsFireProof>false</IsFireProof>
			<IsMeleeProof>true</IsMeleeProof>
			<IsOnlyDamagedByPlayer>false</IsOnlyDamagedByPlayer>
			<PositionRotation>
				<X>-4870.4873</X>
				<Y>8351.7627</Y>
				<Z>758.959778</Z>
				<Pitch>-71.8233566</Pitch>
				<Roll>-7.60648155</Roll>
				<Yaw>67.5397034</Yaw>
			</PositionRotation>
			<Attachment isAttached="true">
				<AttachedTo>154634</AttachedTo>
				<BoneIndex>14</BoneIndex>
				<X>0.0999999419</X>
				<Y>-0.49999997</Y>
				<Z>0.199999973</Z>
				<Pitch>0</Pitch>
				<Roll>-89.9999924</Roll>
				<Yaw>-69.9999924</Yaw>
			</Attachment>
		</Attachment>
		<Attachment>
			<ModelHash>0x9b44f767</ModelHash>
			<Type>3</Type>
			<Dynamic>false</Dynamic>
			<FrozenPos>true</FrozenPos>
			<HashName>prop_film_cam_01</HashName>
			<InitialHandle>25361</InitialHandle>
			<ObjectProperties>
				<TextureVariation>0</TextureVariation>
			</ObjectProperties>
			<OpacityLevel>255</OpacityLevel>
			<LodDistance>16960</LodDistance>
			<IsVisible>true</IsVisible>
			<MaxHealth>1000</MaxHealth>
			<Health>1000</Health>
			<HasGravity>true</HasGravity>
			<IsOnFire>false</IsOnFire>
			<IsInvincible>true</IsInvincible>
			<IsBulletProof>false</IsBulletProof>
			<IsCollisionProof>true</IsCollisionProof>
			<IsExplosionProof>true</IsExplosionProof>
			<IsFireProof>false</IsFireProof>
			<IsMeleeProof>true</IsMeleeProof>
			<IsOnlyDamagedByPlayer>false</IsOnlyDamagedByPlayer>
			<PositionRotation>
				<X>-4870.67383</X>
				<Y>8351.8252</Y>
				<Z>758.701538</Z>
				<Pitch>2.36822271</Pitch>
				<Roll>107.480324</Roll>
				<Yaw>-15.2426367</Yaw>
			</PositionRotation>
			<Attachment isAttached="true">
				<AttachedTo>154634</AttachedTo>
				<BoneIndex>15</BoneIndex>
				<X>-1.49011612e-08</X>
				<Y>-0.299999565</Y>
				<Z>0.19999975</Z>
				<Pitch>90.0000305</Pitch>
				<Roll>0</Roll>
				<Yaw>30</Yaw>
			</Attachment>
		</Attachment>
		<Attachment>
			<ModelHash>0x5376930c</ModelHash>
			<Type>3</Type>
			<Dynamic>false</Dynamic>
			<FrozenPos>true</FrozenPos>
			<HashName>prop_spot_01</HashName>
			<InitialHandle>169231</InitialHandle>
			<ObjectProperties>
				<TextureVariation>0</TextureVariation>
			</ObjectProperties>
			<OpacityLevel>255</OpacityLevel>
			<LodDistance>16960</LodDistance>
			<IsVisible>true</IsVisible>
			<MaxHealth>1000</MaxHealth>
			<Health>1000</Health>
			<HasGravity>true</HasGravity>
			<IsOnFire>false</IsOnFire>
			<IsInvincible>true</IsInvincible>
			<IsBulletProof>false</IsBulletProof>
			<IsCollisionProof>true</IsCollisionProof>
			<IsExplosionProof>true</IsExplosionProof>
			<IsFireProof>false</IsFireProof>
			<IsMeleeProof>true</IsMeleeProof>
			<IsOnlyDamagedByPlayer>false</IsOnlyDamagedByPlayer>
			<PositionRotation>
				<X>-4871.17188</X>
				<Y>8351.58594</Y>
				<Z>759.418884</Z>
				<Pitch>-3.64386559</Pitch>
				<Roll>-92.4812546</Roll>
				<Yaw>-84.8499756</Yaw>
			</PositionRotation>
			<Attachment isAttached="true">
				<AttachedTo>154634</AttachedTo>
				<BoneIndex>38</BoneIndex>
				<X>-4.47034836e-08</X>
				<Y>0.169999942</Y>
				<Z>1.49011612e-08</Z>
				<Pitch>179.999985</Pitch>
				<Roll>0</Roll>
				<Yaw>0</Yaw>
			</Attachment>
		</Attachment>
		<Attachment>
			<ModelHash>0xa8476032</ModelHash>
			<Type>3</Type>
			<Dynamic>false</Dynamic>
			<FrozenPos>true</FrozenPos>
			<HashName>prop_byard_motor_02</HashName>
			<InitialHandle>58385</InitialHandle>
			<ObjectProperties>
				<TextureVariation>0</TextureVariation>
			</ObjectProperties>
			<OpacityLevel>255</OpacityLevel>
			<LodDistance>16960</LodDistance>
			<IsVisible>true</IsVisible>
			<MaxHealth>1000</MaxHealth>
			<Health>1000</Health>
			<HasGravity>true</HasGravity>
			<IsOnFire>false</IsOnFire>
			<IsInvincible>true</IsInvincible>
			<IsBulletProof>false</IsBulletProof>
			<IsCollisionProof>true</IsCollisionProof>
			<IsExplosionProof>true</IsExplosionProof>
			<IsFireProof>false</IsFireProof>
			<IsMeleeProof>true</IsMeleeProof>
			<IsOnlyDamagedByPlayer>false</IsOnlyDamagedByPlayer>
			<PositionRotation>
				<X>-4871.10156</X>
				<Y>8352.17871</Y>
				<Z>759.230042</Z>
				<Pitch>-11.6876287</Pitch>
				<Roll>2.44477677</Roll>
				<Yaw>-145.881439</Yaw>
			</PositionRotation>
			<Attachment isAttached="true">
				<AttachedTo>154634</AttachedTo>
				<BoneIndex>69</BoneIndex>
				<X>0.399999946</X>
				<Y>-0.0999999866</Y>
				<Z>0.299999923</Z>
				<Pitch>-90.0000153</Pitch>
				<Roll>5.7220459e-06</Roll>
				<Yaw>89.9999924</Yaw>
			</Attachment>
		</Attachment>
		<Attachment>
			<ModelHash>0xa8476032</ModelHash>
			<Type>3</Type>
			<Dynamic>false</Dynamic>
			<FrozenPos>true</FrozenPos>
			<HashName>prop_byard_motor_02</HashName>
			<InitialHandle>73490</InitialHandle>
			<ObjectProperties>
				<TextureVariation>0</TextureVariation>
			</ObjectProperties>
			<OpacityLevel>255</OpacityLevel>
			<LodDistance>16960</LodDistance>
			<IsVisible>true</IsVisible>
			<MaxHealth>1000</MaxHealth>
			<Health>1000</Health>
			<HasGravity>true</HasGravity>
			<IsOnFire>false</IsOnFire>
			<IsInvincible>true</IsInvincible>
			<IsBulletProof>false</IsBulletProof>
			<IsCollisionProof>true</IsCollisionProof>
			<IsExplosionProof>true</IsExplosionProof>
			<IsFireProof>false</IsFireProof>
			<IsMeleeProof>true</IsMeleeProof>
			<IsOnlyDamagedByPlayer>false</IsOnlyDamagedByPlayer>
			<PositionRotation>
				<X>-4870.92383</X>
				<Y>8351.00391</Y>
				<Z>759.286926</Z>
				<Pitch>-16.2070656</Pitch>
				<Roll>-3.32210803</Roll>
				<Yaw>-14.2758112</Yaw>
			</PositionRotation>
			<Attachment isAttached="true">
				<AttachedTo>154634</AttachedTo>
				<BoneIndex>40</BoneIndex>
				<X>0.399999946</X>
				<Y>-0.0999999866</Y>
				<Z>-0.300000012</Z>
				<Pitch>89.9999771</Pitch>
				<Roll>5.7220459e-06</Roll>
				<Yaw>-90.0000076</Yaw>
			</Attachment>
		</Attachment>
		<Attachment>
			<ModelHash>0x3794acc9</ModelHash>
			<Type>3</Type>
			<Dynamic>false</Dynamic>
			<FrozenPos>true</FrozenPos>
			<HashName>hei_prop_heist_emp</HashName>
			<InitialHandle>86034</InitialHandle>
			<ObjectProperties>
				<TextureVariation>0</TextureVariation>
			</ObjectProperties>
			<OpacityLevel>255</OpacityLevel>
			<LodDistance>16960</LodDistance>
			<IsVisible>true</IsVisible>
			<MaxHealth>1000</MaxHealth>
			<Health>1000</Health>
			<HasGravity>true</HasGravity>
			<IsOnFire>false</IsOnFire>
			<IsInvincible>true</IsInvincible>
			<IsBulletProof>false</IsBulletProof>
			<IsCollisionProof>true</IsCollisionProof>
			<IsExplosionProof>true</IsExplosionProof>
			<IsFireProof>false</IsFireProof>
			<IsMeleeProof>true</IsMeleeProof>
			<IsOnlyDamagedByPlayer>false</IsOnlyDamagedByPlayer>
			<PositionRotation>
				<X>-4870.40771</X>
				<Y>8352.08203</Y>
				<Z>759.950867</Z>
				<Pitch>-83.1835861</Pitch>
				<Roll>-21.3472939</Roll>
				<Yaw>-105.902031</Yaw>
			</PositionRotation>
			<Attachment isAttached="true">
				<AttachedTo>154634</AttachedTo>
				<BoneIndex>38</BoneIndex>
				<X>0.599999905</X>
				<Y>-0.600000024</Y>
				<Z>-0.399999917</Z>
				<Pitch>0</Pitch>
				<Roll>-89.9999924</Roll>
				<Yaw>99.9999924</Yaw>
			</Attachment>
		</Attachment>
		<Attachment>
			<ModelHash>0x3794acc9</ModelHash>
			<Type>3</Type>
			<Dynamic>false</Dynamic>
			<FrozenPos>true</FrozenPos>
			<HashName>hei_prop_heist_emp</HashName>
			<InitialHandle>11539</InitialHandle>
			<ObjectProperties>
				<TextureVariation>0</TextureVariation>
			</ObjectProperties>
			<OpacityLevel>255</OpacityLevel>
			<LodDistance>16960</LodDistance>
			<IsVisible>true</IsVisible>
			<MaxHealth>1000</MaxHealth>
			<Health>1000</Health>
			<HasGravity>true</HasGravity>
			<IsOnFire>false</IsOnFire>
			<IsInvincible>true</IsInvincible>
			<IsBulletProof>false</IsBulletProof>
			<IsCollisionProof>true</IsCollisionProof>
			<IsExplosionProof>true</IsExplosionProof>
			<IsFireProof>false</IsFireProof>
			<IsMeleeProof>true</IsMeleeProof>
			<IsOnlyDamagedByPlayer>false</IsOnlyDamagedByPlayer>
			<PositionRotation>
				<X>-4870.33398</X>
				<Y>8351.28711</Y>
				<Z>759.985474</Z>
				<Pitch>-83.1835861</Pitch>
				<Roll>-21.3472939</Roll>
				<Yaw>-105.902031</Yaw>
			</PositionRotation>
			<Attachment isAttached="true">
				<AttachedTo>154634</AttachedTo>
				<BoneIndex>38</BoneIndex>
				<X>0.599999905</X>
				<Y>-0.600000024</Y>
				<Z>0.400000006</Z>
				<Pitch>0</Pitch>
				<Roll>-89.9999924</Roll>
				<Yaw>99.9999924</Yaw>
			</Attachment>
		</Attachment>
	</SpoonerAttachments>
</OutfitPedData>
