<?xml version="1.0" encoding="ISO-8859-1"?>
<OutfitPedData>
	<ClearDecalOverlays>true</ClearDecalOverlays>
	<ModelHash>0x9c9effd8</ModelHash>
	<Type>1</Type>
	<Dynamic>true</Dynamic>
	<FrozenPos>false</FrozenPos>
	<HashName>0x9c9effd8</HashName>
	<InitialHandle>41219</InitialHandle>
	<PedProperties>
		<IsStill>false</IsStill>
		<CanRagdoll>true</CanRagdoll>
		<HasShortHeight>false</HasShortHeight>
		<Armour>50</Armour>
		<CurrentWeapon>0xa2719263</CurrentWeapon>
		<PedProps>
			<_0>57,0</_0>
			<_1>-1,-1</_1>
			<_2>-1,-1</_2>
			<_3>-1,-1</_3>
			<_4>-1,-1</_4>
			<_5>-1,-1</_5>
			<_6>-1,-1</_6>
			<_7>-1,-1</_7>
			<_8>-1,-1</_8>
			<_9>-1,-1</_9>
		</PedProps>
		<PedComps>
			<_0>0,0</_0>
			<_1>92,3</_1>
			<_2>56,0</_2>
			<_3>36,0</_3>
			<_4>79,10</_4>
			<_5>0,0</_5>
			<_6>7,0</_6>
			<_7>0,0</_7>
			<_8>66,3</_8>
			<_9>22,9</_9>
			<_10>0,0</_10>
			<_11>180,10</_11>
		</PedComps>
		<HeadFeatures WasInArray="false">
			<ShapeAndSkinTone>
				<ShapeFatherId>21</ShapeFatherId>
				<ShapeMotherId>8</ShapeMotherId>
				<ShapeOverrideId>0</ShapeOverrideId>
				<ToneFatherId>21</ToneFatherId>
				<ToneMotherId>8</ToneMotherId>
				<ToneOverrideId>0</ToneOverrideId>
				<ShapeVal>0.0500000007</ShapeVal>
				<ToneVal>0.215005159</ToneVal>
				<OverrideVal>0</OverrideVal>
				<IsP>1</IsP>
			</ShapeAndSkinTone>
		</HeadFeatures>
		<TattooLogoDecals />
		<RelationshipGroupAltered>false</RelationshipGroupAltered>
		<RelationshipGroup>0x1ff490ba</RelationshipGroup>
		<MovementGroupName>move_f@sexy@a</MovementGroupName>
		<ScenarioActive>false</ScenarioActive>
		<AnimActive>false</AnimActive>
	</PedProperties>
	<OpacityLevel>255</OpacityLevel>
	<LodDistance>240</LodDistance>
	<IsVisible>true</IsVisible>
	<MaxHealth>256</MaxHealth>
	<Health>256</Health>
	<HasGravity>true</HasGravity>
	<IsOnFire>false</IsOnFire>
	<IsInvincible>true</IsInvincible>
	<IsBulletProof>true</IsBulletProof>
	<IsCollisionProof>false</IsCollisionProof>
	<IsExplosionProof>true</IsExplosionProof>
	<IsFireProof>true</IsFireProof>
	<IsMeleeProof>true</IsMeleeProof>
	<IsOnlyDamagedByPlayer>false</IsOnlyDamagedByPlayer>
	<PositionRotation>
		<X>-515.591553</X>
		<Y>5741.49805</Y>
		<Z>45.1042862</Z>
		<Pitch>0.000284342939</Pitch>
		<Roll>0.000213335225</Roll>
		<Yaw>26.4779568</Yaw>
	</PositionRotation>
	<Attachment isAttached="false" />
	<SpoonerAttachments SetAttachmentsPersistentAndAddToSpoonerDatabase="true" StartTaskSequencesOnLoad="true">
		<Attachment>
			<ModelHash>0x3a2bdb5f</ModelHash>
			<Type>3</Type>
			<Dynamic>false</Dynamic>
			<FrozenPos>true</FrozenPos>
			<HashName>apa_prop_flag_script</HashName>
			<InitialHandle>41753</InitialHandle>
			<ObjectProperties>
				<TextureVariation>0</TextureVariation>
			</ObjectProperties>
			<OpacityLevel>255</OpacityLevel>
			<LodDistance>16960</LodDistance>
			<IsVisible>true</IsVisible>
			<MaxHealth>1000</MaxHealth>
			<Health>1000</Health>
			<HasGravity>true</HasGravity>
			<IsOnFire>false</IsOnFire>
			<IsInvincible>true</IsInvincible>
			<IsBulletProof>false</IsBulletProof>
			<IsCollisionProof>false</IsCollisionProof>
			<IsExplosionProof>true</IsExplosionProof>
			<IsFireProof>false</IsFireProof>
			<IsMeleeProof>true</IsMeleeProof>
			<IsOnlyDamagedByPlayer>false</IsOnlyDamagedByPlayer>
			<PositionRotation>
				<X>-515.558594</X>
				<Y>5741.44385</Y>
				<Z>45.250145</Z>
				<Pitch>-1.25754297</Pitch>
				<Roll>-154.112015</Roll>
				<Yaw>8.88897038</Yaw>
			</PositionRotation>
			<Attachment isAttached="true">
				<AttachedTo>41219</AttachedTo>
				<BoneIndex>38</BoneIndex>
				<X>-0.199999869</X>
				<Y>-0.0300001502</Y>
				<Z>0</Z>
				<Pitch>-21.0000038</Pitch>
				<Roll>-62.9999924</Roll>
				<Yaw>0</Yaw>
			</Attachment>
		</Attachment>
		<Attachment>
			<ModelHash>0x3a2bdb5f</ModelHash>
			<Type>3</Type>
			<Dynamic>false</Dynamic>
			<FrozenPos>true</FrozenPos>
			<HashName>apa_prop_flag_script</HashName>
			<InitialHandle>178711</InitialHandle>
			<ObjectProperties>
				<TextureVariation>0</TextureVariation>
			</ObjectProperties>
			<OpacityLevel>255</OpacityLevel>
			<LodDistance>16960</LodDistance>
			<IsVisible>true</IsVisible>
			<MaxHealth>1000</MaxHealth>
			<Health>1000</Health>
			<HasGravity>true</HasGravity>
			<IsOnFire>false</IsOnFire>
			<IsInvincible>true</IsInvincible>
			<IsBulletProof>false</IsBulletProof>
			<IsCollisionProof>false</IsCollisionProof>
			<IsExplosionProof>true</IsExplosionProof>
			<IsFireProof>false</IsFireProof>
			<IsMeleeProof>true</IsMeleeProof>
			<IsOnlyDamagedByPlayer>false</IsOnlyDamagedByPlayer>
			<PositionRotation>
				<X>-515.55835</X>
				<Y>5741.44385</Y>
				<Z>45.2401466</Z>
				<Pitch>-1.67858315</Pitch>
				<Roll>-26.9847832</Roll>
				<Yaw>50.9014053</Yaw>
			</PositionRotation>
			<Attachment isAttached="true">
				<AttachedTo>41219</AttachedTo>
				<BoneIndex>38</BoneIndex>
				<X>-0.210000053</X>
				<Y>-0.0300000068</Y>
				<Z>0</Z>
				<Pitch>21.0000038</Pitch>
				<Roll>62.9999924</Roll>
				<Yaw>0</Yaw>
			</Attachment>
		</Attachment>
		<Attachment>
			<ModelHash>0x3361b618</ModelHash>
			<Type>3</Type>
			<Dynamic>false</Dynamic>
			<FrozenPos>true</FrozenPos>
			<HashName>prop_sealife_03</HashName>
			<InitialHandle>5402</InitialHandle>
			<ObjectProperties>
				<TextureVariation>0</TextureVariation>
			</ObjectProperties>
			<OpacityLevel>255</OpacityLevel>
			<LodDistance>16960</LodDistance>
			<IsVisible>true</IsVisible>
			<MaxHealth>1000</MaxHealth>
			<Health>1000</Health>
			<HasGravity>true</HasGravity>
			<IsOnFire>false</IsOnFire>
			<IsInvincible>true</IsInvincible>
			<IsBulletProof>false</IsBulletProof>
			<IsCollisionProof>true</IsCollisionProof>
			<IsExplosionProof>true</IsExplosionProof>
			<IsFireProof>false</IsFireProof>
			<IsMeleeProof>true</IsMeleeProof>
			<IsOnlyDamagedByPlayer>false</IsOnlyDamagedByPlayer>
			<PositionRotation>
				<X>-515.393372</X>
				<Y>5741.19043</Y>
				<Z>45.5487289</Z>
				<Pitch>-8.95751476</Pitch>
				<Roll>-50.0090599</Roll>
				<Yaw>-172.278091</Yaw>
			</PositionRotation>
			<Attachment isAttached="true">
				<AttachedTo>41219</AttachedTo>
				<BoneIndex>38</BoneIndex>
				<X>0.0899999365</X>
				<Y>-0.339999974</Y>
				<Z>-0.0200000405</Z>
				<Pitch>158</Pitch>
				<Roll>43</Roll>
				<Yaw>-11.0000029</Yaw>
			</Attachment>
		</Attachment>
		<Attachment>
			<ModelHash>0x4d1ae98a</ModelHash>
			<Type>3</Type>
			<Dynamic>false</Dynamic>
			<FrozenPos>true</FrozenPos>
			<HashName>prop_sealife_04</HashName>
			<InitialHandle>175903</InitialHandle>
			<ObjectProperties>
				<TextureVariation>0</TextureVariation>
			</ObjectProperties>
			<OpacityLevel>255</OpacityLevel>
			<LodDistance>16960</LodDistance>
			<IsVisible>true</IsVisible>
			<MaxHealth>1000</MaxHealth>
			<Health>1000</Health>
			<HasGravity>true</HasGravity>
			<IsOnFire>false</IsOnFire>
			<IsInvincible>true</IsInvincible>
			<IsBulletProof>false</IsBulletProof>
			<IsCollisionProof>true</IsCollisionProof>
			<IsExplosionProof>true</IsExplosionProof>
			<IsFireProof>false</IsFireProof>
			<IsMeleeProof>true</IsMeleeProof>
			<IsOnlyDamagedByPlayer>false</IsOnlyDamagedByPlayer>
			<PositionRotation>
				<X>-515.397461</X>
				<Y>5741.25781</Y>
				<Z>45.5573883</Z>
				<Pitch>6.55555344</Pitch>
				<Roll>-72.3397293</Roll>
				<Yaw>65.258522</Yaw>
			</PositionRotation>
			<Attachment isAttached="true">
				<AttachedTo>41219</AttachedTo>
				<BoneIndex>38</BoneIndex>
				<X>0.0999999866</X>
				<Y>-0.280000001</Y>
				<Z>-0.049999997</Z>
				<Pitch>34.9999924</Pitch>
				<Roll>22.9999962</Roll>
				<Yaw>-9.99999809</Yaw>
			</Attachment>
		</Attachment>
		<Attachment>
			<ModelHash>0x3361b618</ModelHash>
			<Type>3</Type>
			<Dynamic>false</Dynamic>
			<FrozenPos>true</FrozenPos>
			<HashName>prop_sealife_03</HashName>
			<InitialHandle>57374</InitialHandle>
			<ObjectProperties>
				<TextureVariation>0</TextureVariation>
			</ObjectProperties>
			<OpacityLevel>255</OpacityLevel>
			<LodDistance>16960</LodDistance>
			<IsVisible>true</IsVisible>
			<MaxHealth>1000</MaxHealth>
			<Health>1000</Health>
			<HasGravity>true</HasGravity>
			<IsOnFire>false</IsOnFire>
			<IsInvincible>true</IsInvincible>
			<IsBulletProof>false</IsBulletProof>
			<IsCollisionProof>true</IsCollisionProof>
			<IsExplosionProof>true</IsExplosionProof>
			<IsFireProof>false</IsFireProof>
			<IsMeleeProof>true</IsMeleeProof>
			<IsOnlyDamagedByPlayer>false</IsOnlyDamagedByPlayer>
			<PositionRotation>
				<X>-515.393127</X>
				<Y>5741.19043</Y>
				<Z>45.5387344</Z>
				<Pitch>-8.95751762</Pitch>
				<Roll>-106.009033</Roll>
				<Yaw>-172.278091</Yaw>
			</PositionRotation>
			<Attachment isAttached="true">
				<AttachedTo>41219</AttachedTo>
				<BoneIndex>38</BoneIndex>
				<X>0.0799999759</X>
				<Y>-0.339999944</Y>
				<Z>-0.0199999996</Z>
				<Pitch>158</Pitch>
				<Roll>-12.9999847</Roll>
				<Yaw>-11.0000029</Yaw>
			</Attachment>
		</Attachment>
		<Attachment>
			<ModelHash>0x4d1ae98a</ModelHash>
			<Type>3</Type>
			<Dynamic>false</Dynamic>
			<FrozenPos>true</FrozenPos>
			<HashName>prop_sealife_04</HashName>
			<InitialHandle>161304</InitialHandle>
			<ObjectProperties>
				<TextureVariation>0</TextureVariation>
			</ObjectProperties>
			<OpacityLevel>255</OpacityLevel>
			<LodDistance>16960</LodDistance>
			<IsVisible>true</IsVisible>
			<MaxHealth>1000</MaxHealth>
			<Health>1000</Health>
			<HasGravity>true</HasGravity>
			<IsOnFire>false</IsOnFire>
			<IsInvincible>true</IsInvincible>
			<IsBulletProof>false</IsBulletProof>
			<IsCollisionProof>true</IsCollisionProof>
			<IsExplosionProof>true</IsExplosionProof>
			<IsFireProof>false</IsFireProof>
			<IsMeleeProof>true</IsMeleeProof>
			<IsOnlyDamagedByPlayer>false</IsOnlyDamagedByPlayer>
			<PositionRotation>
				<X>-515.354309</X>
				<Y>5741.44385</Y>
				<Z>45.5448837</Z>
				<Pitch>30.8899727</Pitch>
				<Roll>-120.587982</Roll>
				<Yaw>109.479736</Yaw>
			</PositionRotation>
			<Attachment isAttached="true">
				<AttachedTo>41219</AttachedTo>
				<BoneIndex>38</BoneIndex>
				<X>0.0899999738</X>
				<Y>-0.139999926</Y>
				<Z>-0.180000022</Z>
				<Pitch>56.9999924</Pitch>
				<Roll>39.9999962</Roll>
				<Yaw>-74.9999924</Yaw>
			</Attachment>
		</Attachment>
		<Attachment>
			<ModelHash>0xf55c8cd1</ModelHash>
			<Type>3</Type>
			<Dynamic>false</Dynamic>
			<FrozenPos>true</FrozenPos>
			<HashName>w_pi_pistol50</HashName>
			<InitialHandle>170519</InitialHandle>
			<ObjectProperties>
				<TextureVariation>0</TextureVariation>
			</ObjectProperties>
			<OpacityLevel>255</OpacityLevel>
			<LodDistance>16960</LodDistance>
			<IsVisible>true</IsVisible>
			<MaxHealth>1000</MaxHealth>
			<Health>1000</Health>
			<HasGravity>true</HasGravity>
			<IsOnFire>false</IsOnFire>
			<IsInvincible>true</IsInvincible>
			<IsBulletProof>false</IsBulletProof>
			<IsCollisionProof>true</IsCollisionProof>
			<IsExplosionProof>true</IsExplosionProof>
			<IsFireProof>false</IsFireProof>
			<IsMeleeProof>true</IsMeleeProof>
			<IsOnlyDamagedByPlayer>false</IsOnlyDamagedByPlayer>
			<PositionRotation>
				<X>-515.732971</X>
				<Y>5741.625</Y>
				<Z>44.3080597</Z>
				<Pitch>-3.27408075</Pitch>
				<Roll>104.308624</Roll>
				<Yaw>124.741524</Yaw>
			</PositionRotation>
			<Attachment isAttached="true">
				<AttachedTo>41219</AttachedTo>
				<BoneIndex>4</BoneIndex>
				<X>-0.0699999928</X>
				<Y>-0.0199999996</Y>
				<Z>0</Z>
				<Pitch>-89.9999924</Pitch>
				<Roll>81.9999924</Roll>
				<Yaw>0</Yaw>
			</Attachment>
		</Attachment>
		<Attachment>
			<ModelHash>0xf55c8cd1</ModelHash>
			<Type>3</Type>
			<Dynamic>false</Dynamic>
			<FrozenPos>true</FrozenPos>
			<HashName>w_pi_pistol50</HashName>
			<InitialHandle>19</InitialHandle>
			<ObjectProperties>
				<TextureVariation>0</TextureVariation>
			</ObjectProperties>
			<OpacityLevel>255</OpacityLevel>
			<LodDistance>16960</LodDistance>
			<IsVisible>true</IsVisible>
			<MaxHealth>1000</MaxHealth>
			<Health>1000</Health>
			<HasGravity>true</HasGravity>
			<IsOnFire>false</IsOnFire>
			<IsInvincible>true</IsInvincible>
			<IsBulletProof>false</IsBulletProof>
			<IsCollisionProof>true</IsCollisionProof>
			<IsExplosionProof>true</IsExplosionProof>
			<IsFireProof>false</IsFireProof>
			<IsMeleeProof>true</IsMeleeProof>
			<IsOnlyDamagedByPlayer>false</IsOnlyDamagedByPlayer>
			<PositionRotation>
				<X>-515.446533</X>
				<Y>5741.23047</Y>
				<Z>44.3942528</Z>
				<Pitch>2.41176176</Pitch>
				<Roll>118.460175</Roll>
				<Yaw>105.383072</Yaw>
			</PositionRotation>
			<Attachment isAttached="true">
				<AttachedTo>41219</AttachedTo>
				<BoneIndex>16</BoneIndex>
				<X>-0.0699999928</X>
				<Y>-0.0199999996</Y>
				<Z>0</Z>
				<Pitch>-89.9999924</Pitch>
				<Roll>81.9999924</Roll>
				<Yaw>0</Yaw>
			</Attachment>
		</Attachment>
		<Attachment>
			<ModelHash>0x3c479cbe</ModelHash>
			<Type>3</Type>
			<Dynamic>false</Dynamic>
			<FrozenPos>true</FrozenPos>
			<HashName>prop_welding_mask_01_s</HashName>
			<InitialHandle>10519</InitialHandle>
			<ObjectProperties>
				<TextureVariation>0</TextureVariation>
			</ObjectProperties>
			<OpacityLevel>255</OpacityLevel>
			<LodDistance>16960</LodDistance>
			<IsVisible>true</IsVisible>
			<MaxHealth>1000</MaxHealth>
			<Health>1000</Health>
			<HasGravity>true</HasGravity>
			<IsOnFire>false</IsOnFire>
			<IsInvincible>true</IsInvincible>
			<IsBulletProof>false</IsBulletProof>
			<IsCollisionProof>true</IsCollisionProof>
			<IsExplosionProof>true</IsExplosionProof>
			<IsFireProof>false</IsFireProof>
			<IsMeleeProof>true</IsMeleeProof>
			<IsOnlyDamagedByPlayer>false</IsOnlyDamagedByPlayer>
			<PositionRotation>
				<X>-515.417664</X>
				<Y>5741.57178</Y>
				<Z>45.641098</Z>
				<Pitch>-42.8823166</Pitch>
				<Roll>-161.525146</Roll>
				<Yaw>-47.1416359</Yaw>
			</PositionRotation>
			<Attachment isAttached="true">
				<AttachedTo>41219</AttachedTo>
				<BoneIndex>38</BoneIndex>
				<X>0.189999968</X>
				<Y>0</Y>
				<Z>-0.190000027</Z>
				<Pitch>-44.9999962</Pitch>
				<Roll>0</Roll>
				<Yaw>74.9999924</Yaw>
			</Attachment>
		</Attachment>
		<Attachment>
			<ModelHash>0x3c479cbe</ModelHash>
			<Type>3</Type>
			<Dynamic>false</Dynamic>
			<FrozenPos>true</FrozenPos>
			<HashName>prop_welding_mask_01_s</HashName>
			<InitialHandle>92697</InitialHandle>
			<ObjectProperties>
				<TextureVariation>0</TextureVariation>
			</ObjectProperties>
			<OpacityLevel>255</OpacityLevel>
			<LodDistance>16960</LodDistance>
			<IsVisible>true</IsVisible>
			<MaxHealth>1000</MaxHealth>
			<Health>1000</Health>
			<HasGravity>true</HasGravity>
			<IsOnFire>false</IsOnFire>
			<IsInvincible>true</IsInvincible>
			<IsBulletProof>false</IsBulletProof>
			<IsCollisionProof>true</IsCollisionProof>
			<IsExplosionProof>true</IsExplosionProof>
			<IsFireProof>false</IsFireProof>
			<IsMeleeProof>true</IsMeleeProof>
			<IsOnlyDamagedByPlayer>false</IsOnlyDamagedByPlayer>
			<PositionRotation>
				<X>-515.747009</X>
				<Y>5741.38232</Y>
				<Z>45.6372032</Z>
				<Pitch>-44.0263557</Pitch>
				<Roll>161.159058</Roll>
				<Yaw>106.708344</Yaw>
			</PositionRotation>
			<Attachment isAttached="true">
				<AttachedTo>41219</AttachedTo>
				<BoneIndex>38</BoneIndex>
				<X>0.189999983</X>
				<Y>0</Y>
				<Z>0.189999998</Z>
				<Pitch>45</Pitch>
				<Roll>179.999969</Roll>
				<Yaw>74.9999847</Yaw>
			</Attachment>
		</Attachment>
		<Attachment>
			<ModelHash>0x3c479cbe</ModelHash>
			<Type>3</Type>
			<Dynamic>false</Dynamic>
			<FrozenPos>true</FrozenPos>
			<HashName>prop_welding_mask_01_s</HashName>
			<InitialHandle>148760</InitialHandle>
			<ObjectProperties>
				<TextureVariation>0</TextureVariation>
			</ObjectProperties>
			<OpacityLevel>255</OpacityLevel>
			<LodDistance>16960</LodDistance>
			<IsVisible>true</IsVisible>
			<MaxHealth>1000</MaxHealth>
			<Health>1000</Health>
			<HasGravity>true</HasGravity>
			<IsOnFire>false</IsOnFire>
			<IsInvincible>true</IsInvincible>
			<IsBulletProof>false</IsBulletProof>
			<IsCollisionProof>true</IsCollisionProof>
			<IsExplosionProof>true</IsExplosionProof>
			<IsFireProof>false</IsFireProof>
			<IsMeleeProof>true</IsMeleeProof>
			<IsOnlyDamagedByPlayer>false</IsOnlyDamagedByPlayer>
			<PositionRotation>
				<X>-515.477905</X>
				<Y>5741.53662</Y>
				<Z>45.6203918</Z>
				<Pitch>-76.5600128</Pitch>
				<Roll>-92.5273819</Roll>
				<Yaw>27.450983</Yaw>
			</PositionRotation>
			<Attachment isAttached="true">
				<AttachedTo>41219</AttachedTo>
				<BoneIndex>38</BoneIndex>
				<X>0.169999972</X>
				<Y>0</Y>
				<Z>-0.119999997</Z>
				<Pitch>5.36441803e-07</Pitch>
				<Roll>0</Roll>
				<Yaw>74.9999924</Yaw>
			</Attachment>
		</Attachment>
		<Attachment>
			<ModelHash>0x3c479cbe</ModelHash>
			<Type>3</Type>
			<Dynamic>false</Dynamic>
			<FrozenPos>true</FrozenPos>
			<HashName>prop_welding_mask_01_s</HashName>
			<InitialHandle>26125</InitialHandle>
			<ObjectProperties>
				<TextureVariation>0</TextureVariation>
			</ObjectProperties>
			<OpacityLevel>255</OpacityLevel>
			<LodDistance>16960</LodDistance>
			<IsVisible>true</IsVisible>
			<MaxHealth>1000</MaxHealth>
			<Health>1000</Health>
			<HasGravity>true</HasGravity>
			<IsOnFire>false</IsOnFire>
			<IsInvincible>true</IsInvincible>
			<IsBulletProof>false</IsBulletProof>
			<IsCollisionProof>true</IsCollisionProof>
			<IsExplosionProof>true</IsExplosionProof>
			<IsFireProof>false</IsFireProof>
			<IsMeleeProof>true</IsMeleeProof>
			<IsOnlyDamagedByPlayer>false</IsOnlyDamagedByPlayer>
			<PositionRotation>
				<X>-515.685913</X>
				<Y>5741.41699</Y>
				<Z>45.6179314</Z>
				<Pitch>-76.5599976</Pitch>
				<Roll>87.4725723</Roll>
				<Yaw>27.450983</Yaw>
			</PositionRotation>
			<Attachment isAttached="true">
				<AttachedTo>41219</AttachedTo>
				<BoneIndex>38</BoneIndex>
				<X>0.169999957</X>
				<Y>0</Y>
				<Z>0.119999968</Z>
				<Pitch>5.96046448e-08</Pitch>
				<Roll>179.999969</Roll>
				<Yaw>74.9999847</Yaw>
			</Attachment>
		</Attachment>
		<Attachment>
			<ModelHash>0x3c479cbe</ModelHash>
			<Type>3</Type>
			<Dynamic>false</Dynamic>
			<FrozenPos>true</FrozenPos>
			<HashName>prop_welding_mask_01_s</HashName>
			<InitialHandle>49420</InitialHandle>
			<ObjectProperties>
				<TextureVariation>0</TextureVariation>
			</ObjectProperties>
			<OpacityLevel>255</OpacityLevel>
			<LodDistance>16960</LodDistance>
			<IsVisible>true</IsVisible>
			<MaxHealth>1000</MaxHealth>
			<Health>1000</Health>
			<HasGravity>true</HasGravity>
			<IsOnFire>false</IsOnFire>
			<IsInvincible>true</IsInvincible>
			<IsBulletProof>false</IsBulletProof>
			<IsCollisionProof>true</IsCollisionProof>
			<IsExplosionProof>true</IsExplosionProof>
			<IsFireProof>false</IsFireProof>
			<IsMeleeProof>true</IsMeleeProof>
			<IsOnlyDamagedByPlayer>false</IsOnlyDamagedByPlayer>
			<PositionRotation>
				<X>-515.451904</X>
				<Y>5741.55176</Y>
				<Z>45.620697</Z>
				<Pitch>-53.3788605</Pitch>
				<Roll>-22.9083996</Roll>
				<Yaw>101.314079</Yaw>
			</PositionRotation>
			<Attachment isAttached="true">
				<AttachedTo>41219</AttachedTo>
				<BoneIndex>38</BoneIndex>
				<X>0.169999972</X>
				<Y>0</Y>
				<Z>-0.150000006</Z>
				<Pitch>35</Pitch>
				<Roll>0</Roll>
				<Yaw>74.9999924</Yaw>
			</Attachment>
		</Attachment>
		<Attachment>
			<ModelHash>0x3c479cbe</ModelHash>
			<Type>3</Type>
			<Dynamic>false</Dynamic>
			<FrozenPos>true</FrozenPos>
			<HashName>prop_welding_mask_01_s</HashName>
			<InitialHandle>80921</InitialHandle>
			<ObjectProperties>
				<TextureVariation>0</TextureVariation>
			</ObjectProperties>
			<OpacityLevel>255</OpacityLevel>
			<LodDistance>16960</LodDistance>
			<IsVisible>true</IsVisible>
			<MaxHealth>1000</MaxHealth>
			<Health>1000</Health>
			<HasGravity>true</HasGravity>
			<IsOnFire>false</IsOnFire>
			<IsInvincible>true</IsInvincible>
			<IsBulletProof>false</IsBulletProof>
			<IsCollisionProof>true</IsCollisionProof>
			<IsExplosionProof>true</IsExplosionProof>
			<IsFireProof>false</IsFireProof>
			<IsMeleeProof>true</IsMeleeProof>
			<IsOnlyDamagedByPlayer>false</IsOnlyDamagedByPlayer>
			<PositionRotation>
				<X>-515.711914</X>
				<Y>5741.40186</Y>
				<Z>45.6176224</Z>
				<Pitch>-52.2640686</Pitch>
				<Roll>22.2964668</Roll>
				<Yaw>-41.9831581</Yaw>
			</PositionRotation>
			<Attachment isAttached="true">
				<AttachedTo>41219</AttachedTo>
				<BoneIndex>38</BoneIndex>
				<X>0.169999987</X>
				<Y>0</Y>
				<Z>0.149999976</Z>
				<Pitch>-34.9999962</Pitch>
				<Roll>179.999969</Roll>
				<Yaw>74.9999847</Yaw>
			</Attachment>
		</Attachment>
		<Attachment>
			<ModelHash>0x1f036a32</ModelHash>
			<Type>3</Type>
			<Dynamic>false</Dynamic>
			<FrozenPos>true</FrozenPos>
			<HashName>w_am_digiscanner</HashName>
			<InitialHandle>154135</InitialHandle>
			<ObjectProperties>
				<TextureVariation>0</TextureVariation>
			</ObjectProperties>
			<OpacityLevel>255</OpacityLevel>
			<LodDistance>16960</LodDistance>
			<IsVisible>true</IsVisible>
			<MaxHealth>1000</MaxHealth>
			<Health>333</Health>
			<HasGravity>true</HasGravity>
			<IsOnFire>false</IsOnFire>
			<IsInvincible>false</IsInvincible>
			<IsBulletProof>false</IsBulletProof>
			<IsCollisionProof>true</IsCollisionProof>
			<IsExplosionProof>false</IsExplosionProof>
			<IsFireProof>false</IsFireProof>
			<IsMeleeProof>false</IsMeleeProof>
			<IsOnlyDamagedByPlayer>false</IsOnlyDamagedByPlayer>
			<PositionRotation>
				<X>-515.623108</X>
				<Y>5741.54736</Y>
				<Z>45.6769409</Z>
				<Pitch>-0.587243438</Pitch>
				<Roll>141.572586</Roll>
				<Yaw>119.909225</Yaw>
			</PositionRotation>
			<Attachment isAttached="true">
				<AttachedTo>41219</AttachedTo>
				<BoneIndex>38</BoneIndex>
				<X>0.230000004</X>
				<Y>0.0800000057</Y>
				<Z>0</Z>
				<Pitch>89.9999924</Pitch>
				<Roll>-40</Roll>
				<Yaw>-90</Yaw>
			</Attachment>
		</Attachment>
		<Attachment>
			<ModelHash>0x8d12165a</ModelHash>
			<Type>3</Type>
			<Dynamic>false</Dynamic>
			<FrozenPos>true</FrozenPos>
			<HashName>bkr_prop_coke_scale_01</HashName>
			<InitialHandle>135191</InitialHandle>
			<ObjectProperties>
				<TextureVariation>0</TextureVariation>
			</ObjectProperties>
			<OpacityLevel>255</OpacityLevel>
			<LodDistance>16960</LodDistance>
			<IsVisible>true</IsVisible>
			<MaxHealth>1000</MaxHealth>
			<Health>0</Health>
			<HasGravity>true</HasGravity>
			<IsOnFire>false</IsOnFire>
			<IsInvincible>false</IsInvincible>
			<IsBulletProof>false</IsBulletProof>
			<IsCollisionProof>true</IsCollisionProof>
			<IsExplosionProof>false</IsExplosionProof>
			<IsFireProof>false</IsFireProof>
			<IsMeleeProof>false</IsMeleeProof>
			<IsOnlyDamagedByPlayer>false</IsOnlyDamagedByPlayer>
			<PositionRotation>
				<X>-515.596375</X>
				<Y>5741.50244</Y>
				<Z>45.5983467</Z>
				<Pitch>35.5704536</Pitch>
				<Roll>0.721974552</Roll>
				<Yaw>-150.510742</Yaw>
			</PositionRotation>
			<Attachment isAttached="true">
				<AttachedTo>41219</AttachedTo>
				<BoneIndex>38</BoneIndex>
				<X>0.149999976</X>
				<Y>0.0299999993</Y>
				<Z>-5.96046448e-08</Z>
				<Pitch>180</Pitch>
				<Roll>89.9999924</Roll>
				<Yaw>33.9999962</Yaw>
			</Attachment>
		</Attachment>
		<Attachment>
			<ModelHash>0x43c01ef6</ModelHash>
			<Type>3</Type>
			<Dynamic>false</Dynamic>
			<FrozenPos>true</FrozenPos>
			<HashName>bkr_prop_meth_scoop_01a</HashName>
			<InitialHandle>177421</InitialHandle>
			<ObjectProperties>
				<TextureVariation>0</TextureVariation>
			</ObjectProperties>
			<OpacityLevel>255</OpacityLevel>
			<LodDistance>16960</LodDistance>
			<IsVisible>true</IsVisible>
			<MaxHealth>1000</MaxHealth>
			<Health>1000</Health>
			<HasGravity>true</HasGravity>
			<IsOnFire>false</IsOnFire>
			<IsInvincible>false</IsInvincible>
			<IsBulletProof>false</IsBulletProof>
			<IsCollisionProof>true</IsCollisionProof>
			<IsExplosionProof>false</IsExplosionProof>
			<IsFireProof>false</IsFireProof>
			<IsMeleeProof>false</IsMeleeProof>
			<IsOnlyDamagedByPlayer>false</IsOnlyDamagedByPlayer>
			<PositionRotation>
				<X>-515.355225</X>
				<Y>5741.56006</Y>
				<Z>45.8128014</Z>
				<Pitch>-49.8466606</Pitch>
				<Roll>166.863876</Roll>
				<Yaw>109.882683</Yaw>
			</PositionRotation>
			<Attachment isAttached="true">
				<AttachedTo>41219</AttachedTo>
				<BoneIndex>38</BoneIndex>
				<X>0.360000134</X>
				<Y>-0.0459998585</Y>
				<Z>-0.239999831</Z>
				<Pitch>39.9999924</Pitch>
				<Roll>-180</Roll>
				<Yaw>80</Yaw>
			</Attachment>
		</Attachment>
		<Attachment>
			<ModelHash>0x43c01ef6</ModelHash>
			<Type>3</Type>
			<Dynamic>false</Dynamic>
			<FrozenPos>true</FrozenPos>
			<HashName>bkr_prop_meth_scoop_01a</HashName>
			<InitialHandle>40982</InitialHandle>
			<ObjectProperties>
				<TextureVariation>0</TextureVariation>
			</ObjectProperties>
			<OpacityLevel>255</OpacityLevel>
			<LodDistance>16960</LodDistance>
			<IsVisible>true</IsVisible>
			<MaxHealth>1000</MaxHealth>
			<Health>1000</Health>
			<HasGravity>true</HasGravity>
			<IsOnFire>false</IsOnFire>
			<IsInvincible>false</IsInvincible>
			<IsBulletProof>false</IsBulletProof>
			<IsCollisionProof>true</IsCollisionProof>
			<IsExplosionProof>false</IsExplosionProof>
			<IsFireProof>false</IsFireProof>
			<IsMeleeProof>false</IsMeleeProof>
			<IsOnlyDamagedByPlayer>false</IsOnlyDamagedByPlayer>
			<PositionRotation>
				<X>-515.342896</X>
				<Y>5741.60059</Y>
				<Z>45.7322922</Z>
				<Pitch>-0.587251365</Pitch>
				<Roll>171.572586</Roll>
				<Yaw>119.909225</Yaw>
			</PositionRotation>
			<Attachment isAttached="true">
				<AttachedTo>41219</AttachedTo>
				<BoneIndex>38</BoneIndex>
				<X>0.28000021</X>
				<Y>-0.0149998656</Y>
				<Z>-0.269999832</Z>
				<Pitch>89.9999924</Pitch>
				<Roll>-180</Roll>
				<Yaw>80</Yaw>
			</Attachment>
		</Attachment>
		<Attachment>
			<ModelHash>0x43c01ef6</ModelHash>
			<Type>3</Type>
			<Dynamic>false</Dynamic>
			<FrozenPos>true</FrozenPos>
			<HashName>bkr_prop_meth_scoop_01a</HashName>
			<InitialHandle>133908</InitialHandle>
			<ObjectProperties>
				<TextureVariation>0</TextureVariation>
			</ObjectProperties>
			<OpacityLevel>255</OpacityLevel>
			<LodDistance>16960</LodDistance>
			<IsVisible>true</IsVisible>
			<MaxHealth>1000</MaxHealth>
			<Health>1000</Health>
			<HasGravity>true</HasGravity>
			<IsOnFire>false</IsOnFire>
			<IsInvincible>false</IsInvincible>
			<IsBulletProof>false</IsBulletProof>
			<IsCollisionProof>true</IsCollisionProof>
			<IsExplosionProof>false</IsExplosionProof>
			<IsFireProof>false</IsFireProof>
			<IsMeleeProof>false</IsMeleeProof>
			<IsOnlyDamagedByPlayer>false</IsOnlyDamagedByPlayer>
			<PositionRotation>
				<X>-515.332947</X>
				<Y>5741.646</Y>
				<Z>45.6118355</Z>
				<Pitch>57.8543205</Pitch>
				<Roll>156.768814</Roll>
				<Yaw>155.536438</Yaw>
			</PositionRotation>
			<Attachment isAttached="true">
				<AttachedTo>41219</AttachedTo>
				<BoneIndex>69</BoneIndex>
				<X>0.0499999933</X>
				<Y>0</Y>
				<Z>0.0899999887</Z>
				<Pitch>-169.999985</Pitch>
				<Roll>1.90734863e-06</Roll>
				<Yaw>-89.9999924</Yaw>
			</Attachment>
		</Attachment>
		<Attachment>
			<ModelHash>0x56d3d7e9</ModelHash>
			<Type>3</Type>
			<Dynamic>false</Dynamic>
			<FrozenPos>true</FrozenPos>
			<HashName>prop_cs_power_cell</HashName>
			<InitialHandle>97560</InitialHandle>
			<ObjectProperties>
				<TextureVariation>0</TextureVariation>
			</ObjectProperties>
			<OpacityLevel>255</OpacityLevel>
			<LodDistance>16960</LodDistance>
			<IsVisible>true</IsVisible>
			<MaxHealth>1000</MaxHealth>
			<Health>0</Health>
			<HasGravity>true</HasGravity>
			<IsOnFire>false</IsOnFire>
			<IsInvincible>false</IsInvincible>
			<IsBulletProof>false</IsBulletProof>
			<IsCollisionProof>true</IsCollisionProof>
			<IsExplosionProof>false</IsExplosionProof>
			<IsFireProof>false</IsFireProof>
			<IsMeleeProof>false</IsMeleeProof>
			<IsOnlyDamagedByPlayer>false</IsOnlyDamagedByPlayer>
			<PositionRotation>
				<X>-515.651001</X>
				<Y>5741.60205</Y>
				<Z>45.3651505</Z>
				<Pitch>84.396637</Pitch>
				<Roll>-96.0253906</Roll>
				<Yaw>35.9060516</Yaw>
			</PositionRotation>
			<Attachment isAttached="true">
				<AttachedTo>41219</AttachedTo>
				<BoneIndex>38</BoneIndex>
				<X>-0.0799999535</X>
				<Y>0.150000542</Y>
				<Z>0</Z>
				<Pitch>1.66893005e-06</Pitch>
				<Roll>-1.66893005e-06</Roll>
				<Yaw>-86</Yaw>
			</Attachment>
		</Attachment>
		<Attachment>
			<ModelHash>0x8d12165a</ModelHash>
			<Type>3</Type>
			<Dynamic>false</Dynamic>
			<FrozenPos>true</FrozenPos>
			<HashName>bkr_prop_coke_scale_01</HashName>
			<InitialHandle>88351</InitialHandle>
			<ObjectProperties>
				<TextureVariation>0</TextureVariation>
			</ObjectProperties>
			<OpacityLevel>255</OpacityLevel>
			<LodDistance>16960</LodDistance>
			<IsVisible>true</IsVisible>
			<MaxHealth>1000</MaxHealth>
			<Health>0</Health>
			<HasGravity>true</HasGravity>
			<IsOnFire>false</IsOnFire>
			<IsInvincible>false</IsInvincible>
			<IsBulletProof>false</IsBulletProof>
			<IsCollisionProof>true</IsCollisionProof>
			<IsExplosionProof>false</IsExplosionProof>
			<IsFireProof>false</IsFireProof>
			<IsMeleeProof>false</IsMeleeProof>
			<IsOnlyDamagedByPlayer>false</IsOnlyDamagedByPlayer>
			<PositionRotation>
				<X>-515.622437</X>
				<Y>5741.55127</Y>
				<Z>45.4267731</Z>
				<Pitch>65.5659866</Pitch>
				<Roll>1.41981053</Roll>
				<Yaw>-151.383438</Yaw>
			</PositionRotation>
			<Attachment isAttached="true">
				<AttachedTo>41219</AttachedTo>
				<BoneIndex>38</BoneIndex>
				<X>-0.0200000182</X>
				<Y>0.0899999738</Y>
				<Z>-5.77419996e-08</Z>
				<Pitch>180</Pitch>
				<Roll>89.9999924</Roll>
				<Yaw>63.9999924</Yaw>
			</Attachment>
		</Attachment>
		<Attachment>
			<ModelHash>0x43c01ef6</ModelHash>
			<Type>3</Type>
			<Dynamic>false</Dynamic>
			<FrozenPos>true</FrozenPos>
			<HashName>bkr_prop_meth_scoop_01a</HashName>
			<InitialHandle>17429</InitialHandle>
			<ObjectProperties>
				<TextureVariation>0</TextureVariation>
			</ObjectProperties>
			<OpacityLevel>255</OpacityLevel>
			<LodDistance>16960</LodDistance>
			<IsVisible>true</IsVisible>
			<MaxHealth>1000</MaxHealth>
			<Health>1000</Health>
			<HasGravity>true</HasGravity>
			<IsOnFire>false</IsOnFire>
			<IsInvincible>false</IsInvincible>
			<IsBulletProof>false</IsBulletProof>
			<IsCollisionProof>true</IsCollisionProof>
			<IsExplosionProof>false</IsExplosionProof>
			<IsFireProof>false</IsFireProof>
			<IsMeleeProof>false</IsMeleeProof>
			<IsOnlyDamagedByPlayer>false</IsOnlyDamagedByPlayer>
			<PositionRotation>
				<X>-515.771301</X>
				<Y>5741.3208</Y>
				<Z>45.8078804</Z>
				<Pitch>-48.6896553</Pitch>
				<Roll>-167.17363</Roll>
				<Yaw>-50.2989502</Yaw>
			</PositionRotation>
			<Attachment isAttached="true">
				<AttachedTo>41219</AttachedTo>
				<BoneIndex>38</BoneIndex>
				<X>0.360000253</X>
				<Y>-0.0459998697</Y>
				<Z>0.240000114</Z>
				<Pitch>-40.0000153</Pitch>
				<Roll>5.7220459e-06</Roll>
				<Yaw>79.9999924</Yaw>
			</Attachment>
		</Attachment>
		<Attachment>
			<ModelHash>0x43c01ef6</ModelHash>
			<Type>3</Type>
			<Dynamic>false</Dynamic>
			<FrozenPos>true</FrozenPos>
			<HashName>bkr_prop_meth_scoop_01a</HashName>
			<InitialHandle>178965</InitialHandle>
			<ObjectProperties>
				<TextureVariation>0</TextureVariation>
			</ObjectProperties>
			<OpacityLevel>255</OpacityLevel>
			<LodDistance>16960</LodDistance>
			<IsVisible>true</IsVisible>
			<MaxHealth>1000</MaxHealth>
			<Health>1000</Health>
			<HasGravity>true</HasGravity>
			<IsOnFire>false</IsOnFire>
			<IsInvincible>false</IsInvincible>
			<IsBulletProof>false</IsBulletProof>
			<IsCollisionProof>true</IsCollisionProof>
			<IsExplosionProof>false</IsExplosionProof>
			<IsFireProof>false</IsFireProof>
			<IsMeleeProof>false</IsMeleeProof>
			<IsOnlyDamagedByPlayer>false</IsOnlyDamagedByPlayer>
			<PositionRotation>
				<X>-515.800476</X>
				<Y>5741.31299</Y>
				<Z>45.7273331</Z>
				<Pitch>0.5872612</Pitch>
				<Roll>-171.572586</Roll>
				<Yaw>-60.0907516</Yaw>
			</PositionRotation>
			<Attachment isAttached="true">
				<AttachedTo>41219</AttachedTo>
				<BoneIndex>38</BoneIndex>
				<X>0.280000329</X>
				<Y>-0.0359998718</Y>
				<Z>0.2700001</Z>
				<Pitch>-90.0000153</Pitch>
				<Roll>5.7220459e-06</Roll>
				<Yaw>79.9999924</Yaw>
			</Attachment>
		</Attachment>
		<Attachment>
			<ModelHash>0x43c01ef6</ModelHash>
			<Type>3</Type>
			<Dynamic>false</Dynamic>
			<FrozenPos>true</FrozenPos>
			<HashName>bkr_prop_meth_scoop_01a</HashName>
			<InitialHandle>110599</InitialHandle>
			<ObjectProperties>
				<TextureVariation>0</TextureVariation>
			</ObjectProperties>
			<OpacityLevel>255</OpacityLevel>
			<LodDistance>16960</LodDistance>
			<IsVisible>true</IsVisible>
			<MaxHealth>1000</MaxHealth>
			<Health>1000</Health>
			<HasGravity>true</HasGravity>
			<IsOnFire>false</IsOnFire>
			<IsInvincible>false</IsInvincible>
			<IsBulletProof>false</IsBulletProof>
			<IsCollisionProof>true</IsCollisionProof>
			<IsExplosionProof>false</IsExplosionProof>
			<IsFireProof>false</IsFireProof>
			<IsMeleeProof>false</IsMeleeProof>
			<IsOnlyDamagedByPlayer>false</IsOnlyDamagedByPlayer>
			<PositionRotation>
				<X>-515.820435</X>
				<Y>5741.31543</Y>
				<Z>45.5854454</Z>
				<Pitch>61.1075401</Pitch>
				<Roll>147.756073</Roll>
				<Yaw>-34.7183495</Yaw>
			</PositionRotation>
			<Attachment isAttached="true">
				<AttachedTo>41219</AttachedTo>
				<BoneIndex>40</BoneIndex>
				<X>0.0499999523</X>
				<Y>-7.4505806e-09</Y>
				<Z>-0.0800000355</Z>
				<Pitch>9.99999905</Pitch>
				<Roll>0</Roll>
				<Yaw>89.9999924</Yaw>
			</Attachment>
		</Attachment>
		<Attachment>
			<ModelHash>0x43c01ef6</ModelHash>
			<Type>3</Type>
			<Dynamic>false</Dynamic>
			<FrozenPos>true</FrozenPos>
			<HashName>bkr_prop_meth_scoop_01a</HashName>
			<InitialHandle>161816</InitialHandle>
			<ObjectProperties>
				<TextureVariation>0</TextureVariation>
			</ObjectProperties>
			<OpacityLevel>255</OpacityLevel>
			<LodDistance>16960</LodDistance>
			<IsVisible>true</IsVisible>
			<MaxHealth>1000</MaxHealth>
			<Health>1000</Health>
			<HasGravity>true</HasGravity>
			<IsOnFire>false</IsOnFire>
			<IsInvincible>false</IsInvincible>
			<IsBulletProof>false</IsBulletProof>
			<IsCollisionProof>true</IsCollisionProof>
			<IsExplosionProof>false</IsExplosionProof>
			<IsFireProof>false</IsFireProof>
			<IsMeleeProof>false</IsMeleeProof>
			<IsOnlyDamagedByPlayer>false</IsOnlyDamagedByPlayer>
			<PositionRotation>
				<X>-515.497681</X>
				<Y>5741.46582</Y>
				<Z>44.6755371</Z>
				<Pitch>24.5403576</Pitch>
				<Roll>-177.005875</Roll>
				<Yaw>14.2624474</Yaw>
			</PositionRotation>
			<Attachment isAttached="true">
				<AttachedTo>41219</AttachedTo>
				<BoneIndex>15</BoneIndex>
				<X>0.0699999928</X>
				<Y>-0.0799999759</Y>
				<Z>0</Z>
				<Pitch>180</Pitch>
				<Roll>-90.0000153</Roll>
				<Yaw>-113.000008</Yaw>
			</Attachment>
		</Attachment>
		<Attachment>
			<ModelHash>0x43c01ef6</ModelHash>
			<Type>3</Type>
			<Dynamic>false</Dynamic>
			<FrozenPos>true</FrozenPos>
			<HashName>bkr_prop_meth_scoop_01a</HashName>
			<InitialHandle>2845</InitialHandle>
			<ObjectProperties>
				<TextureVariation>0</TextureVariation>
			</ObjectProperties>
			<OpacityLevel>255</OpacityLevel>
			<LodDistance>16960</LodDistance>
			<IsVisible>true</IsVisible>
			<MaxHealth>1000</MaxHealth>
			<Health>1000</Health>
			<HasGravity>true</HasGravity>
			<IsOnFire>false</IsOnFire>
			<IsInvincible>false</IsInvincible>
			<IsBulletProof>false</IsBulletProof>
			<IsCollisionProof>true</IsCollisionProof>
			<IsExplosionProof>false</IsExplosionProof>
			<IsFireProof>false</IsFireProof>
			<IsMeleeProof>false</IsMeleeProof>
			<IsOnlyDamagedByPlayer>false</IsOnlyDamagedByPlayer>
			<PositionRotation>
				<X>-515.544617</X>
				<Y>5741.61865</Y>
				<Z>44.5837212</Z>
				<Pitch>5.42391348</Pitch>
				<Roll>-2.7357223</Roll>
				<Yaw>-164.234283</Yaw>
			</PositionRotation>
			<Attachment isAttached="true">
				<AttachedTo>41219</AttachedTo>
				<BoneIndex>15</BoneIndex>
				<X>0.029999733</X>
				<Y>0.100000001</Y>
				<Z>0</Z>
				<Pitch>-1.33514404e-05</Pitch>
				<Roll>89.9999847</Roll>
				<Yaw>-143</Yaw>
			</Attachment>
		</Attachment>
		<Attachment>
			<ModelHash>0x43c01ef6</ModelHash>
			<Type>3</Type>
			<Dynamic>false</Dynamic>
			<FrozenPos>true</FrozenPos>
			<HashName>bkr_prop_meth_scoop_01a</HashName>
			<InitialHandle>792</InitialHandle>
			<ObjectProperties>
				<TextureVariation>0</TextureVariation>
			</ObjectProperties>
			<OpacityLevel>255</OpacityLevel>
			<LodDistance>16960</LodDistance>
			<IsVisible>true</IsVisible>
			<MaxHealth>1000</MaxHealth>
			<Health>1000</Health>
			<HasGravity>true</HasGravity>
			<IsOnFire>false</IsOnFire>
			<IsInvincible>false</IsInvincible>
			<IsBulletProof>false</IsBulletProof>
			<IsCollisionProof>true</IsCollisionProof>
			<IsExplosionProof>false</IsExplosionProof>
			<IsFireProof>false</IsFireProof>
			<IsMeleeProof>false</IsMeleeProof>
			<IsOnlyDamagedByPlayer>false</IsOnlyDamagedByPlayer>
			<PositionRotation>
				<X>-515.716064</X>
				<Y>5741.56445</Y>
				<Z>44.625946</Z>
				<Pitch>75.7840195</Pitch>
				<Roll>169.911362</Roll>
				<Yaw>41.4778862</Yaw>
			</PositionRotation>
			<Attachment isAttached="true">
				<AttachedTo>41219</AttachedTo>
				<BoneIndex>3</BoneIndex>
				<X>0.0699999928</X>
				<Y>-0.0799999759</Y>
				<Z>0</Z>
				<Pitch>180</Pitch>
				<Roll>-90.0000153</Roll>
				<Yaw>-113.000008</Yaw>
			</Attachment>
		</Attachment>
		<Attachment>
			<ModelHash>0x43c01ef6</ModelHash>
			<Type>3</Type>
			<Dynamic>false</Dynamic>
			<FrozenPos>true</FrozenPos>
			<HashName>bkr_prop_meth_scoop_01a</HashName>
			<InitialHandle>57877</InitialHandle>
			<ObjectProperties>
				<TextureVariation>0</TextureVariation>
			</ObjectProperties>
			<OpacityLevel>255</OpacityLevel>
			<LodDistance>16960</LodDistance>
			<IsVisible>true</IsVisible>
			<MaxHealth>1000</MaxHealth>
			<Health>1000</Health>
			<HasGravity>true</HasGravity>
			<IsOnFire>false</IsOnFire>
			<IsInvincible>false</IsInvincible>
			<IsBulletProof>false</IsBulletProof>
			<IsCollisionProof>true</IsCollisionProof>
			<IsExplosionProof>false</IsExplosionProof>
			<IsFireProof>false</IsFireProof>
			<IsMeleeProof>false</IsMeleeProof>
			<IsOnlyDamagedByPlayer>false</IsOnlyDamagedByPlayer>
			<PositionRotation>
				<X>-515.808655</X>
				<Y>5741.70898</Y>
				<Z>44.693531</Z>
				<Pitch>-45.9402199</Pitch>
				<Roll>3.54657173</Roll>
				<Yaw>-145.75766</Yaw>
			</PositionRotation>
			<Attachment isAttached="true">
				<AttachedTo>41219</AttachedTo>
				<BoneIndex>3</BoneIndex>
				<X>0.029999733</X>
				<Y>0.100000001</Y>
				<Z>0</Z>
				<Pitch>-1.33514404e-05</Pitch>
				<Roll>89.9999847</Roll>
				<Yaw>-143</Yaw>
			</Attachment>
		</Attachment>
	</SpoonerAttachments>
</OutfitPedData>
