<?xml version="1.0"?>
<OutfitPedData>
	<ClearDecalOverlays>true</ClearDecalOverlays>
	<ModelHash>0x705e61f2</ModelHash>
	<Type>1</Type>
	<Dynamic>true</Dynamic>
	<FrozenPos>false</FrozenPos>
	<HashName>0x705e61f2</HashName>
	<InitialHandle>96286</InitialHandle>
	<PedProperties>
		<IsStill>false</IsStill>
		<CanRagdoll>false</CanRagdoll>
		<HasShortHeight>false</HasShortHeight>
		<CurrentWeapon>0xa2719263</CurrentWeapon>
		<PedProps>
			<_0>-1,-1</_0>
			<_1>25,0</_1>
			<_2>1,0</_2>
			<_3>-1,-1</_3>
			<_4>-1,-1</_4>
			<_5>-1,-1</_5>
			<_6>-1,-1</_6>
			<_7>-1,-1</_7>
			<_8>-1,-1</_8>
			<_9>-1,-1</_9>
		</PedProps>
		<PedComps>
			<_0>0,0</_0>
			<_1>0,0</_1>
			<_2>6,0</_2>
			<_3>33,0</_3>
			<_4>33,0</_4>
			<_5>0,0</_5>
			<_6>25,0</_6>
			<_7>112,2</_7>
			<_8>15,0</_8>
			<_9>21,9</_9>
			<_10>0,0</_10>
			<_11>53,0</_11>
		</PedComps>
		<HeadFeatures WasInArray="true">
			<ShapeAndSkinTone>
				<ShapeFatherId>37</ShapeFatherId>
				<ShapeMotherId>8</ShapeMotherId>
				<ShapeOverrideId>0</ShapeOverrideId>
				<ToneFatherId>37</ToneFatherId>
				<ToneMotherId>8</ToneMotherId>
				<ToneOverrideId>0</ToneOverrideId>
				<ShapeVal>0.0500000007</ShapeVal>
				<ToneVal>0</ToneVal>
				<OverrideVal>0</OverrideVal>
				<IsP>1</IsP>
			</ShapeAndSkinTone>
			<HairColour>0</HairColour>
			<HairColourStreaks>0</HairColourStreaks>
			<EyeColour>1</EyeColour>
			<FacialFeatures>
				<_0>0.000000</_0>
				<_1>0.000000</_1>
				<_2>0.000000</_2>
				<_3>0.000000</_3>
				<_4>0.000000</_4>
				<_5>0.000000</_5>
				<_6>0.000000</_6>
				<_7>0.000000</_7>
				<_8>0.000000</_8>
				<_9>0.000000</_9>
				<_10>0.000000</_10>
				<_11>0.000000</_11>
				<_12>0.000000</_12>
				<_13>0.000000</_13>
				<_14>0.000000</_14>
				<_15>0.000000</_15>
				<_16>0.000000</_16>
				<_17>0.000000</_17>
				<_18>0.000000</_18>
				<_19>0.000000</_19>
			</FacialFeatures>
			<Overlays>
				<_0 index="255" colour="0" colourSecondary="0" opacity="1" />
				<_1 index="255" colour="0" colourSecondary="0" opacity="1" />
				<_2 index="5" colour="0" colourSecondary="0" opacity="1" />
				<_3 index="255" colour="0" colourSecondary="0" opacity="1" />
				<_4 index="7" colour="0" colourSecondary="0" opacity="1" />
				<_5 index="0" colour="0" colourSecondary="0" opacity="1" />
				<_6 index="255" colour="0" colourSecondary="0" opacity="1" />
				<_7 index="255" colour="0" colourSecondary="0" opacity="1" />
				<_8 index="4" colour="0" colourSecondary="0" opacity="1" />
				<_9 index="255" colour="0" colourSecondary="0" opacity="1" />
				<_10 index="255" colour="0" colourSecondary="0" opacity="1" />
				<_11 index="255" colour="0" colourSecondary="0" opacity="1" />
				<_12 index="255" colour="0" colourSecondary="0" opacity="1" />
			</Overlays>
		</HeadFeatures>
		<TattooLogoDecals />
		<RelationshipGroupAltered>false</RelationshipGroupAltered>
		<RelationshipGroup>0x3933433b</RelationshipGroup>
		<ScenarioActive>false</ScenarioActive>
		<AnimActive>false</AnimActive>
	</PedProperties>
	<OpacityLevel>255</OpacityLevel>
	<LodDistance>240</LodDistance>
	<IsVisible>true</IsVisible>
	<MaxHealth>200</MaxHealth>
	<Health>200</Health>
	<HasGravity>true</HasGravity>
	<IsOnFire>false</IsOnFire>
	<IsInvincible>true</IsInvincible>
	<IsBulletProof>true</IsBulletProof>
	<IsCollisionProof>false</IsCollisionProof>
	<IsExplosionProof>true</IsExplosionProof>
	<IsFireProof>false</IsFireProof>
	<IsMeleeProof>true</IsMeleeProof>
	<IsOnlyDamagedByPlayer>false</IsOnlyDamagedByPlayer>
	<PositionRotation>
		<X>1978.67944</X>
		<Y>4597.9165</Y>
		<Z>40.576416</Z>
		<Pitch>0</Pitch>
		<Roll>-0</Roll>
		<Yaw>-143.252197</Yaw>
	</PositionRotation>
	<Attachment isAttached="false" />
	<SpoonerAttachments SetAttachmentsPersistentAndAddToSpoonerDatabase="true" StartTaskSequencesOnLoad="true">
		<Attachment>
			<ModelHash>0xb850dae8</ModelHash>
			<Type>3</Type>
			<Dynamic>true</Dynamic>
			<FrozenPos>true</FrozenPos>
			<HashName>w_pi_sns_pistol_mag2</HashName>
			<InitialHandle>63755</InitialHandle>
			<ObjectProperties>
				<TextureVariation>0</TextureVariation>
			</ObjectProperties>
			<OpacityLevel>255</OpacityLevel>
			<LodDistance>16960</LodDistance>
			<IsVisible>true</IsVisible>
			<MaxHealth>1000</MaxHealth>
			<Health>1000</Health>
			<HasGravity>true</HasGravity>
			<IsOnFire>false</IsOnFire>
			<IsInvincible>true</IsInvincible>
			<IsBulletProof>false</IsBulletProof>
			<IsCollisionProof>true</IsCollisionProof>
			<IsExplosionProof>true</IsExplosionProof>
			<IsFireProof>true</IsFireProof>
			<IsMeleeProof>true</IsMeleeProof>
			<IsOnlyDamagedByPlayer>false</IsOnlyDamagedByPlayer>
			<PositionRotation>
				<X>1978.39417</X>
				<Y>4597.73828</Y>
				<Z>40.4715919</Z>
				<Pitch>-3.48668122</Pitch>
				<Roll>148.532593</Roll>
				<Yaw>-69.5383911</Yaw>
			</PositionRotation>
			<Attachment isAttached="true">
				<AttachedTo>96286</AttachedTo>
				<BoneIndex>70</BoneIndex>
				<X>0.280000001</X>
				<Y>-0.00900000427</Y>
				<Z>0.0500000119</Z>
				<Pitch>-59.9999924</Pitch>
				<Roll>79.0000153</Roll>
				<Yaw>4.99999905</Yaw>
			</Attachment>
		</Attachment>
		<Attachment>
			<ModelHash>0x8e58f6ae</ModelHash>
			<Type>3</Type>
			<Dynamic>true</Dynamic>
			<FrozenPos>true</FrozenPos>
			<HashName>hei_prop_bank_alarm_01</HashName>
			<InitialHandle>90121</InitialHandle>
			<ObjectProperties>
				<TextureVariation>0</TextureVariation>
			</ObjectProperties>
			<OpacityLevel>255</OpacityLevel>
			<LodDistance>16960</LodDistance>
			<IsVisible>true</IsVisible>
			<MaxHealth>1000</MaxHealth>
			<Health>1000</Health>
			<HasGravity>true</HasGravity>
			<IsOnFire>false</IsOnFire>
			<IsInvincible>true</IsInvincible>
			<IsBulletProof>false</IsBulletProof>
			<IsCollisionProof>true</IsCollisionProof>
			<IsExplosionProof>true</IsExplosionProof>
			<IsFireProof>true</IsFireProof>
			<IsMeleeProof>true</IsMeleeProof>
			<IsOnlyDamagedByPlayer>false</IsOnlyDamagedByPlayer>
			<PositionRotation>
				<X>1978.79993</X>
				<Y>4597.8916</Y>
				<Z>40.9858284</Z>
				<Pitch>-17.727766</Pitch>
				<Roll>-172.737946</Roll>
				<Yaw>45.8236084</Yaw>
			</PositionRotation>
			<Attachment isAttached="true">
				<AttachedTo>96286</AttachedTo>
				<BoneIndex>38</BoneIndex>
				<X>0.121999964</X>
				<Y>0.10399992</Y>
				<Z>0.099999994</Z>
				<Pitch>-158.000015</Pitch>
				<Roll>-86.9999924</Roll>
				<Yaw>-13.9999962</Yaw>
			</Attachment>
		</Attachment>
		<Attachment>
			<ModelHash>0xb850dae8</ModelHash>
			<Type>3</Type>
			<Dynamic>true</Dynamic>
			<FrozenPos>true</FrozenPos>
			<HashName>w_pi_sns_pistol_mag2</HashName>
			<InitialHandle>115224</InitialHandle>
			<ObjectProperties>
				<TextureVariation>0</TextureVariation>
			</ObjectProperties>
			<OpacityLevel>255</OpacityLevel>
			<LodDistance>16960</LodDistance>
			<IsVisible>true</IsVisible>
			<MaxHealth>1000</MaxHealth>
			<Health>1000</Health>
			<HasGravity>true</HasGravity>
			<IsOnFire>false</IsOnFire>
			<IsInvincible>true</IsInvincible>
			<IsBulletProof>false</IsBulletProof>
			<IsCollisionProof>true</IsCollisionProof>
			<IsExplosionProof>true</IsExplosionProof>
			<IsFireProof>true</IsFireProof>
			<IsMeleeProof>true</IsMeleeProof>
			<IsOnlyDamagedByPlayer>false</IsOnlyDamagedByPlayer>
			<PositionRotation>
				<X>1978.38599</X>
				<Y>4597.77832</Y>
				<Z>40.5953598</Z>
				<Pitch>-8.69267368</Pitch>
				<Roll>147.346741</Roll>
				<Yaw>-68.9601288</Yaw>
			</PositionRotation>
			<Attachment isAttached="true">
				<AttachedTo>96286</AttachedTo>
				<BoneIndex>70</BoneIndex>
				<X>0.15000008</X>
				<Y>-0.0160000063</Y>
				<Z>0.0540000089</Z>
				<Pitch>-61.9999924</Pitch>
				<Roll>69.0000153</Roll>
				<Yaw>-5</Yaw>
			</Attachment>
		</Attachment>
		<Attachment>
			<ModelHash>0xb850dae8</ModelHash>
			<Type>3</Type>
			<Dynamic>true</Dynamic>
			<FrozenPos>true</FrozenPos>
			<HashName>w_pi_sns_pistol_mag2</HashName>
			<InitialHandle>23674</InitialHandle>
			<ObjectProperties>
				<TextureVariation>0</TextureVariation>
			</ObjectProperties>
			<OpacityLevel>255</OpacityLevel>
			<LodDistance>16960</LodDistance>
			<IsVisible>true</IsVisible>
			<MaxHealth>1000</MaxHealth>
			<Health>1000</Health>
			<HasGravity>true</HasGravity>
			<IsOnFire>false</IsOnFire>
			<IsInvincible>true</IsInvincible>
			<IsBulletProof>false</IsBulletProof>
			<IsCollisionProof>true</IsCollisionProof>
			<IsExplosionProof>true</IsExplosionProof>
			<IsFireProof>true</IsFireProof>
			<IsMeleeProof>true</IsMeleeProof>
			<IsOnlyDamagedByPlayer>false</IsOnlyDamagedByPlayer>
			<PositionRotation>
				<X>1978.38867</X>
				<Y>4597.85645</Y>
				<Z>40.8394699</Z>
				<Pitch>-9.76591682</Pitch>
				<Roll>159.623352</Roll>
				<Yaw>-71.2220383</Yaw>
			</PositionRotation>
			<Attachment isAttached="true">
				<AttachedTo>96286</AttachedTo>
				<BoneIndex>69</BoneIndex>
				<X>0.17399998</X>
				<Y>-0.0389999971</Y>
				<Z>0.0500000119</Z>
				<Pitch>-59.9999924</Pitch>
				<Roll>79.0000153</Roll>
				<Yaw>4.99999905</Yaw>
			</Attachment>
		</Attachment>
		<Attachment>
			<ModelHash>0xb850dae8</ModelHash>
			<Type>3</Type>
			<Dynamic>true</Dynamic>
			<FrozenPos>true</FrozenPos>
			<HashName>w_pi_sns_pistol_mag2</HashName>
			<InitialHandle>13346</InitialHandle>
			<ObjectProperties>
				<TextureVariation>0</TextureVariation>
			</ObjectProperties>
			<OpacityLevel>255</OpacityLevel>
			<LodDistance>16960</LodDistance>
			<IsVisible>true</IsVisible>
			<MaxHealth>1000</MaxHealth>
			<Health>1000</Health>
			<HasGravity>true</HasGravity>
			<IsOnFire>false</IsOnFire>
			<IsInvincible>true</IsInvincible>
			<IsBulletProof>false</IsBulletProof>
			<IsCollisionProof>true</IsCollisionProof>
			<IsExplosionProof>true</IsExplosionProof>
			<IsFireProof>true</IsFireProof>
			<IsMeleeProof>true</IsMeleeProof>
			<IsOnlyDamagedByPlayer>false</IsOnlyDamagedByPlayer>
			<PositionRotation>
				<X>1979.00085</X>
				<Y>4598.05518</Y>
				<Z>40.6280518</Z>
				<Pitch>7.48102999</Pitch>
				<Roll>143.704315</Roll>
				<Yaw>-62.8273964</Yaw>
			</PositionRotation>
			<Attachment isAttached="true">
				<AttachedTo>96286</AttachedTo>
				<BoneIndex>41</BoneIndex>
				<X>0.172000006</X>
				<Y>-0.0150000155</Y>
				<Z>-0.0519999862</Z>
				<Pitch>-111.999992</Pitch>
				<Roll>79.0000153</Roll>
				<Yaw>0.999999285</Yaw>
			</Attachment>
		</Attachment>
		<Attachment>
			<ModelHash>0xb850dae8</ModelHash>
			<Type>3</Type>
			<Dynamic>true</Dynamic>
			<FrozenPos>true</FrozenPos>
			<HashName>w_pi_sns_pistol_mag2</HashName>
			<InitialHandle>108831</InitialHandle>
			<ObjectProperties>
				<TextureVariation>0</TextureVariation>
			</ObjectProperties>
			<OpacityLevel>255</OpacityLevel>
			<LodDistance>16960</LodDistance>
			<IsVisible>true</IsVisible>
			<MaxHealth>1000</MaxHealth>
			<Health>1000</Health>
			<HasGravity>true</HasGravity>
			<IsOnFire>false</IsOnFire>
			<IsInvincible>true</IsInvincible>
			<IsBulletProof>false</IsBulletProof>
			<IsCollisionProof>true</IsCollisionProof>
			<IsExplosionProof>true</IsExplosionProof>
			<IsFireProof>true</IsFireProof>
			<IsMeleeProof>true</IsMeleeProof>
			<IsOnlyDamagedByPlayer>false</IsOnlyDamagedByPlayer>
			<PositionRotation>
				<X>1979.0304</X>
				<Y>4598.01416</Y>
				<Z>40.5112762</Z>
				<Pitch>-3.02593303</Pitch>
				<Roll>-170.207397</Roll>
				<Yaw>114.414528</Yaw>
			</PositionRotation>
			<Attachment isAttached="true">
				<AttachedTo>96286</AttachedTo>
				<BoneIndex>41</BoneIndex>
				<X>0.299000025</X>
				<Y>-0.014000006</Y>
				<Z>-0.0429999754</Z>
				<Pitch>68.0000305</Pitch>
				<Roll>61.7600555</Roll>
				<Yaw>15.0000038</Yaw>
			</Attachment>
		</Attachment>
		<Attachment>
			<ModelHash>0xff084195</ModelHash>
			<Type>3</Type>
			<Dynamic>true</Dynamic>
			<FrozenPos>true</FrozenPos>
			<HashName>prop_bar_coastbarr</HashName>
			<InitialHandle>41494</InitialHandle>
			<ObjectProperties>
				<TextureVariation>0</TextureVariation>
			</ObjectProperties>
			<OpacityLevel>255</OpacityLevel>
			<LodDistance>16960</LodDistance>
			<IsVisible>true</IsVisible>
			<MaxHealth>1000</MaxHealth>
			<Health>1000</Health>
			<HasGravity>true</HasGravity>
			<IsOnFire>false</IsOnFire>
			<IsInvincible>true</IsInvincible>
			<IsBulletProof>false</IsBulletProof>
			<IsCollisionProof>true</IsCollisionProof>
			<IsExplosionProof>true</IsExplosionProof>
			<IsFireProof>true</IsFireProof>
			<IsMeleeProof>true</IsMeleeProof>
			<IsOnlyDamagedByPlayer>false</IsOnlyDamagedByPlayer>
			<PositionRotation>
				<X>1978.60571</X>
				<Y>4598.08154</Y>
				<Z>41.0846443</Z>
				<Pitch>39.0167961</Pitch>
				<Roll>2.68149424</Roll>
				<Yaw>-157.23468</Yaw>
			</PositionRotation>
			<Attachment isAttached="true">
				<AttachedTo>96286</AttachedTo>
				<BoneIndex>38</BoneIndex>
				<X>0.243000016</X>
				<Y>-0.14000003</Y>
				<Z>0.00300000072</Z>
				<Pitch>178.899734</Pitch>
				<Roll>-90.0000153</Roll>
				<Yaw>145.000015</Yaw>
			</Attachment>
		</Attachment>
		<Attachment>
			<ModelHash>0x3eea2a56</ModelHash>
			<Type>3</Type>
			<Dynamic>true</Dynamic>
			<FrozenPos>true</FrozenPos>
			<HashName>prop_toaster_02</HashName>
			<InitialHandle>135017</InitialHandle>
			<ObjectProperties>
				<TextureVariation>0</TextureVariation>
			</ObjectProperties>
			<OpacityLevel>255</OpacityLevel>
			<LodDistance>16960</LodDistance>
			<IsVisible>true</IsVisible>
			<MaxHealth>1000</MaxHealth>
			<Health>1000</Health>
			<HasGravity>true</HasGravity>
			<IsOnFire>false</IsOnFire>
			<IsInvincible>true</IsInvincible>
			<IsBulletProof>false</IsBulletProof>
			<IsCollisionProof>true</IsCollisionProof>
			<IsExplosionProof>true</IsExplosionProof>
			<IsFireProof>true</IsFireProof>
			<IsMeleeProof>true</IsMeleeProof>
			<IsOnlyDamagedByPlayer>false</IsOnlyDamagedByPlayer>
			<PositionRotation>
				<X>1978.729</X>
				<Y>4597.92285</Y>
				<Z>41.0374947</Z>
				<Pitch>2.77599621</Pitch>
				<Roll>-124.011215</Roll>
				<Yaw>-66.4012985</Yaw>
			</PositionRotation>
			<Attachment isAttached="true">
				<AttachedTo>96286</AttachedTo>
				<BoneIndex>38</BoneIndex>
				<X>0.180000007</X>
				<Y>0.050999701</Y>
				<Z>0.049999997</Z>
				<Pitch>89.9999924</Pitch>
				<Roll>-59.9999962</Roll>
				<Yaw>29.9999962</Yaw>
			</Attachment>
		</Attachment>
		<Attachment>
			<ModelHash>0x942bab11</ModelHash>
			<Type>3</Type>
			<Dynamic>true</Dynamic>
			<FrozenPos>true</FrozenPos>
			<HashName>w_sb_smg_boxmag</HashName>
			<InitialHandle>44415</InitialHandle>
			<ObjectProperties>
				<TextureVariation>0</TextureVariation>
			</ObjectProperties>
			<OpacityLevel>255</OpacityLevel>
			<LodDistance>16960</LodDistance>
			<IsVisible>true</IsVisible>
			<MaxHealth>1000</MaxHealth>
			<Health>1000</Health>
			<HasGravity>true</HasGravity>
			<IsOnFire>false</IsOnFire>
			<IsInvincible>true</IsInvincible>
			<IsBulletProof>false</IsBulletProof>
			<IsCollisionProof>true</IsCollisionProof>
			<IsExplosionProof>true</IsExplosionProof>
			<IsFireProof>true</IsFireProof>
			<IsMeleeProof>true</IsMeleeProof>
			<IsOnlyDamagedByPlayer>false</IsOnlyDamagedByPlayer>
			<PositionRotation>
				<X>1978.40845</X>
				<Y>4597.86475</Y>
				<Z>40.922287</Z>
				<Pitch>4.99062967</Pitch>
				<Roll>7.70728254</Roll>
				<Yaw>-160.457001</Yaw>
			</PositionRotation>
			<Attachment isAttached="true">
				<AttachedTo>96286</AttachedTo>
				<BoneIndex>96</BoneIndex>
				<X>-0.190000013</X>
				<Y>-0.0300000012</Y>
				<Z>0.049999997</Z>
				<Pitch>29.9999962</Pitch>
				<Roll>-69.9999924</Roll>
				<Yaw>0</Yaw>
			</Attachment>
		</Attachment>
		<Attachment>
			<ModelHash>0x942bab11</ModelHash>
			<Type>3</Type>
			<Dynamic>true</Dynamic>
			<FrozenPos>true</FrozenPos>
			<HashName>w_sb_smg_boxmag</HashName>
			<InitialHandle>79207</InitialHandle>
			<ObjectProperties>
				<TextureVariation>0</TextureVariation>
			</ObjectProperties>
			<OpacityLevel>255</OpacityLevel>
			<LodDistance>16960</LodDistance>
			<IsVisible>true</IsVisible>
			<MaxHealth>1000</MaxHealth>
			<Health>1000</Health>
			<HasGravity>true</HasGravity>
			<IsOnFire>false</IsOnFire>
			<IsInvincible>true</IsInvincible>
			<IsBulletProof>false</IsBulletProof>
			<IsCollisionProof>true</IsCollisionProof>
			<IsExplosionProof>true</IsExplosionProof>
			<IsFireProof>true</IsFireProof>
			<IsMeleeProof>true</IsMeleeProof>
			<IsOnlyDamagedByPlayer>false</IsOnlyDamagedByPlayer>
			<PositionRotation>
				<X>1978.89844</X>
				<Y>4598.10107</Y>
				<Z>40.9527168</Z>
				<Pitch>-4.43734789</Pitch>
				<Roll>3.81088424</Roll>
				<Yaw>36.4997063</Yaw>
			</PositionRotation>
			<Attachment isAttached="true">
				<AttachedTo>96286</AttachedTo>
				<BoneIndex>67</BoneIndex>
				<X>-0.180000007</X>
				<Y>-0.0200000033</Y>
				<Z>-0.0499999896</Z>
				<Pitch>29.9999809</Pitch>
				<Roll>110</Roll>
				<Yaw>-179.999985</Yaw>
			</Attachment>
		</Attachment>
		<Attachment>
			<ModelHash>0x56d3d7e9</ModelHash>
			<Type>3</Type>
			<Dynamic>true</Dynamic>
			<FrozenPos>true</FrozenPos>
			<HashName>prop_cs_power_cell</HashName>
			<InitialHandle>100378</InitialHandle>
			<ObjectProperties>
				<TextureVariation>0</TextureVariation>
			</ObjectProperties>
			<OpacityLevel>255</OpacityLevel>
			<LodDistance>16960</LodDistance>
			<IsVisible>true</IsVisible>
			<MaxHealth>1000</MaxHealth>
			<Health>1000</Health>
			<HasGravity>true</HasGravity>
			<IsOnFire>false</IsOnFire>
			<IsInvincible>true</IsInvincible>
			<IsBulletProof>false</IsBulletProof>
			<IsCollisionProof>true</IsCollisionProof>
			<IsExplosionProof>true</IsExplosionProof>
			<IsFireProof>true</IsFireProof>
			<IsMeleeProof>true</IsMeleeProof>
			<IsOnlyDamagedByPlayer>false</IsOnlyDamagedByPlayer>
			<PositionRotation>
				<X>1978.58801</X>
				<Y>4597.9668</Y>
				<Z>40.9650841</Z>
				<Pitch>58.1800957</Pitch>
				<Roll>84.7295761</Roll>
				<Yaw>28.0805397</Yaw>
			</PositionRotation>
			<Attachment isAttached="true">
				<AttachedTo>96286</AttachedTo>
				<BoneIndex>38</BoneIndex>
				<X>0.119999982</X>
				<Y>-0.049999997</Y>
				<Z>-0.0649999902</Z>
				<Pitch>0</Pitch>
				<Roll>0</Roll>
				<Yaw>-117.700027</Yaw>
			</Attachment>
		</Attachment>
		<Attachment>
			<ModelHash>0x942bab11</ModelHash>
			<Type>3</Type>
			<Dynamic>true</Dynamic>
			<FrozenPos>true</FrozenPos>
			<HashName>w_sb_smg_boxmag</HashName>
			<InitialHandle>24349</InitialHandle>
			<ObjectProperties>
				<TextureVariation>0</TextureVariation>
			</ObjectProperties>
			<OpacityLevel>255</OpacityLevel>
			<LodDistance>16960</LodDistance>
			<IsVisible>true</IsVisible>
			<MaxHealth>1000</MaxHealth>
			<Health>1000</Health>
			<HasGravity>true</HasGravity>
			<IsOnFire>false</IsOnFire>
			<IsInvincible>true</IsInvincible>
			<IsBulletProof>false</IsBulletProof>
			<IsCollisionProof>true</IsCollisionProof>
			<IsExplosionProof>true</IsExplosionProof>
			<IsFireProof>true</IsFireProof>
			<IsMeleeProof>true</IsMeleeProof>
			<IsOnlyDamagedByPlayer>false</IsOnlyDamagedByPlayer>
			<PositionRotation>
				<X>1978.7738</X>
				<Y>4598.03369</Y>
				<Z>41.1543159</Z>
				<Pitch>-4.43734312</Pitch>
				<Roll>-26.1891193</Roll>
				<Yaw>36.4996948</Yaw>
			</PositionRotation>
			<Attachment isAttached="true">
				<AttachedTo>96286</AttachedTo>
				<BoneIndex>40</BoneIndex>
				<X>-0.12999998</X>
				<Y>0.00999996345</Y>
				<Z>0.0200000033</Z>
				<Pitch>29.9999657</Pitch>
				<Roll>80</Roll>
				<Yaw>-179.999985</Yaw>
			</Attachment>
		</Attachment>
		<Attachment>
			<ModelHash>0xb850dae8</ModelHash>
			<Type>3</Type>
			<Dynamic>true</Dynamic>
			<FrozenPos>true</FrozenPos>
			<HashName>w_pi_sns_pistol_mag2</HashName>
			<InitialHandle>151337</InitialHandle>
			<ObjectProperties>
				<TextureVariation>0</TextureVariation>
			</ObjectProperties>
			<OpacityLevel>255</OpacityLevel>
			<LodDistance>16960</LodDistance>
			<IsVisible>true</IsVisible>
			<MaxHealth>1000</MaxHealth>
			<Health>1000</Health>
			<HasGravity>true</HasGravity>
			<IsOnFire>false</IsOnFire>
			<IsInvincible>true</IsInvincible>
			<IsBulletProof>false</IsBulletProof>
			<IsCollisionProof>true</IsCollisionProof>
			<IsExplosionProof>true</IsExplosionProof>
			<IsFireProof>true</IsFireProof>
			<IsMeleeProof>true</IsMeleeProof>
			<IsOnlyDamagedByPlayer>false</IsOnlyDamagedByPlayer>
			<PositionRotation>
				<X>1978.93176</X>
				<Y>4598.11523</Y>
				<Z>40.8692551</Z>
				<Pitch>13.6571589</Pitch>
				<Roll>160.127548</Roll>
				<Yaw>-52.5173225</Yaw>
			</PositionRotation>
			<Attachment isAttached="true">
				<AttachedTo>96286</AttachedTo>
				<BoneIndex>40</BoneIndex>
				<X>0.193999991</X>
				<Y>-0.0290000048</Y>
				<Z>-0.05999998</Z>
				<Pitch>-119.999985</Pitch>
				<Roll>79.0000153</Roll>
				<Yaw>4.99999905</Yaw>
			</Attachment>
		</Attachment>
		<Attachment>
			<ModelHash>0xb850dae8</ModelHash>
			<Type>3</Type>
			<Dynamic>true</Dynamic>
			<FrozenPos>true</FrozenPos>
			<HashName>w_pi_sns_pistol_mag2</HashName>
			<InitialHandle>42527</InitialHandle>
			<ObjectProperties>
				<TextureVariation>0</TextureVariation>
			</ObjectProperties>
			<OpacityLevel>255</OpacityLevel>
			<LodDistance>16960</LodDistance>
			<IsVisible>true</IsVisible>
			<MaxHealth>1000</MaxHealth>
			<Health>1000</Health>
			<HasGravity>true</HasGravity>
			<IsOnFire>false</IsOnFire>
			<IsInvincible>true</IsInvincible>
			<IsBulletProof>false</IsBulletProof>
			<IsCollisionProof>true</IsCollisionProof>
			<IsExplosionProof>true</IsExplosionProof>
			<IsFireProof>true</IsFireProof>
			<IsMeleeProof>true</IsMeleeProof>
			<IsOnlyDamagedByPlayer>false</IsOnlyDamagedByPlayer>
			<PositionRotation>
				<X>1978.93982</X>
				<Y>4598.11865</Y>
				<Z>40.8405304</Z>
				<Pitch>13.6571589</Pitch>
				<Roll>160.127548</Roll>
				<Yaw>-52.5173225</Yaw>
			</PositionRotation>
			<Attachment isAttached="true">
				<AttachedTo>96286</AttachedTo>
				<BoneIndex>40</BoneIndex>
				<X>0.224000007</X>
				<Y>-0.0290000066</Y>
				<Z>-0.05999998</Z>
				<Pitch>-119.999985</Pitch>
				<Roll>79.0000153</Roll>
				<Yaw>4.99999905</Yaw>
			</Attachment>
		</Attachment>
		<Attachment>
			<ModelHash>0x942bab11</ModelHash>
			<Type>3</Type>
			<Dynamic>true</Dynamic>
			<FrozenPos>true</FrozenPos>
			<HashName>w_sb_smg_boxmag</HashName>
			<InitialHandle>59673</InitialHandle>
			<ObjectProperties>
				<TextureVariation>0</TextureVariation>
			</ObjectProperties>
			<OpacityLevel>255</OpacityLevel>
			<LodDistance>16960</LodDistance>
			<IsVisible>true</IsVisible>
			<MaxHealth>1000</MaxHealth>
			<Health>1000</Health>
			<HasGravity>true</HasGravity>
			<IsOnFire>false</IsOnFire>
			<IsInvincible>true</IsInvincible>
			<IsBulletProof>false</IsBulletProof>
			<IsCollisionProof>true</IsCollisionProof>
			<IsExplosionProof>true</IsExplosionProof>
			<IsFireProof>true</IsFireProof>
			<IsMeleeProof>true</IsMeleeProof>
			<IsOnlyDamagedByPlayer>false</IsOnlyDamagedByPlayer>
			<PositionRotation>
				<X>1978.7561</X>
				<Y>4598.02148</Y>
				<Z>41.1480064</Z>
				<Pitch>-4.43733788</Pitch>
				<Roll>-46.1891098</Roll>
				<Yaw>36.4996948</Yaw>
			</PositionRotation>
			<Attachment isAttached="true">
				<AttachedTo>96286</AttachedTo>
				<BoneIndex>40</BoneIndex>
				<X>-0.12999998</X>
				<Y>0.0199999623</Y>
				<Z>0.0399999991</Z>
				<Pitch>29.9999657</Pitch>
				<Roll>60</Roll>
				<Yaw>-179.999985</Yaw>
			</Attachment>
		</Attachment>
		<Attachment>
			<ModelHash>0x4f8fc975</ModelHash>
			<Type>3</Type>
			<Dynamic>true</Dynamic>
			<FrozenPos>true</FrozenPos>
			<HashName>v_ilev_ta_tatgun</HashName>
			<InitialHandle>86874</InitialHandle>
			<ObjectProperties>
				<TextureVariation>0</TextureVariation>
			</ObjectProperties>
			<OpacityLevel>255</OpacityLevel>
			<LodDistance>16960</LodDistance>
			<IsVisible>true</IsVisible>
			<MaxHealth>1000</MaxHealth>
			<Health>1000</Health>
			<HasGravity>true</HasGravity>
			<IsOnFire>false</IsOnFire>
			<IsInvincible>true</IsInvincible>
			<IsBulletProof>false</IsBulletProof>
			<IsCollisionProof>true</IsCollisionProof>
			<IsExplosionProof>true</IsExplosionProof>
			<IsFireProof>true</IsFireProof>
			<IsMeleeProof>true</IsMeleeProof>
			<IsOnlyDamagedByPlayer>false</IsOnlyDamagedByPlayer>
			<PositionRotation>
				<X>1978.89038</X>
				<Y>4598.1001</Y>
				<Z>41.016777</Z>
				<Pitch>-1.60012364</Pitch>
				<Roll>93.3038025</Roll>
				<Yaw>26.8963337</Yaw>
			</PositionRotation>
			<Attachment isAttached="true">
				<AttachedTo>96286</AttachedTo>
				<BoneIndex>40</BoneIndex>
				<X>0.0399999917</X>
				<Y>-0.0300000012</Y>
				<Z>-0.0599999949</Z>
				<Pitch>159.999985</Pitch>
				<Roll>20.0000038</Roll>
				<Yaw>-1.90734863e-06</Yaw>
			</Attachment>
		</Attachment>
		<Attachment>
			<ModelHash>0x3eea2a56</ModelHash>
			<Type>3</Type>
			<Dynamic>true</Dynamic>
			<FrozenPos>true</FrozenPos>
			<HashName>prop_toaster_02</HashName>
			<InitialHandle>162404</InitialHandle>
			<ObjectProperties>
				<TextureVariation>0</TextureVariation>
			</ObjectProperties>
			<OpacityLevel>255</OpacityLevel>
			<LodDistance>16960</LodDistance>
			<IsVisible>true</IsVisible>
			<MaxHealth>1000</MaxHealth>
			<Health>1000</Health>
			<HasGravity>true</HasGravity>
			<IsOnFire>false</IsOnFire>
			<IsInvincible>true</IsInvincible>
			<IsBulletProof>false</IsBulletProof>
			<IsCollisionProof>true</IsCollisionProof>
			<IsExplosionProof>true</IsExplosionProof>
			<IsFireProof>true</IsFireProof>
			<IsMeleeProof>true</IsMeleeProof>
			<IsOnlyDamagedByPlayer>false</IsOnlyDamagedByPlayer>
			<PositionRotation>
				<X>1978.64661</X>
				<Y>4597.88672</Y>
				<Z>41.0331345</Z>
				<Pitch>2.77599621</Pitch>
				<Roll>-124.011215</Roll>
				<Yaw>-66.4012985</Yaw>
			</PositionRotation>
			<Attachment isAttached="true">
				<AttachedTo>96286</AttachedTo>
				<BoneIndex>38</BoneIndex>
				<X>0.180000007</X>
				<Y>0.050999701</Y>
				<Z>-0.0399999879</Z>
				<Pitch>89.9999924</Pitch>
				<Roll>-59.9999962</Roll>
				<Yaw>29.9999962</Yaw>
			</Attachment>
		</Attachment>
		<Attachment>
			<ModelHash>0x56d3d7e9</ModelHash>
			<Type>3</Type>
			<Dynamic>true</Dynamic>
			<FrozenPos>true</FrozenPos>
			<HashName>prop_cs_power_cell</HashName>
			<InitialHandle>88416</InitialHandle>
			<ObjectProperties>
				<TextureVariation>0</TextureVariation>
			</ObjectProperties>
			<OpacityLevel>255</OpacityLevel>
			<LodDistance>16960</LodDistance>
			<IsVisible>true</IsVisible>
			<MaxHealth>1000</MaxHealth>
			<Health>1000</Health>
			<HasGravity>true</HasGravity>
			<IsOnFire>false</IsOnFire>
			<IsInvincible>true</IsInvincible>
			<IsBulletProof>false</IsBulletProof>
			<IsCollisionProof>true</IsCollisionProof>
			<IsExplosionProof>true</IsExplosionProof>
			<IsFireProof>true</IsFireProof>
			<IsMeleeProof>true</IsMeleeProof>
			<IsOnlyDamagedByPlayer>false</IsOnlyDamagedByPlayer>
			<PositionRotation>
				<X>1978.7207</X>
				<Y>4598.02441</Y>
				<Z>40.9721069</Z>
				<Pitch>58.1800957</Pitch>
				<Roll>84.7295761</Roll>
				<Yaw>28.0805397</Yaw>
			</PositionRotation>
			<Attachment isAttached="true">
				<AttachedTo>96286</AttachedTo>
				<BoneIndex>38</BoneIndex>
				<X>0.119999982</X>
				<Y>-0.049999997</Y>
				<Z>0.0800000057</Z>
				<Pitch>0</Pitch>
				<Roll>0</Roll>
				<Yaw>-117.700027</Yaw>
			</Attachment>
		</Attachment>
		<Attachment>
			<ModelHash>0x942bab11</ModelHash>
			<Type>3</Type>
			<Dynamic>true</Dynamic>
			<FrozenPos>true</FrozenPos>
			<HashName>w_sb_smg_boxmag</HashName>
			<InitialHandle>118899</InitialHandle>
			<ObjectProperties>
				<TextureVariation>0</TextureVariation>
			</ObjectProperties>
			<OpacityLevel>255</OpacityLevel>
			<LodDistance>16960</LodDistance>
			<IsVisible>true</IsVisible>
			<MaxHealth>1000</MaxHealth>
			<Health>1000</Health>
			<HasGravity>true</HasGravity>
			<IsOnFire>false</IsOnFire>
			<IsInvincible>true</IsInvincible>
			<IsBulletProof>false</IsBulletProof>
			<IsCollisionProof>true</IsCollisionProof>
			<IsExplosionProof>true</IsExplosionProof>
			<IsFireProof>true</IsFireProof>
			<IsMeleeProof>true</IsMeleeProof>
			<IsOnlyDamagedByPlayer>false</IsOnlyDamagedByPlayer>
			<PositionRotation>
				<X>1978.54724</X>
				<Y>4597.93604</Y>
				<Z>41.1011124</Z>
				<Pitch>5.4134798</Pitch>
				<Roll>-37.1147079</Roll>
				<Yaw>-162.419952</Yaw>
			</PositionRotation>
			<Attachment isAttached="true">
				<AttachedTo>96286</AttachedTo>
				<BoneIndex>69</BoneIndex>
				<X>-0.119999982</X>
				<Y>0.019999966</Y>
				<Z>-0.0499999896</Z>
				<Pitch>147.999954</Pitch>
				<Roll>65</Roll>
				<Yaw>-179.999985</Yaw>
			</Attachment>
		</Attachment>
		<Attachment>
			<ModelHash>0x942bab11</ModelHash>
			<Type>3</Type>
			<Dynamic>true</Dynamic>
			<FrozenPos>true</FrozenPos>
			<HashName>w_sb_smg_boxmag</HashName>
			<InitialHandle>51797</InitialHandle>
			<ObjectProperties>
				<TextureVariation>0</TextureVariation>
			</ObjectProperties>
			<OpacityLevel>255</OpacityLevel>
			<LodDistance>16960</LodDistance>
			<IsVisible>true</IsVisible>
			<MaxHealth>1000</MaxHealth>
			<Health>1000</Health>
			<HasGravity>true</HasGravity>
			<IsOnFire>false</IsOnFire>
			<IsInvincible>true</IsInvincible>
			<IsBulletProof>false</IsBulletProof>
			<IsCollisionProof>true</IsCollisionProof>
			<IsExplosionProof>true</IsExplosionProof>
			<IsFireProof>true</IsFireProof>
			<IsMeleeProof>true</IsMeleeProof>
			<IsOnlyDamagedByPlayer>false</IsOnlyDamagedByPlayer>
			<PositionRotation>
				<X>1978.54895</X>
				<Y>4597.9375</Y>
				<Z>41.1108437</Z>
				<Pitch>5.41347837</Pitch>
				<Roll>-47.1147156</Roll>
				<Yaw>-162.419952</Yaw>
			</PositionRotation>
			<Attachment isAttached="true">
				<AttachedTo>96286</AttachedTo>
				<BoneIndex>69</BoneIndex>
				<X>-0.12999998</X>
				<Y>0.019999966</Y>
				<Z>-0.0499999896</Z>
				<Pitch>147.999954</Pitch>
				<Roll>55</Roll>
				<Yaw>-179.999985</Yaw>
			</Attachment>
		</Attachment>
		<Attachment>
			<ModelHash>0xb850dae8</ModelHash>
			<Type>3</Type>
			<Dynamic>true</Dynamic>
			<FrozenPos>true</FrozenPos>
			<HashName>w_pi_sns_pistol_mag2</HashName>
			<InitialHandle>27911</InitialHandle>
			<ObjectProperties>
				<TextureVariation>0</TextureVariation>
			</ObjectProperties>
			<OpacityLevel>255</OpacityLevel>
			<LodDistance>16960</LodDistance>
			<IsVisible>true</IsVisible>
			<MaxHealth>1000</MaxHealth>
			<Health>1000</Health>
			<HasGravity>true</HasGravity>
			<IsOnFire>false</IsOnFire>
			<IsInvincible>true</IsInvincible>
			<IsBulletProof>false</IsBulletProof>
			<IsCollisionProof>true</IsCollisionProof>
			<IsExplosionProof>true</IsExplosionProof>
			<IsFireProof>true</IsFireProof>
			<IsMeleeProof>true</IsMeleeProof>
			<IsOnlyDamagedByPlayer>false</IsOnlyDamagedByPlayer>
			<PositionRotation>
				<X>1978.37659</X>
				<Y>4597.8457</Y>
				<Z>40.7713356</Z>
				<Pitch>-9.76591682</Pitch>
				<Roll>159.623352</Roll>
				<Yaw>-71.2220383</Yaw>
			</PositionRotation>
			<Attachment isAttached="true">
				<AttachedTo>96286</AttachedTo>
				<BoneIndex>69</BoneIndex>
				<X>0.244000003</X>
				<Y>-0.0389999971</Y>
				<Z>0.0500000119</Z>
				<Pitch>-59.9999924</Pitch>
				<Roll>79.0000153</Roll>
				<Yaw>4.99999905</Yaw>
			</Attachment>
		</Attachment>
		<Attachment>
			<ModelHash>0x4f8fc975</ModelHash>
			<Type>3</Type>
			<Dynamic>true</Dynamic>
			<FrozenPos>true</FrozenPos>
			<HashName>v_ilev_ta_tatgun</HashName>
			<InitialHandle>12896</InitialHandle>
			<ObjectProperties>
				<TextureVariation>0</TextureVariation>
			</ObjectProperties>
			<OpacityLevel>255</OpacityLevel>
			<LodDistance>16960</LodDistance>
			<IsVisible>true</IsVisible>
			<MaxHealth>1000</MaxHealth>
			<Health>1000</Health>
			<HasGravity>true</HasGravity>
			<IsOnFire>false</IsOnFire>
			<IsInvincible>true</IsInvincible>
			<IsBulletProof>false</IsBulletProof>
			<IsCollisionProof>true</IsCollisionProof>
			<IsExplosionProof>true</IsExplosionProof>
			<IsFireProof>true</IsFireProof>
			<IsMeleeProof>true</IsMeleeProof>
			<IsOnlyDamagedByPlayer>false</IsOnlyDamagedByPlayer>
			<PositionRotation>
				<X>1978.41272</X>
				<Y>4597.87891</Y>
				<Z>40.9796677</Z>
				<Pitch>4.99062109</Pitch>
				<Roll>97.7072678</Roll>
				<Yaw>-160.457001</Yaw>
			</PositionRotation>
			<Attachment isAttached="true">
				<AttachedTo>96286</AttachedTo>
				<BoneIndex>69</BoneIndex>
				<X>0.02999999</X>
				<Y>-0.0399999991</Y>
				<Z>0.049999997</Z>
				<Pitch>29.9999809</Pitch>
				<Roll>20.0000038</Roll>
				<Yaw>-1.33514404e-05</Yaw>
			</Attachment>
		</Attachment>
		<Attachment>
			<ModelHash>0x57a995a1</ModelHash>
			<Type>3</Type>
			<Dynamic>true</Dynamic>
			<FrozenPos>true</FrozenPos>
			<HashName>prop_gas_mask_hang_01bb</HashName>
			<InitialHandle>39768</InitialHandle>
			<ObjectProperties>
				<TextureVariation>0</TextureVariation>
			</ObjectProperties>
			<OpacityLevel>255</OpacityLevel>
			<LodDistance>16960</LodDistance>
			<IsVisible>true</IsVisible>
			<MaxHealth>1000</MaxHealth>
			<Health>1000</Health>
			<HasGravity>true</HasGravity>
			<IsOnFire>false</IsOnFire>
			<IsInvincible>true</IsInvincible>
			<IsBulletProof>false</IsBulletProof>
			<IsCollisionProof>true</IsCollisionProof>
			<IsExplosionProof>true</IsExplosionProof>
			<IsFireProof>true</IsFireProof>
			<IsMeleeProof>true</IsMeleeProof>
			<IsOnlyDamagedByPlayer>false</IsOnlyDamagedByPlayer>
			<PositionRotation>
				<X>1978.73657</X>
				<Y>4597.89893</Y>
				<Z>41.2470589</Z>
				<Pitch>-15.4491644</Pitch>
				<Roll>2.22523761</Roll>
				<Yaw>-18.6509514</Yaw>
			</PositionRotation>
			<Attachment isAttached="true">
				<AttachedTo>96286</AttachedTo>
				<BoneIndex>98</BoneIndex>
				<X>0.0519999675</X>
				<Y>0.0449999906</Y>
				<Z>0.0250000004</Z>
				<Pitch>119.999985</Pitch>
				<Roll>99.9999924</Roll>
				<Yaw>-20.0000038</Yaw>
			</Attachment>
		</Attachment>
		<Attachment>
			<ModelHash>0x3c479cbe</ModelHash>
			<Type>3</Type>
			<Dynamic>true</Dynamic>
			<FrozenPos>true</FrozenPos>
			<HashName>prop_welding_mask_01_s</HashName>
			<InitialHandle>77848</InitialHandle>
			<ObjectProperties>
				<TextureVariation>0</TextureVariation>
			</ObjectProperties>
			<OpacityLevel>255</OpacityLevel>
			<LodDistance>16960</LodDistance>
			<IsVisible>true</IsVisible>
			<MaxHealth>1000</MaxHealth>
			<Health>1000</Health>
			<HasGravity>true</HasGravity>
			<IsOnFire>false</IsOnFire>
			<IsInvincible>true</IsInvincible>
			<IsBulletProof>false</IsBulletProof>
			<IsCollisionProof>true</IsCollisionProof>
			<IsExplosionProof>true</IsExplosionProof>
			<IsFireProof>true</IsFireProof>
			<IsMeleeProof>true</IsMeleeProof>
			<IsOnlyDamagedByPlayer>false</IsOnlyDamagedByPlayer>
			<PositionRotation>
				<X>1978.74414</X>
				<Y>4597.87939</Y>
				<Z>41.2952271</Z>
				<Pitch>-69.5055389</Pitch>
				<Roll>-44.3711395</Roll>
				<Yaw>-179.421783</Yaw>
			</PositionRotation>
			<Attachment isAttached="true">
				<AttachedTo>96286</AttachedTo>
				<BoneIndex>98</BoneIndex>
				<X>0.0999999866</X>
				<Y>0.0599999949</Y>
				<Z>0.00999999885</Z>
				<Pitch>-3.99999809</Pitch>
				<Roll>86.9999924</Roll>
				<Yaw>68.9999924</Yaw>
			</Attachment>
		</Attachment>
		<Attachment>
			<ModelHash>0x3c479cbe</ModelHash>
			<Type>3</Type>
			<Dynamic>true</Dynamic>
			<FrozenPos>true</FrozenPos>
			<HashName>prop_welding_mask_01_s</HashName>
			<InitialHandle>93558</InitialHandle>
			<ObjectProperties>
				<TextureVariation>0</TextureVariation>
			</ObjectProperties>
			<OpacityLevel>255</OpacityLevel>
			<LodDistance>16960</LodDistance>
			<IsVisible>true</IsVisible>
			<MaxHealth>1000</MaxHealth>
			<Health>1000</Health>
			<HasGravity>true</HasGravity>
			<IsOnFire>false</IsOnFire>
			<IsInvincible>true</IsInvincible>
			<IsBulletProof>false</IsBulletProof>
			<IsCollisionProof>true</IsCollisionProof>
			<IsExplosionProof>true</IsExplosionProof>
			<IsFireProof>true</IsFireProof>
			<IsMeleeProof>true</IsMeleeProof>
			<IsOnlyDamagedByPlayer>false</IsOnlyDamagedByPlayer>
			<PositionRotation>
				<X>1978.74414</X>
				<Y>4597.87939</Y>
				<Z>41.2952271</Z>
				<Pitch>-52.1738205</Pitch>
				<Roll>-24.1362896</Roll>
				<Yaw>-158.163666</Yaw>
			</PositionRotation>
			<Attachment isAttached="true">
				<AttachedTo>96286</AttachedTo>
				<BoneIndex>98</BoneIndex>
				<X>0.0999999866</X>
				<Y>0.0599999949</Y>
				<Z>0.00999999885</Z>
				<Pitch>-3.99999809</Pitch>
				<Roll>86.9999924</Roll>
				<Yaw>48.9999924</Yaw>
			</Attachment>
		</Attachment>
		<Attachment>
			<ModelHash>0x3c479cbe</ModelHash>
			<Type>3</Type>
			<Dynamic>true</Dynamic>
			<FrozenPos>true</FrozenPos>
			<HashName>prop_welding_mask_01_s</HashName>
			<InitialHandle>7427</InitialHandle>
			<ObjectProperties>
				<TextureVariation>0</TextureVariation>
			</ObjectProperties>
			<OpacityLevel>255</OpacityLevel>
			<LodDistance>16960</LodDistance>
			<IsVisible>true</IsVisible>
			<MaxHealth>1000</MaxHealth>
			<Health>1000</Health>
			<HasGravity>true</HasGravity>
			<IsOnFire>false</IsOnFire>
			<IsInvincible>true</IsInvincible>
			<IsBulletProof>false</IsBulletProof>
			<IsCollisionProof>true</IsCollisionProof>
			<IsExplosionProof>true</IsExplosionProof>
			<IsFireProof>true</IsFireProof>
			<IsMeleeProof>true</IsMeleeProof>
			<IsOnlyDamagedByPlayer>false</IsOnlyDamagedByPlayer>
			<PositionRotation>
				<X>1978.74414</X>
				<Y>4597.87939</Y>
				<Z>41.2952271</Z>
				<Pitch>-33.119072</Pitch>
				<Roll>-17.1051922</Roll>
				<Yaw>-149.987396</Yaw>
			</PositionRotation>
			<Attachment isAttached="true">
				<AttachedTo>96286</AttachedTo>
				<BoneIndex>98</BoneIndex>
				<X>0.0999999866</X>
				<Y>0.0599999949</Y>
				<Z>0.00999999885</Z>
				<Pitch>-3.99999809</Pitch>
				<Roll>86.9999924</Roll>
				<Yaw>28.9999924</Yaw>
			</Attachment>
		</Attachment>
	</SpoonerAttachments>
</OutfitPedData>
