<?xml version="1.0" encoding="ISO-8859-1"?>
<OutfitPedData>
	<ClearDecalOverlays>true</ClearDecalOverlays>
	<ModelHash>0x705e61f2</ModelHash>
	<Type>1</Type>
	<Dynamic>true</Dynamic>
	<FrozenPos>false</FrozenPos>
	<HashName>0x705e61f2</HashName>
	<InitialHandle>96286</InitialHandle>
	<PedProperties>
		<IsStill>false</IsStill>
		<CanRagdoll>false</CanRagdoll>
		<HasShortHeight>false</HasShortHeight>
		<CurrentWeapon>0xa2719263</CurrentWeapon>
		<PedProps>
			<_0>-1,-1</_0>
			<_1>-1,-1</_1>
			<_2>-1,-1</_2>
			<_3>-1,-1</_3>
			<_4>-1,-1</_4>
			<_5>-1,-1</_5>
			<_6>-1,-1</_6>
			<_7>-1,-1</_7>
			<_8>-1,-1</_8>
			<_9>-1,-1</_9>
		</PedProps>
		<PedComps>
			<_0>0,0</_0>
			<_1>38,0</_1>
			<_2>23,0</_2>
			<_3>33,0</_3>
			<_4>33,0</_4>
			<_5>0,0</_5>
			<_6>25,0</_6>
			<_7>112,2</_7>
			<_8>15,0</_8>
			<_9>21,9</_9>
			<_10>0,0</_10>
			<_11>53,0</_11>
		</PedComps>
		<HeadFeatures WasInArray="true">
			<ShapeAndSkinTone>
				<ShapeFatherId>37</ShapeFatherId>
				<ShapeMotherId>8</ShapeMotherId>
				<ShapeOverrideId>0</ShapeOverrideId>
				<ToneFatherId>37</ToneFatherId>
				<ToneMotherId>8</ToneMotherId>
				<ToneOverrideId>0</ToneOverrideId>
				<ShapeVal>0.0500000007</ShapeVal>
				<ToneVal>0</ToneVal>
				<OverrideVal>0</OverrideVal>
				<IsP>1</IsP>
			</ShapeAndSkinTone>
			<HairColour>0</HairColour>
			<HairColourStreaks>0</HairColourStreaks>
			<EyeColour>1</EyeColour>
			<FacialFeatures>
				<_0>0.000000</_0>
				<_1>0.000000</_1>
				<_2>0.000000</_2>
				<_3>0.000000</_3>
				<_4>0.000000</_4>
				<_5>0.000000</_5>
				<_6>0.000000</_6>
				<_7>0.000000</_7>
				<_8>0.000000</_8>
				<_9>0.000000</_9>
				<_10>0.000000</_10>
				<_11>0.000000</_11>
				<_12>0.000000</_12>
				<_13>0.000000</_13>
				<_14>0.000000</_14>
				<_15>0.000000</_15>
				<_16>0.000000</_16>
				<_17>0.000000</_17>
				<_18>0.000000</_18>
				<_19>0.000000</_19>
			</FacialFeatures>
			<Overlays>
				<_0 index="255" colour="0" colourSecondary="0" opacity="1" />
				<_1 index="255" colour="0" colourSecondary="0" opacity="1" />
				<_2 index="5" colour="0" colourSecondary="0" opacity="1" />
				<_3 index="255" colour="0" colourSecondary="0" opacity="1" />
				<_4 index="7" colour="0" colourSecondary="0" opacity="1" />
				<_5 index="0" colour="0" colourSecondary="0" opacity="1" />
				<_6 index="255" colour="0" colourSecondary="0" opacity="1" />
				<_7 index="255" colour="0" colourSecondary="0" opacity="1" />
				<_8 index="4" colour="0" colourSecondary="0" opacity="1" />
				<_9 index="255" colour="0" colourSecondary="0" opacity="1" />
				<_10 index="255" colour="0" colourSecondary="0" opacity="1" />
				<_11 index="255" colour="0" colourSecondary="0" opacity="1" />
				<_12 index="255" colour="0" colourSecondary="0" opacity="1" />
			</Overlays>
		</HeadFeatures>
		<TattooLogoDecals />
		<RelationshipGroupAltered>false</RelationshipGroupAltered>
		<RelationshipGroup>0x3933433b</RelationshipGroup>
		<ScenarioActive>false</ScenarioActive>
		<AnimActive>false</AnimActive>
	</PedProperties>
	<OpacityLevel>255</OpacityLevel>
	<LodDistance>240</LodDistance>
	<IsVisible>true</IsVisible>
	<MaxHealth>200</MaxHealth>
	<Health>200</Health>
	<HasGravity>true</HasGravity>
	<IsOnFire>false</IsOnFire>
	<IsInvincible>true</IsInvincible>
	<IsBulletProof>true</IsBulletProof>
	<IsCollisionProof>false</IsCollisionProof>
	<IsExplosionProof>true</IsExplosionProof>
	<IsFireProof>false</IsFireProof>
	<IsMeleeProof>true</IsMeleeProof>
	<IsOnlyDamagedByPlayer>false</IsOnlyDamagedByPlayer>
	<PositionRotation>
		<X>1988.39307</X>
		<Y>4603.0498</Y>
		<Z>40.8282738</Z>
		<Pitch>-0</Pitch>
		<Roll>-0</Roll>
		<Yaw>-23.0978851</Yaw>
	</PositionRotation>
	<Attachment isAttached="false" />
	<SpoonerAttachments SetAttachmentsPersistentAndAddToSpoonerDatabase="true" StartTaskSequencesOnLoad="true">
		<Attachment>
			<ModelHash>0xb850dae8</ModelHash>
			<Type>3</Type>
			<Dynamic>true</Dynamic>
			<FrozenPos>true</FrozenPos>
			<HashName>w_pi_sns_pistol_mag2</HashName>
			<InitialHandle>63755</InitialHandle>
			<ObjectProperties>
				<TextureVariation>0</TextureVariation>
			</ObjectProperties>
			<OpacityLevel>255</OpacityLevel>
			<LodDistance>16960</LodDistance>
			<IsVisible>true</IsVisible>
			<MaxHealth>1000</MaxHealth>
			<Health>1000</Health>
			<HasGravity>true</HasGravity>
			<IsOnFire>false</IsOnFire>
			<IsInvincible>true</IsInvincible>
			<IsBulletProof>false</IsBulletProof>
			<IsCollisionProof>true</IsCollisionProof>
			<IsExplosionProof>true</IsExplosionProof>
			<IsFireProof>true</IsFireProof>
			<IsMeleeProof>true</IsMeleeProof>
			<IsOnlyDamagedByPlayer>false</IsOnlyDamagedByPlayer>
			<PositionRotation>
				<X>1988.62366</X>
				<Y>4602.83594</Y>
				<Z>40.7068596</Z>
				<Pitch>-2.38955617</Pitch>
				<Roll>145.732452</Roll>
				<Yaw>32.6014938</Yaw>
			</PositionRotation>
			<Attachment isAttached="true">
				<AttachedTo>96286</AttachedTo>
				<BoneIndex>70</BoneIndex>
				<X>0.280000001</X>
				<Y>-0.00900000427</Y>
				<Z>0.0500000119</Z>
				<Pitch>-59.9999924</Pitch>
				<Roll>79.0000153</Roll>
				<Yaw>4.99999905</Yaw>
			</Attachment>
		</Attachment>
		<Attachment>
			<ModelHash>0x8e58f6ae</ModelHash>
			<Type>3</Type>
			<Dynamic>true</Dynamic>
			<FrozenPos>true</FrozenPos>
			<HashName>hei_prop_bank_alarm_01</HashName>
			<InitialHandle>90121</InitialHandle>
			<ObjectProperties>
				<TextureVariation>0</TextureVariation>
			</ObjectProperties>
			<OpacityLevel>255</OpacityLevel>
			<LodDistance>16960</LodDistance>
			<IsVisible>true</IsVisible>
			<MaxHealth>1000</MaxHealth>
			<Health>1000</Health>
			<HasGravity>true</HasGravity>
			<IsOnFire>false</IsOnFire>
			<IsInvincible>true</IsInvincible>
			<IsBulletProof>false</IsBulletProof>
			<IsCollisionProof>true</IsCollisionProof>
			<IsExplosionProof>true</IsExplosionProof>
			<IsFireProof>true</IsFireProof>
			<IsMeleeProof>true</IsMeleeProof>
			<IsOnlyDamagedByPlayer>false</IsOnlyDamagedByPlayer>
			<PositionRotation>
				<X>1988.46045</X>
				<Y>4603.11572</Y>
				<Z>41.19627</Z>
				<Pitch>-14.2358179</Pitch>
				<Roll>179.678131</Roll>
				<Yaw>122.063576</Yaw>
			</PositionRotation>
			<Attachment isAttached="true">
				<AttachedTo>96286</AttachedTo>
				<BoneIndex>38</BoneIndex>
				<X>0.0999999866</X>
				<Y>0.129999951</Y>
				<Z>5.58793545e-09</Z>
				<Pitch>177.999985</Pitch>
				<Roll>-87.9999924</Roll>
				<Yaw>-8.99999714</Yaw>
			</Attachment>
		</Attachment>
		<Attachment>
			<ModelHash>0xb850dae8</ModelHash>
			<Type>3</Type>
			<Dynamic>true</Dynamic>
			<FrozenPos>true</FrozenPos>
			<HashName>w_pi_sns_pistol_mag2</HashName>
			<InitialHandle>115224</InitialHandle>
			<ObjectProperties>
				<TextureVariation>0</TextureVariation>
			</ObjectProperties>
			<OpacityLevel>255</OpacityLevel>
			<LodDistance>16960</LodDistance>
			<IsVisible>true</IsVisible>
			<MaxHealth>1000</MaxHealth>
			<Health>1000</Health>
			<HasGravity>true</HasGravity>
			<IsOnFire>false</IsOnFire>
			<IsInvincible>true</IsInvincible>
			<IsBulletProof>false</IsBulletProof>
			<IsCollisionProof>true</IsCollisionProof>
			<IsExplosionProof>true</IsExplosionProof>
			<IsFireProof>true</IsFireProof>
			<IsMeleeProof>true</IsMeleeProof>
			<IsOnlyDamagedByPlayer>false</IsOnlyDamagedByPlayer>
			<PositionRotation>
				<X>1988.58289</X>
				<Y>4602.81445</Y>
				<Z>40.8286209</Z>
				<Pitch>-7.61749506</Pitch>
				<Roll>144.513092</Roll>
				<Yaw>32.9212646</Yaw>
			</PositionRotation>
			<Attachment isAttached="true">
				<AttachedTo>96286</AttachedTo>
				<BoneIndex>70</BoneIndex>
				<X>0.15000008</X>
				<Y>-0.0160000063</Y>
				<Z>0.0540000089</Z>
				<Pitch>-61.9999924</Pitch>
				<Roll>69.0000153</Roll>
				<Yaw>-5</Yaw>
			</Attachment>
		</Attachment>
		<Attachment>
			<ModelHash>0xb850dae8</ModelHash>
			<Type>3</Type>
			<Dynamic>true</Dynamic>
			<FrozenPos>true</FrozenPos>
			<HashName>w_pi_sns_pistol_mag2</HashName>
			<InitialHandle>23674</InitialHandle>
			<ObjectProperties>
				<TextureVariation>0</TextureVariation>
			</ObjectProperties>
			<OpacityLevel>255</OpacityLevel>
			<LodDistance>16960</LodDistance>
			<IsVisible>true</IsVisible>
			<MaxHealth>1000</MaxHealth>
			<Health>1000</Health>
			<HasGravity>true</HasGravity>
			<IsOnFire>false</IsOnFire>
			<IsInvincible>true</IsInvincible>
			<IsBulletProof>false</IsBulletProof>
			<IsCollisionProof>true</IsCollisionProof>
			<IsExplosionProof>true</IsExplosionProof>
			<IsFireProof>true</IsFireProof>
			<IsMeleeProof>true</IsMeleeProof>
			<IsOnlyDamagedByPlayer>false</IsOnlyDamagedByPlayer>
			<PositionRotation>
				<X>1988.48975</X>
				<Y>4602.78564</Y>
				<Z>41.048275</Z>
				<Pitch>-9.0640316</Pitch>
				<Roll>157.668732</Roll>
				<Yaw>30.5136833</Yaw>
			</PositionRotation>
			<Attachment isAttached="true">
				<AttachedTo>96286</AttachedTo>
				<BoneIndex>69</BoneIndex>
				<X>0.193999991</X>
				<Y>-0.0489999987</Y>
				<Z>0.040000014</Z>
				<Pitch>-59.9999924</Pitch>
				<Roll>79.0000153</Roll>
				<Yaw>4.99999905</Yaw>
			</Attachment>
		</Attachment>
		<Attachment>
			<ModelHash>0x93698464</ModelHash>
			<Type>3</Type>
			<Dynamic>true</Dynamic>
			<FrozenPos>true</FrozenPos>
			<HashName>prop_welding_mask_01</HashName>
			<InitialHandle>150292</InitialHandle>
			<ObjectProperties>
				<TextureVariation>0</TextureVariation>
			</ObjectProperties>
			<OpacityLevel>255</OpacityLevel>
			<LodDistance>16960</LodDistance>
			<IsVisible>true</IsVisible>
			<MaxHealth>1000</MaxHealth>
			<Health>1000</Health>
			<HasGravity>true</HasGravity>
			<IsOnFire>false</IsOnFire>
			<IsInvincible>true</IsInvincible>
			<IsBulletProof>false</IsBulletProof>
			<IsCollisionProof>true</IsCollisionProof>
			<IsExplosionProof>true</IsExplosionProof>
			<IsFireProof>true</IsFireProof>
			<IsMeleeProof>true</IsMeleeProof>
			<IsOnlyDamagedByPlayer>false</IsOnlyDamagedByPlayer>
			<PositionRotation>
				<X>1988.41602</X>
				<Y>4602.87012</Y>
				<Z>41.2740364</Z>
				<Pitch>-3.58211946</Pitch>
				<Roll>-6.52974081</Roll>
				<Yaw>20.4887943</Yaw>
			</PositionRotation>
			<Attachment isAttached="true">
				<AttachedTo>96286</AttachedTo>
				<BoneIndex>69</BoneIndex>
				<X>-0.049999997</X>
				<Y>-0.00999976974</Y>
				<Z>-0.0100000044</Z>
				<Pitch>-131.000046</Pitch>
				<Roll>99.9999771</Roll>
				<Yaw>-169.999954</Yaw>
			</Attachment>
		</Attachment>
		<Attachment>
			<ModelHash>0xb850dae8</ModelHash>
			<Type>3</Type>
			<Dynamic>true</Dynamic>
			<FrozenPos>true</FrozenPos>
			<HashName>w_pi_sns_pistol_mag2</HashName>
			<InitialHandle>13346</InitialHandle>
			<ObjectProperties>
				<TextureVariation>0</TextureVariation>
			</ObjectProperties>
			<OpacityLevel>255</OpacityLevel>
			<LodDistance>16960</LodDistance>
			<IsVisible>true</IsVisible>
			<MaxHealth>1000</MaxHealth>
			<Health>1000</Health>
			<HasGravity>true</HasGravity>
			<IsOnFire>false</IsOnFire>
			<IsInvincible>true</IsInvincible>
			<IsBulletProof>false</IsBulletProof>
			<IsCollisionProof>true</IsCollisionProof>
			<IsExplosionProof>true</IsExplosionProof>
			<IsFireProof>true</IsFireProof>
			<IsMeleeProof>true</IsMeleeProof>
			<IsOnlyDamagedByPlayer>false</IsOnlyDamagedByPlayer>
			<PositionRotation>
				<X>1988.15967</X>
				<Y>4603.34668</Y>
				<Z>40.8670883</Z>
				<Pitch>8.90403366</Pitch>
				<Roll>144.858032</Roll>
				<Yaw>40.8113861</Yaw>
			</PositionRotation>
			<Attachment isAttached="true">
				<AttachedTo>96286</AttachedTo>
				<BoneIndex>41</BoneIndex>
				<X>0.172000006</X>
				<Y>-0.0150000155</Y>
				<Z>-0.0519999862</Z>
				<Pitch>-111.999992</Pitch>
				<Roll>79.0000153</Roll>
				<Yaw>0.999999285</Yaw>
			</Attachment>
		</Attachment>
		<Attachment>
			<ModelHash>0xb850dae8</ModelHash>
			<Type>3</Type>
			<Dynamic>true</Dynamic>
			<FrozenPos>true</FrozenPos>
			<HashName>w_pi_sns_pistol_mag2</HashName>
			<InitialHandle>108831</InitialHandle>
			<ObjectProperties>
				<TextureVariation>0</TextureVariation>
			</ObjectProperties>
			<OpacityLevel>255</OpacityLevel>
			<LodDistance>16960</LodDistance>
			<IsVisible>true</IsVisible>
			<MaxHealth>1000</MaxHealth>
			<Health>1000</Health>
			<HasGravity>true</HasGravity>
			<IsOnFire>false</IsOnFire>
			<IsInvincible>true</IsInvincible>
			<IsBulletProof>false</IsBulletProof>
			<IsCollisionProof>true</IsCollisionProof>
			<IsExplosionProof>true</IsExplosionProof>
			<IsFireProof>true</IsFireProof>
			<IsMeleeProof>true</IsMeleeProof>
			<IsOnlyDamagedByPlayer>false</IsOnlyDamagedByPlayer>
			<PositionRotation>
				<X>1988.18896</X>
				<Y>4603.38574</Y>
				<Z>40.7495575</Z>
				<Pitch>-4.39325142</Pitch>
				<Roll>-171.417984</Roll>
				<Yaw>-141.86058</Yaw>
			</PositionRotation>
			<Attachment isAttached="true">
				<AttachedTo>96286</AttachedTo>
				<BoneIndex>41</BoneIndex>
				<X>0.299000025</X>
				<Y>-0.014000006</Y>
				<Z>-0.0429999754</Z>
				<Pitch>68.0000305</Pitch>
				<Roll>61.7600555</Roll>
				<Yaw>15.0000038</Yaw>
			</Attachment>
		</Attachment>
		<Attachment>
			<ModelHash>0xfc8fc916</ModelHash>
			<Type>3</Type>
			<Dynamic>true</Dynamic>
			<FrozenPos>true</FrozenPos>
			<HashName>prop_tyre_spike_01</HashName>
			<InitialHandle>43271</InitialHandle>
			<ObjectProperties>
				<TextureVariation>0</TextureVariation>
			</ObjectProperties>
			<OpacityLevel>255</OpacityLevel>
			<LodDistance>16960</LodDistance>
			<IsVisible>true</IsVisible>
			<MaxHealth>1000</MaxHealth>
			<Health>1000</Health>
			<HasGravity>true</HasGravity>
			<IsOnFire>false</IsOnFire>
			<IsInvincible>true</IsInvincible>
			<IsBulletProof>false</IsBulletProof>
			<IsCollisionProof>true</IsCollisionProof>
			<IsExplosionProof>true</IsExplosionProof>
			<IsFireProof>true</IsFireProof>
			<IsMeleeProof>true</IsMeleeProof>
			<IsOnlyDamagedByPlayer>false</IsOnlyDamagedByPlayer>
			<PositionRotation>
				<X>1988.44678</X>
				<Y>4602.7959</Y>
				<Z>41.2683678</Z>
				<Pitch>8.83153629</Pitch>
				<Roll>99.7451859</Roll>
				<Yaw>-68.3834305</Yaw>
			</PositionRotation>
			<Attachment isAttached="true">
				<AttachedTo>96286</AttachedTo>
				<BoneIndex>69</BoneIndex>
				<X>-0.0300000012</X>
				<Y>-0.0599999949</Y>
				<Z>0.049999997</Z>
				<Pitch>39.9999962</Pitch>
				<Roll>19.9999962</Roll>
				<Yaw>0</Yaw>
			</Attachment>
		</Attachment>
		<Attachment>
			<ModelHash>0x3eea2a56</ModelHash>
			<Type>3</Type>
			<Dynamic>true</Dynamic>
			<FrozenPos>true</FrozenPos>
			<HashName>prop_toaster_02</HashName>
			<InitialHandle>159005</InitialHandle>
			<ObjectProperties>
				<TextureVariation>0</TextureVariation>
			</ObjectProperties>
			<OpacityLevel>255</OpacityLevel>
			<LodDistance>16960</LodDistance>
			<IsVisible>true</IsVisible>
			<MaxHealth>1000</MaxHealth>
			<Health>1000</Health>
			<HasGravity>true</HasGravity>
			<IsOnFire>false</IsOnFire>
			<IsInvincible>true</IsInvincible>
			<IsBulletProof>false</IsBulletProof>
			<IsCollisionProof>true</IsCollisionProof>
			<IsExplosionProof>true</IsExplosionProof>
			<IsFireProof>true</IsFireProof>
			<IsMeleeProof>true</IsMeleeProof>
			<IsOnlyDamagedByPlayer>false</IsOnlyDamagedByPlayer>
			<PositionRotation>
				<X>1988.39111</X>
				<Y>4603.06592</Y>
				<Z>41.2485771</Z>
				<Pitch>1.75714004</Pitch>
				<Roll>-105.31485</Roll>
				<Yaw>34.5742149</Yaw>
			</PositionRotation>
			<Attachment isAttached="true">
				<AttachedTo>96286</AttachedTo>
				<BoneIndex>38</BoneIndex>
				<X>0.159999996</X>
				<Y>0.0499999747</Y>
				<Z>0</Z>
				<Pitch>89.9999771</Pitch>
				<Roll>-10.00002</Roll>
				<Yaw>1.71661377e-05</Yaw>
			</Attachment>
		</Attachment>
		<Attachment>
			<ModelHash>0xa7c34b30</ModelHash>
			<Type>3</Type>
			<Dynamic>true</Dynamic>
			<FrozenPos>true</FrozenPos>
			<HashName>hei_prop_hei_hose_nozzle</HashName>
			<InitialHandle>87851</InitialHandle>
			<ObjectProperties>
				<TextureVariation>0</TextureVariation>
			</ObjectProperties>
			<OpacityLevel>255</OpacityLevel>
			<LodDistance>16960</LodDistance>
			<IsVisible>true</IsVisible>
			<MaxHealth>1000</MaxHealth>
			<Health>1000</Health>
			<HasGravity>true</HasGravity>
			<IsOnFire>false</IsOnFire>
			<IsInvincible>true</IsInvincible>
			<IsBulletProof>false</IsBulletProof>
			<IsCollisionProof>true</IsCollisionProof>
			<IsExplosionProof>true</IsExplosionProof>
			<IsFireProof>true</IsFireProof>
			<IsMeleeProof>true</IsMeleeProof>
			<IsOnlyDamagedByPlayer>false</IsOnlyDamagedByPlayer>
			<PositionRotation>
				<X>1988.41174</X>
				<Y>4603.08252</Y>
				<Z>41.1807594</Z>
				<Pitch>74.6449966</Pitch>
				<Roll>85.545517</Roll>
				<Yaw>128.711823</Yaw>
			</PositionRotation>
			<Attachment isAttached="true">
				<AttachedTo>96286</AttachedTo>
				<BoneIndex>38</BoneIndex>
				<X>0.0899999887</X>
				<Y>0.0699999407</Y>
				<Z>0</Z>
				<Pitch>0.599999845</Pitch>
				<Roll>0</Roll>
				<Yaw>-99.9999924</Yaw>
			</Attachment>
		</Attachment>
		<Attachment>
			<ModelHash>0xff084195</ModelHash>
			<Type>3</Type>
			<Dynamic>true</Dynamic>
			<FrozenPos>true</FrozenPos>
			<HashName>prop_bar_coastbarr</HashName>
			<InitialHandle>41494</InitialHandle>
			<ObjectProperties>
				<TextureVariation>0</TextureVariation>
			</ObjectProperties>
			<OpacityLevel>255</OpacityLevel>
			<LodDistance>16960</LodDistance>
			<IsVisible>true</IsVisible>
			<MaxHealth>1000</MaxHealth>
			<Health>1000</Health>
			<HasGravity>true</HasGravity>
			<IsOnFire>false</IsOnFire>
			<IsInvincible>true</IsInvincible>
			<IsBulletProof>false</IsBulletProof>
			<IsCollisionProof>true</IsCollisionProof>
			<IsExplosionProof>true</IsExplosionProof>
			<IsFireProof>true</IsFireProof>
			<IsMeleeProof>true</IsMeleeProof>
			<IsOnlyDamagedByPlayer>false</IsOnlyDamagedByPlayer>
			<PositionRotation>
				<X>1988.25317</X>
				<Y>4602.96729</Y>
				<Z>41.3432388</Z>
				<Pitch>15.3830385</Pitch>
				<Roll>0.971036613</Roll>
				<Yaw>-52.6928902</Yaw>
			</PositionRotation>
			<Attachment isAttached="true">
				<AttachedTo>96286</AttachedTo>
				<BoneIndex>38</BoneIndex>
				<X>0.270000011</X>
				<Y>-0.110000029</Y>
				<Z>0</Z>
				<Pitch>176.899734</Pitch>
				<Roll>-90.0000153</Roll>
				<Yaw>170.000015</Yaw>
			</Attachment>
		</Attachment>
		<Attachment>
			<ModelHash>0x3eea2a56</ModelHash>
			<Type>3</Type>
			<Dynamic>true</Dynamic>
			<FrozenPos>true</FrozenPos>
			<HashName>prop_toaster_02</HashName>
			<InitialHandle>135017</InitialHandle>
			<ObjectProperties>
				<TextureVariation>0</TextureVariation>
			</ObjectProperties>
			<OpacityLevel>255</OpacityLevel>
			<LodDistance>16960</LodDistance>
			<IsVisible>true</IsVisible>
			<MaxHealth>1000</MaxHealth>
			<Health>1000</Health>
			<HasGravity>true</HasGravity>
			<IsOnFire>false</IsOnFire>
			<IsInvincible>true</IsInvincible>
			<IsBulletProof>false</IsBulletProof>
			<IsCollisionProof>true</IsCollisionProof>
			<IsExplosionProof>true</IsExplosionProof>
			<IsFireProof>true</IsFireProof>
			<IsMeleeProof>true</IsMeleeProof>
			<IsOnlyDamagedByPlayer>false</IsOnlyDamagedByPlayer>
			<PositionRotation>
				<X>1988.39612</X>
				<Y>4603.07178</Y>
				<Z>41.1790009</Z>
				<Pitch>1.75713325</Pitch>
				<Roll>-135.314835</Roll>
				<Yaw>34.574234</Yaw>
			</PositionRotation>
			<Attachment isAttached="true">
				<AttachedTo>96286</AttachedTo>
				<BoneIndex>38</BoneIndex>
				<X>0.0899999812</X>
				<Y>0.050999701</Y>
				<Z>0</Z>
				<Pitch>89.9999924</Pitch>
				<Roll>-59.9999962</Roll>
				<Yaw>19.9999981</Yaw>
			</Attachment>
		</Attachment>
		<Attachment>
			<ModelHash>0xa7c34b30</ModelHash>
			<Type>3</Type>
			<Dynamic>true</Dynamic>
			<FrozenPos>true</FrozenPos>
			<HashName>hei_prop_hei_hose_nozzle</HashName>
			<InitialHandle>24866</InitialHandle>
			<ObjectProperties>
				<TextureVariation>0</TextureVariation>
			</ObjectProperties>
			<OpacityLevel>255</OpacityLevel>
			<LodDistance>16960</LodDistance>
			<IsVisible>true</IsVisible>
			<MaxHealth>1000</MaxHealth>
			<Health>1000</Health>
			<HasGravity>true</HasGravity>
			<IsOnFire>false</IsOnFire>
			<IsInvincible>true</IsInvincible>
			<IsBulletProof>false</IsBulletProof>
			<IsCollisionProof>true</IsCollisionProof>
			<IsExplosionProof>true</IsExplosionProof>
			<IsFireProof>true</IsFireProof>
			<IsMeleeProof>true</IsMeleeProof>
			<IsOnlyDamagedByPlayer>false</IsOnlyDamagedByPlayer>
			<PositionRotation>
				<X>1988.41174</X>
				<Y>4603.08252</Y>
				<Z>41.1807594</Z>
				<Pitch>0.0210109409</Pitch>
				<Roll>164.69252</Roll>
				<Yaw>34.098896</Yaw>
			</PositionRotation>
			<Attachment isAttached="true">
				<AttachedTo>96286</AttachedTo>
				<BoneIndex>38</BoneIndex>
				<X>0.0899999887</X>
				<Y>0.0699999407</Y>
				<Z>0</Z>
				<Pitch>91.8000107</Pitch>
				<Roll>0</Roll>
				<Yaw>-99.9999924</Yaw>
			</Attachment>
		</Attachment>
		<Attachment>
			<ModelHash>0xfc8fc916</ModelHash>
			<Type>3</Type>
			<Dynamic>true</Dynamic>
			<FrozenPos>true</FrozenPos>
			<HashName>prop_tyre_spike_01</HashName>
			<InitialHandle>124186</InitialHandle>
			<ObjectProperties>
				<TextureVariation>0</TextureVariation>
			</ObjectProperties>
			<OpacityLevel>255</OpacityLevel>
			<LodDistance>16960</LodDistance>
			<IsVisible>true</IsVisible>
			<MaxHealth>1000</MaxHealth>
			<Health>1000</Health>
			<HasGravity>true</HasGravity>
			<IsOnFire>false</IsOnFire>
			<IsInvincible>true</IsInvincible>
			<IsBulletProof>false</IsBulletProof>
			<IsCollisionProof>true</IsCollisionProof>
			<IsExplosionProof>true</IsExplosionProof>
			<IsFireProof>true</IsFireProof>
			<IsMeleeProof>true</IsMeleeProof>
			<IsOnlyDamagedByPlayer>false</IsOnlyDamagedByPlayer>
			<PositionRotation>
				<X>1988.43384</X>
				<Y>4602.8374</Y>
				<Z>41.271225</Z>
				<Pitch>8.83154202</Pitch>
				<Roll>169.745178</Roll>
				<Yaw>-68.3834305</Yaw>
			</PositionRotation>
			<Attachment isAttached="true">
				<AttachedTo>96286</AttachedTo>
				<BoneIndex>69</BoneIndex>
				<X>-0.0399999991</X>
				<Y>-0.0300000012</Y>
				<Z>0.0200000033</Z>
				<Pitch>39.9999962</Pitch>
				<Roll>90</Roll>
				<Yaw>0</Yaw>
			</Attachment>
		</Attachment>
		<Attachment>
			<ModelHash>0x942bab11</ModelHash>
			<Type>3</Type>
			<Dynamic>true</Dynamic>
			<FrozenPos>true</FrozenPos>
			<HashName>w_sb_smg_boxmag</HashName>
			<InitialHandle>44415</InitialHandle>
			<ObjectProperties>
				<TextureVariation>0</TextureVariation>
			</ObjectProperties>
			<OpacityLevel>255</OpacityLevel>
			<LodDistance>16960</LodDistance>
			<IsVisible>true</IsVisible>
			<MaxHealth>1000</MaxHealth>
			<Health>1000</Health>
			<HasGravity>true</HasGravity>
			<IsOnFire>false</IsOnFire>
			<IsInvincible>true</IsInvincible>
			<IsBulletProof>false</IsBulletProof>
			<IsCollisionProof>true</IsCollisionProof>
			<IsExplosionProof>true</IsExplosionProof>
			<IsFireProof>true</IsFireProof>
			<IsMeleeProof>true</IsMeleeProof>
			<IsOnlyDamagedByPlayer>false</IsOnlyDamagedByPlayer>
			<PositionRotation>
				<X>1988.48462</X>
				<Y>4602.80664</Y>
				<Z>41.1526489</Z>
				<Pitch>6.92960978</Pitch>
				<Roll>8.38268757</Roll>
				<Yaw>-58.4716492</Yaw>
			</PositionRotation>
			<Attachment isAttached="true">
				<AttachedTo>96286</AttachedTo>
				<BoneIndex>96</BoneIndex>
				<X>-0.190000013</X>
				<Y>-0.0300000012</Y>
				<Z>0.049999997</Z>
				<Pitch>29.9999962</Pitch>
				<Roll>-69.9999924</Roll>
				<Yaw>0</Yaw>
			</Attachment>
		</Attachment>
		<Attachment>
			<ModelHash>0x942bab11</ModelHash>
			<Type>3</Type>
			<Dynamic>true</Dynamic>
			<FrozenPos>true</FrozenPos>
			<HashName>w_sb_smg_boxmag</HashName>
			<InitialHandle>79207</InitialHandle>
			<ObjectProperties>
				<TextureVariation>0</TextureVariation>
			</ObjectProperties>
			<OpacityLevel>255</OpacityLevel>
			<LodDistance>16960</LodDistance>
			<IsVisible>true</IsVisible>
			<MaxHealth>1000</MaxHealth>
			<Health>1000</Health>
			<HasGravity>true</HasGravity>
			<IsOnFire>false</IsOnFire>
			<IsInvincible>true</IsInvincible>
			<IsBulletProof>false</IsBulletProof>
			<IsCollisionProof>true</IsCollisionProof>
			<IsExplosionProof>true</IsExplosionProof>
			<IsFireProof>true</IsFireProof>
			<IsMeleeProof>true</IsMeleeProof>
			<IsOnlyDamagedByPlayer>false</IsOnlyDamagedByPlayer>
			<PositionRotation>
				<X>1988.14697</X>
				<Y>4603.2334</Y>
				<Z>41.1918526</Z>
				<Pitch>-4.47259426</Pitch>
				<Roll>2.76035261</Roll>
				<Yaw>139.897629</Yaw>
			</PositionRotation>
			<Attachment isAttached="true">
				<AttachedTo>96286</AttachedTo>
				<BoneIndex>67</BoneIndex>
				<X>-0.180000007</X>
				<Y>-0.0200000033</Y>
				<Z>-0.0499999896</Z>
				<Pitch>29.9999809</Pitch>
				<Roll>110</Roll>
				<Yaw>-179.999985</Yaw>
			</Attachment>
		</Attachment>
		<Attachment>
			<ModelHash>0x56d3d7e9</ModelHash>
			<Type>3</Type>
			<Dynamic>true</Dynamic>
			<FrozenPos>true</FrozenPos>
			<HashName>prop_cs_power_cell</HashName>
			<InitialHandle>140095</InitialHandle>
			<ObjectProperties>
				<TextureVariation>0</TextureVariation>
			</ObjectProperties>
			<OpacityLevel>255</OpacityLevel>
			<LodDistance>16960</LodDistance>
			<IsVisible>true</IsVisible>
			<MaxHealth>1000</MaxHealth>
			<Health>1000</Health>
			<HasGravity>true</HasGravity>
			<IsOnFire>false</IsOnFire>
			<IsInvincible>true</IsInvincible>
			<IsBulletProof>false</IsBulletProof>
			<IsCollisionProof>true</IsCollisionProof>
			<IsExplosionProof>true</IsExplosionProof>
			<IsFireProof>true</IsFireProof>
			<IsMeleeProof>true</IsMeleeProof>
			<IsOnlyDamagedByPlayer>false</IsOnlyDamagedByPlayer>
			<PositionRotation>
				<X>1988.28381</X>
				<Y>4603.02881</Y>
				<Z>41.2393112</Z>
				<Pitch>76.8690643</Pitch>
				<Roll>82.2428894</Roll>
				<Yaw>132.130905</Yaw>
			</PositionRotation>
			<Attachment isAttached="true">
				<AttachedTo>96286</AttachedTo>
				<BoneIndex>38</BoneIndex>
				<X>0.159999996</X>
				<Y>-0.0599999949</Y>
				<Z>0.0299999993</Z>
				<Pitch>0</Pitch>
				<Roll>0</Roll>
				<Yaw>-97.7000275</Yaw>
			</Attachment>
		</Attachment>
		<Attachment>
			<ModelHash>0x56d3d7e9</ModelHash>
			<Type>3</Type>
			<Dynamic>true</Dynamic>
			<FrozenPos>true</FrozenPos>
			<HashName>prop_cs_power_cell</HashName>
			<InitialHandle>100378</InitialHandle>
			<ObjectProperties>
				<TextureVariation>0</TextureVariation>
			</ObjectProperties>
			<OpacityLevel>255</OpacityLevel>
			<LodDistance>16960</LodDistance>
			<IsVisible>true</IsVisible>
			<MaxHealth>1000</MaxHealth>
			<Health>1000</Health>
			<HasGravity>true</HasGravity>
			<IsOnFire>false</IsOnFire>
			<IsInvincible>true</IsInvincible>
			<IsBulletProof>false</IsBulletProof>
			<IsCollisionProof>true</IsCollisionProof>
			<IsExplosionProof>true</IsExplosionProof>
			<IsFireProof>true</IsFireProof>
			<IsMeleeProof>true</IsMeleeProof>
			<IsOnlyDamagedByPlayer>false</IsOnlyDamagedByPlayer>
			<PositionRotation>
				<X>1988.31494</X>
				<Y>4602.9834</Y>
				<Z>41.2376251</Z>
				<Pitch>76.8690643</Pitch>
				<Roll>82.2428894</Roll>
				<Yaw>132.130905</Yaw>
			</PositionRotation>
			<Attachment isAttached="true">
				<AttachedTo>96286</AttachedTo>
				<BoneIndex>38</BoneIndex>
				<X>0.159999996</X>
				<Y>-0.0599999949</Y>
				<Z>-0.0249999985</Z>
				<Pitch>0</Pitch>
				<Roll>0</Roll>
				<Yaw>-97.7000275</Yaw>
			</Attachment>
		</Attachment>
		<Attachment>
			<ModelHash>0x942bab11</ModelHash>
			<Type>3</Type>
			<Dynamic>true</Dynamic>
			<FrozenPos>true</FrozenPos>
			<HashName>w_sb_smg_boxmag</HashName>
			<InitialHandle>14612</InitialHandle>
			<ObjectProperties>
				<TextureVariation>0</TextureVariation>
			</ObjectProperties>
			<OpacityLevel>255</OpacityLevel>
			<LodDistance>16960</LodDistance>
			<IsVisible>true</IsVisible>
			<MaxHealth>1000</MaxHealth>
			<Health>1000</Health>
			<HasGravity>true</HasGravity>
			<IsOnFire>false</IsOnFire>
			<IsInvincible>true</IsInvincible>
			<IsBulletProof>false</IsBulletProof>
			<IsCollisionProof>true</IsCollisionProof>
			<IsExplosionProof>true</IsExplosionProof>
			<IsFireProof>true</IsFireProof>
			<IsMeleeProof>true</IsMeleeProof>
			<IsOnlyDamagedByPlayer>false</IsOnlyDamagedByPlayer>
			<PositionRotation>
				<X>1988.54309</X>
				<Y>4602.94287</Y>
				<Z>40.4930382</Z>
				<Pitch>2.86261082</Pitch>
				<Roll>15.2483797</Roll>
				<Yaw>-31.2960377</Yaw>
			</PositionRotation>
			<Attachment isAttached="true">
				<AttachedTo>96286</AttachedTo>
				<BoneIndex>23</BoneIndex>
				<X>-0.180000007</X>
				<Y>0.0399999693</Y>
				<Z>0.0799999908</Z>
				<Pitch>-160.000031</Pitch>
				<Roll>110</Roll>
				<Yaw>-179.999985</Yaw>
			</Attachment>
		</Attachment>
		<Attachment>
			<ModelHash>0x942bab11</ModelHash>
			<Type>3</Type>
			<Dynamic>true</Dynamic>
			<FrozenPos>true</FrozenPos>
			<HashName>w_sb_smg_boxmag</HashName>
			<InitialHandle>29471</InitialHandle>
			<ObjectProperties>
				<TextureVariation>0</TextureVariation>
			</ObjectProperties>
			<OpacityLevel>255</OpacityLevel>
			<LodDistance>16960</LodDistance>
			<IsVisible>true</IsVisible>
			<MaxHealth>1000</MaxHealth>
			<Health>1000</Health>
			<HasGravity>true</HasGravity>
			<IsOnFire>false</IsOnFire>
			<IsInvincible>true</IsInvincible>
			<IsBulletProof>false</IsBulletProof>
			<IsCollisionProof>true</IsCollisionProof>
			<IsExplosionProof>true</IsExplosionProof>
			<IsFireProof>true</IsFireProof>
			<IsMeleeProof>true</IsMeleeProof>
			<IsOnlyDamagedByPlayer>false</IsOnlyDamagedByPlayer>
			<PositionRotation>
				<X>1988.23499</X>
				<Y>4603.27441</Y>
				<Z>40.5090752</Z>
				<Pitch>-2.05573177</Pitch>
				<Roll>10.4375429</Roll>
				<Yaw>138.615738</Yaw>
			</PositionRotation>
			<Attachment isAttached="true">
				<AttachedTo>96286</AttachedTo>
				<BoneIndex>11</BoneIndex>
				<X>-0.190000013</X>
				<Y>0.0299999639</Y>
				<Z>-0.0899999887</Z>
				<Pitch>-20.0000305</Pitch>
				<Roll>110</Roll>
				<Yaw>-179.999985</Yaw>
			</Attachment>
		</Attachment>
		<Attachment>
			<ModelHash>0x942bab11</ModelHash>
			<Type>3</Type>
			<Dynamic>true</Dynamic>
			<FrozenPos>true</FrozenPos>
			<HashName>w_sb_smg_boxmag</HashName>
			<InitialHandle>24349</InitialHandle>
			<ObjectProperties>
				<TextureVariation>0</TextureVariation>
			</ObjectProperties>
			<OpacityLevel>255</OpacityLevel>
			<LodDistance>16960</LodDistance>
			<IsVisible>true</IsVisible>
			<MaxHealth>1000</MaxHealth>
			<Health>1000</Health>
			<HasGravity>true</HasGravity>
			<IsOnFire>false</IsOnFire>
			<IsInvincible>true</IsInvincible>
			<IsBulletProof>false</IsBulletProof>
			<IsCollisionProof>true</IsCollisionProof>
			<IsExplosionProof>true</IsExplosionProof>
			<IsFireProof>true</IsFireProof>
			<IsMeleeProof>true</IsMeleeProof>
			<IsOnlyDamagedByPlayer>false</IsOnlyDamagedByPlayer>
			<PositionRotation>
				<X>1988.2439</X>
				<Y>4603.125</Y>
				<Z>41.3903961</Z>
				<Pitch>-4.47259521</Pitch>
				<Roll>-27.2396526</Roll>
				<Yaw>139.897629</Yaw>
			</PositionRotation>
			<Attachment isAttached="true">
				<AttachedTo>96286</AttachedTo>
				<BoneIndex>40</BoneIndex>
				<X>-0.12999998</X>
				<Y>0.00999996345</Y>
				<Z>0.0200000033</Z>
				<Pitch>29.9999657</Pitch>
				<Roll>80</Roll>
				<Yaw>-179.999985</Yaw>
			</Attachment>
		</Attachment>
		<Attachment>
			<ModelHash>0xb850dae8</ModelHash>
			<Type>3</Type>
			<Dynamic>true</Dynamic>
			<FrozenPos>true</FrozenPos>
			<HashName>w_pi_sns_pistol_mag2</HashName>
			<InitialHandle>151337</InitialHandle>
			<ObjectProperties>
				<TextureVariation>0</TextureVariation>
			</ObjectProperties>
			<OpacityLevel>255</OpacityLevel>
			<LodDistance>16960</LodDistance>
			<IsVisible>true</IsVisible>
			<MaxHealth>1000</MaxHealth>
			<Health>1000</Health>
			<HasGravity>true</HasGravity>
			<IsOnFire>false</IsOnFire>
			<IsInvincible>true</IsInvincible>
			<IsBulletProof>false</IsBulletProof>
			<IsCollisionProof>true</IsCollisionProof>
			<IsExplosionProof>true</IsExplosionProof>
			<IsFireProof>true</IsFireProof>
			<IsMeleeProof>true</IsMeleeProof>
			<IsOnlyDamagedByPlayer>false</IsOnlyDamagedByPlayer>
			<PositionRotation>
				<X>1988.12378</X>
				<Y>4603.2627</Y>
				<Z>41.1086121</Z>
				<Pitch>14.7037182</Pitch>
				<Roll>160.071777</Roll>
				<Yaw>50.9758759</Yaw>
			</PositionRotation>
			<Attachment isAttached="true">
				<AttachedTo>96286</AttachedTo>
				<BoneIndex>40</BoneIndex>
				<X>0.193999991</X>
				<Y>-0.0290000048</Y>
				<Z>-0.05999998</Z>
				<Pitch>-119.999985</Pitch>
				<Roll>79.0000153</Roll>
				<Yaw>4.99999905</Yaw>
			</Attachment>
		</Attachment>
		<Attachment>
			<ModelHash>0xb850dae8</ModelHash>
			<Type>3</Type>
			<Dynamic>true</Dynamic>
			<FrozenPos>true</FrozenPos>
			<HashName>w_pi_sns_pistol_mag2</HashName>
			<InitialHandle>42527</InitialHandle>
			<ObjectProperties>
				<TextureVariation>0</TextureVariation>
			</ObjectProperties>
			<OpacityLevel>255</OpacityLevel>
			<LodDistance>16960</LodDistance>
			<IsVisible>true</IsVisible>
			<MaxHealth>1000</MaxHealth>
			<Health>1000</Health>
			<HasGravity>true</HasGravity>
			<IsOnFire>false</IsOnFire>
			<IsInvincible>true</IsInvincible>
			<IsBulletProof>false</IsBulletProof>
			<IsCollisionProof>true</IsCollisionProof>
			<IsExplosionProof>true</IsExplosionProof>
			<IsFireProof>true</IsFireProof>
			<IsMeleeProof>true</IsMeleeProof>
			<IsOnlyDamagedByPlayer>false</IsOnlyDamagedByPlayer>
			<PositionRotation>
				<X>1988.11841</X>
				<Y>4603.27051</Y>
				<Z>41.0800476</Z>
				<Pitch>14.7037182</Pitch>
				<Roll>160.071777</Roll>
				<Yaw>50.9758759</Yaw>
			</PositionRotation>
			<Attachment isAttached="true">
				<AttachedTo>96286</AttachedTo>
				<BoneIndex>40</BoneIndex>
				<X>0.224000007</X>
				<Y>-0.0290000066</Y>
				<Z>-0.05999998</Z>
				<Pitch>-119.999985</Pitch>
				<Roll>79.0000153</Roll>
				<Yaw>4.99999905</Yaw>
			</Attachment>
		</Attachment>
		<Attachment>
			<ModelHash>0x942bab11</ModelHash>
			<Type>3</Type>
			<Dynamic>true</Dynamic>
			<FrozenPos>true</FrozenPos>
			<HashName>w_sb_smg_boxmag</HashName>
			<InitialHandle>59673</InitialHandle>
			<ObjectProperties>
				<TextureVariation>0</TextureVariation>
			</ObjectProperties>
			<OpacityLevel>255</OpacityLevel>
			<LodDistance>16960</LodDistance>
			<IsVisible>true</IsVisible>
			<MaxHealth>1000</MaxHealth>
			<Health>1000</Health>
			<HasGravity>true</HasGravity>
			<IsOnFire>false</IsOnFire>
			<IsInvincible>true</IsInvincible>
			<IsBulletProof>false</IsBulletProof>
			<IsCollisionProof>true</IsCollisionProof>
			<IsExplosionProof>true</IsExplosionProof>
			<IsFireProof>true</IsFireProof>
			<IsMeleeProof>true</IsMeleeProof>
			<IsOnlyDamagedByPlayer>false</IsOnlyDamagedByPlayer>
			<PositionRotation>
				<X>1988.25964</X>
				<Y>4603.11035</Y>
				<Z>41.3836975</Z>
				<Pitch>-4.4725914</Pitch>
				<Roll>-47.2396507</Roll>
				<Yaw>139.897614</Yaw>
			</PositionRotation>
			<Attachment isAttached="true">
				<AttachedTo>96286</AttachedTo>
				<BoneIndex>40</BoneIndex>
				<X>-0.12999998</X>
				<Y>0.0199999623</Y>
				<Z>0.0399999991</Z>
				<Pitch>29.9999657</Pitch>
				<Roll>60</Roll>
				<Yaw>-179.999985</Yaw>
			</Attachment>
		</Attachment>
		<Attachment>
			<ModelHash>0xcc3be446</ModelHash>
			<Type>3</Type>
			<Dynamic>true</Dynamic>
			<FrozenPos>true</FrozenPos>
			<HashName>v_ret_gc_gasmask</HashName>
			<InitialHandle>99366</InitialHandle>
			<ObjectProperties>
				<TextureVariation>0</TextureVariation>
			</ObjectProperties>
			<OpacityLevel>255</OpacityLevel>
			<LodDistance>16960</LodDistance>
			<IsVisible>true</IsVisible>
			<MaxHealth>1000</MaxHealth>
			<Health>1000</Health>
			<HasGravity>true</HasGravity>
			<IsOnFire>false</IsOnFire>
			<IsInvincible>true</IsInvincible>
			<IsBulletProof>false</IsBulletProof>
			<IsCollisionProof>true</IsCollisionProof>
			<IsExplosionProof>true</IsExplosionProof>
			<IsFireProof>true</IsFireProof>
			<IsMeleeProof>true</IsMeleeProof>
			<IsOnlyDamagedByPlayer>false</IsOnlyDamagedByPlayer>
			<PositionRotation>
				<X>1988.46106</X>
				<Y>4603.0376</Y>
				<Z>41.4676514</Z>
				<Pitch>0.209283695</Pitch>
				<Roll>-1.09619606</Roll>
				<Yaw>81.4682083</Yaw>
			</PositionRotation>
			<Attachment isAttached="true">
				<AttachedTo>96286</AttachedTo>
				<BoneIndex>98</BoneIndex>
				<X>0.0299999993</X>
				<Y>0.0769999698</Y>
				<Z>0.0179999992</Z>
				<Pitch>-179.999985</Pitch>
				<Roll>89.9999924</Roll>
				<Yaw>-0.999999821</Yaw>
			</Attachment>
		</Attachment>
		<Attachment>
			<ModelHash>0x4f8fc975</ModelHash>
			<Type>3</Type>
			<Dynamic>true</Dynamic>
			<FrozenPos>true</FrozenPos>
			<HashName>v_ilev_ta_tatgun</HashName>
			<InitialHandle>86874</InitialHandle>
			<ObjectProperties>
				<TextureVariation>0</TextureVariation>
			</ObjectProperties>
			<OpacityLevel>255</OpacityLevel>
			<LodDistance>16960</LodDistance>
			<IsVisible>true</IsVisible>
			<MaxHealth>1000</MaxHealth>
			<Health>1000</Health>
			<HasGravity>true</HasGravity>
			<IsOnFire>false</IsOnFire>
			<IsInvincible>true</IsInvincible>
			<IsBulletProof>false</IsBulletProof>
			<IsCollisionProof>true</IsCollisionProof>
			<IsExplosionProof>true</IsExplosionProof>
			<IsFireProof>true</IsFireProof>
			<IsMeleeProof>true</IsMeleeProof>
			<IsOnlyDamagedByPlayer>false</IsOnlyDamagedByPlayer>
			<PositionRotation>
				<X>1988.15039</X>
				<Y>4603.22461</Y>
				<Z>41.2553253</Z>
				<Pitch>-1.46063519</Pitch>
				<Roll>92.264801</Roll>
				<Yaw>130.348114</Yaw>
			</PositionRotation>
			<Attachment isAttached="true">
				<AttachedTo>96286</AttachedTo>
				<BoneIndex>40</BoneIndex>
				<X>0.0399999917</X>
				<Y>-0.0300000012</Y>
				<Z>-0.0599999949</Z>
				<Pitch>159.999985</Pitch>
				<Roll>20.0000038</Roll>
				<Yaw>-1.90734863e-06</Yaw>
			</Attachment>
		</Attachment>
	</SpoonerAttachments>
</OutfitPedData>
