<?xml version="1.0" encoding="ISO-8859-1"?>
<OutfitPedData>
	<ClearDecalOverlays>true</ClearDecalOverlays>
	<ModelHash>0x9c9effd8</ModelHash>
	<Type>1</Type>
	<Dynamic>true</Dynamic>
	<FrozenPos>false</FrozenPos>
	<HashName>0x9c9effd8</HashName>
	<InitialHandle>98562</InitialHandle>
	<PedProperties>
		<IsStill>false</IsStill>
		<CanRagdoll>false</CanRagdoll>
		<HasShortHeight>false</HasShortHeight>
		<CurrentWeapon>0xa2719263</CurrentWeapon>
		<PedProps>
			<_0>57,0</_0>
			<_1>-1,-1</_1>
			<_2>-1,-1</_2>
			<_3>-1,-1</_3>
			<_4>-1,-1</_4>
			<_5>-1,-1</_5>
			<_6>-1,-1</_6>
			<_7>-1,-1</_7>
			<_8>-1,-1</_8>
			<_9>-1,-1</_9>
		</PedProps>
		<PedComps>
			<_0>0,0</_0>
			<_1>92,3</_1>
			<_2>0,0</_2>
			<_3>36,0</_3>
			<_4>76,0</_4>
			<_5>0,0</_5>
			<_6>7,0</_6>
			<_7>6,0</_7>
			<_8>77,3</_8>
			<_9>0,0</_9>
			<_10>0,0</_10>
			<_11>64,1</_11>
		</PedComps>
		<HeadFeatures WasInArray="false">
			<ShapeAndSkinTone>
				<ShapeFatherId>21</ShapeFatherId>
				<ShapeMotherId>0</ShapeMotherId>
				<ShapeOverrideId>0</ShapeOverrideId>
				<ToneFatherId>21</ToneFatherId>
				<ToneMotherId>0</ToneMotherId>
				<ToneOverrideId>0</ToneOverrideId>
				<ShapeVal>0.0500000007</ShapeVal>
				<ToneVal>1</ToneVal>
				<OverrideVal>0</OverrideVal>
				<IsP>1</IsP>
			</ShapeAndSkinTone>
		</HeadFeatures>
		<TattooLogoDecals />
		<RelationshipGroupAltered>false</RelationshipGroupAltered>
		<RelationshipGroup>0xaf70afb8</RelationshipGroup>
		<ScenarioActive>false</ScenarioActive>
		<AnimActive>false</AnimActive>
	</PedProperties>
	<OpacityLevel>255</OpacityLevel>
	<LodDistance>240</LodDistance>
	<IsVisible>true</IsVisible>
	<MaxHealth>328</MaxHealth>
	<Health>328</Health>
	<HasGravity>true</HasGravity>
	<IsOnFire>false</IsOnFire>
	<IsInvincible>true</IsInvincible>
	<IsBulletProof>true</IsBulletProof>
	<IsCollisionProof>false</IsCollisionProof>
	<IsExplosionProof>true</IsExplosionProof>
	<IsFireProof>false</IsFireProof>
	<IsMeleeProof>true</IsMeleeProof>
	<IsOnlyDamagedByPlayer>false</IsOnlyDamagedByPlayer>
	<PositionRotation>
		<X>3524.01147</X>
		<Y>3710.76587</Y>
		<Z>20.9917927</Z>
		<Pitch>-0</Pitch>
		<Roll>-0</Roll>
		<Yaw>-10.0735931</Yaw>
	</PositionRotation>
	<Attachment isAttached="false" />
	<SpoonerAttachments SetAttachmentsPersistentAndAddToSpoonerDatabase="true" StartTaskSequencesOnLoad="true">
		<Attachment>
			<ModelHash>0xf55c8cd1</ModelHash>
			<Type>3</Type>
			<Dynamic>false</Dynamic>
			<FrozenPos>true</FrozenPos>
			<HashName>w_pi_pistol50</HashName>
			<InitialHandle>133896</InitialHandle>
			<ObjectProperties>
				<TextureVariation>0</TextureVariation>
			</ObjectProperties>
			<OpacityLevel>255</OpacityLevel>
			<LodDistance>16960</LodDistance>
			<IsVisible>true</IsVisible>
			<MaxHealth>1000</MaxHealth>
			<Health>1000</Health>
			<HasGravity>true</HasGravity>
			<IsOnFire>false</IsOnFire>
			<IsInvincible>true</IsInvincible>
			<IsBulletProof>false</IsBulletProof>
			<IsCollisionProof>true</IsCollisionProof>
			<IsExplosionProof>true</IsExplosionProof>
			<IsFireProof>false</IsFireProof>
			<IsMeleeProof>true</IsMeleeProof>
			<IsOnlyDamagedByPlayer>false</IsOnlyDamagedByPlayer>
			<PositionRotation>
				<X>3523.79346</X>
				<Y>3710.71338</Y>
				<Z>20.1762009</Z>
				<Pitch>-0.0387424752</Pitch>
				<Roll>100.128006</Roll>
				<Yaw>90.125473</Yaw>
			</PositionRotation>
			<Attachment isAttached="true">
				<AttachedTo>98562</AttachedTo>
				<BoneIndex>4</BoneIndex>
				<X>-0.0699999928</X>
				<Y>-0.0199999996</Y>
				<Z>0</Z>
				<Pitch>-89.9999924</Pitch>
				<Roll>81.9999924</Roll>
				<Yaw>0</Yaw>
			</Attachment>
		</Attachment>
		<Attachment>
			<ModelHash>0xf55c8cd1</ModelHash>
			<Type>3</Type>
			<Dynamic>false</Dynamic>
			<FrozenPos>true</FrozenPos>
			<HashName>w_pi_pistol50</HashName>
			<InitialHandle>83208</InitialHandle>
			<ObjectProperties>
				<TextureVariation>0</TextureVariation>
			</ObjectProperties>
			<OpacityLevel>255</OpacityLevel>
			<LodDistance>16960</LodDistance>
			<IsVisible>true</IsVisible>
			<MaxHealth>1000</MaxHealth>
			<Health>1000</Health>
			<HasGravity>true</HasGravity>
			<IsOnFire>false</IsOnFire>
			<IsInvincible>true</IsInvincible>
			<IsBulletProof>false</IsBulletProof>
			<IsCollisionProof>true</IsCollisionProof>
			<IsExplosionProof>true</IsExplosionProof>
			<IsFireProof>false</IsFireProof>
			<IsMeleeProof>true</IsMeleeProof>
			<IsOnlyDamagedByPlayer>false</IsOnlyDamagedByPlayer>
			<PositionRotation>
				<X>3524.04346</X>
				<Y>3710.58228</Y>
				<Z>20.1724358</Z>
				<Pitch>-0.0655420795</Pitch>
				<Roll>99.8299026</Roll>
				<Yaw>54.2519455</Yaw>
			</PositionRotation>
			<Attachment isAttached="true">
				<AttachedTo>98562</AttachedTo>
				<BoneIndex>16</BoneIndex>
				<X>-0.0699999928</X>
				<Y>-0.0199999996</Y>
				<Z>0</Z>
				<Pitch>-89.9999924</Pitch>
				<Roll>81.9999924</Roll>
				<Yaw>0</Yaw>
			</Attachment>
		</Attachment>
		<Attachment>
			<ModelHash>0xd37a33c0</ModelHash>
			<Type>3</Type>
			<Dynamic>false</Dynamic>
			<FrozenPos>true</FrozenPos>
			<HashName>w_sr_heavysniper</HashName>
			<InitialHandle>14601</InitialHandle>
			<ObjectProperties>
				<TextureVariation>0</TextureVariation>
			</ObjectProperties>
			<OpacityLevel>255</OpacityLevel>
			<LodDistance>16960</LodDistance>
			<IsVisible>true</IsVisible>
			<MaxHealth>1000</MaxHealth>
			<Health>1000</Health>
			<HasGravity>true</HasGravity>
			<IsOnFire>false</IsOnFire>
			<IsInvincible>true</IsInvincible>
			<IsBulletProof>false</IsBulletProof>
			<IsCollisionProof>true</IsCollisionProof>
			<IsExplosionProof>true</IsExplosionProof>
			<IsFireProof>false</IsFireProof>
			<IsMeleeProof>true</IsMeleeProof>
			<IsOnlyDamagedByPlayer>false</IsOnlyDamagedByPlayer>
			<PositionRotation>
				<X>3524.18384</X>
				<Y>3710.62231</Y>
				<Z>21.6385326</Z>
				<Pitch>5.36211061</Pitch>
				<Roll>64.4184952</Roll>
				<Yaw>172.039627</Yaw>
			</PositionRotation>
			<Attachment isAttached="true">
				<AttachedTo>98562</AttachedTo>
				<BoneIndex>38</BoneIndex>
				<X>0.300000012</X>
				<Y>-0.079999961</Y>
				<Z>-0.180000007</Z>
				<Pitch>-179.999985</Pitch>
				<Roll>156.999985</Roll>
				<Yaw>8.99999809</Yaw>
			</Attachment>
		</Attachment>
		<Attachment>
			<ModelHash>0x291cea47</ModelHash>
			<Type>3</Type>
			<Dynamic>false</Dynamic>
			<FrozenPos>true</FrozenPos>
			<HashName>w_sg_pumpshotgun</HashName>
			<InitialHandle>1290</InitialHandle>
			<ObjectProperties>
				<TextureVariation>0</TextureVariation>
			</ObjectProperties>
			<OpacityLevel>255</OpacityLevel>
			<LodDistance>16960</LodDistance>
			<IsVisible>true</IsVisible>
			<MaxHealth>1000</MaxHealth>
			<Health>1000</Health>
			<HasGravity>true</HasGravity>
			<IsOnFire>false</IsOnFire>
			<IsInvincible>true</IsInvincible>
			<IsBulletProof>false</IsBulletProof>
			<IsCollisionProof>true</IsCollisionProof>
			<IsExplosionProof>true</IsExplosionProof>
			<IsFireProof>false</IsFireProof>
			<IsMeleeProof>true</IsMeleeProof>
			<IsOnlyDamagedByPlayer>false</IsOnlyDamagedByPlayer>
			<PositionRotation>
				<X>3523.9043</X>
				<Y>3710.65454</Y>
				<Z>21.6205463</Z>
				<Pitch>-13.3538313</Pitch>
				<Roll>69.6416245</Roll>
				<Yaw>-7.591259</Yaw>
			</PositionRotation>
			<Attachment isAttached="true">
				<AttachedTo>98562</AttachedTo>
				<BoneIndex>38</BoneIndex>
				<X>0.269999951</X>
				<Y>-0.0899999738</Y>
				<Z>0.099999994</Z>
				<Pitch>0</Pitch>
				<Roll>156.999985</Roll>
				<Yaw>16.9999981</Yaw>
			</Attachment>
		</Attachment>
		<Attachment>
			<ModelHash>0xb321dd82</ModelHash>
			<Type>3</Type>
			<Dynamic>false</Dynamic>
			<FrozenPos>true</FrozenPos>
			<HashName>prop_cs_leg_chain_01</HashName>
			<InitialHandle>118280</InitialHandle>
			<ObjectProperties>
				<TextureVariation>0</TextureVariation>
			</ObjectProperties>
			<OpacityLevel>255</OpacityLevel>
			<LodDistance>16960</LodDistance>
			<IsVisible>true</IsVisible>
			<MaxHealth>1000</MaxHealth>
			<Health>1000</Health>
			<HasGravity>true</HasGravity>
			<IsOnFire>false</IsOnFire>
			<IsInvincible>true</IsInvincible>
			<IsBulletProof>false</IsBulletProof>
			<IsCollisionProof>true</IsCollisionProof>
			<IsExplosionProof>true</IsExplosionProof>
			<IsFireProof>false</IsFireProof>
			<IsMeleeProof>true</IsMeleeProof>
			<IsOnlyDamagedByPlayer>false</IsOnlyDamagedByPlayer>
			<PositionRotation>
				<X>3523.81055</X>
				<Y>3710.79907</Y>
				<Z>20.992588</Z>
				<Pitch>7.94576359</Pitch>
				<Roll>110.430878</Roll>
				<Yaw>8.56624126</Yaw>
			</PositionRotation>
			<Attachment isAttached="true">
				<AttachedTo>98562</AttachedTo>
				<BoneIndex>2</BoneIndex>
				<X>0</X>
				<Y>0</Y>
				<Z>-0.109999999</Z>
				<Pitch>-14.999999</Pitch>
				<Roll>13.999999</Roll>
				<Yaw>0</Yaw>
			</Attachment>
		</Attachment>
		<Attachment>
			<ModelHash>0x5468e32a</ModelHash>
			<Type>3</Type>
			<Dynamic>false</Dynamic>
			<FrozenPos>true</FrozenPos>
			<HashName>w_at_sr_supp_luxe</HashName>
			<InitialHandle>9225</InitialHandle>
			<ObjectProperties>
				<TextureVariation>0</TextureVariation>
			</ObjectProperties>
			<OpacityLevel>255</OpacityLevel>
			<LodDistance>16960</LodDistance>
			<IsVisible>true</IsVisible>
			<MaxHealth>1000</MaxHealth>
			<Health>1000</Health>
			<HasGravity>true</HasGravity>
			<IsOnFire>false</IsOnFire>
			<IsInvincible>true</IsInvincible>
			<IsBulletProof>false</IsBulletProof>
			<IsCollisionProof>true</IsCollisionProof>
			<IsExplosionProof>true</IsExplosionProof>
			<IsFireProof>false</IsFireProof>
			<IsMeleeProof>true</IsMeleeProof>
			<IsOnlyDamagedByPlayer>false</IsOnlyDamagedByPlayer>
			<PositionRotation>
				<X>3524.22388</X>
				<Y>3710.81104</Y>
				<Z>21.2775745</Z>
				<Pitch>0.879563808</Pitch>
				<Roll>66.5568466</Roll>
				<Yaw>-95.265274</Yaw>
			</PositionRotation>
			<Attachment isAttached="true">
				<AttachedTo>98562</AttachedTo>
				<BoneIndex>0</BoneIndex>
				<X>0.199999988</X>
				<Y>0.100000001</Y>
				<Z>0.220000029</Z>
				<Pitch>0</Pitch>
				<Roll>63.9999962</Roll>
				<Yaw>-83</Yaw>
			</Attachment>
		</Attachment>
		<Attachment>
			<ModelHash>0xe2ba016f</ModelHash>
			<Type>3</Type>
			<Dynamic>false</Dynamic>
			<FrozenPos>true</FrozenPos>
			<HashName>prop_cs_katana_01</HashName>
			<InitialHandle>76040</InitialHandle>
			<ObjectProperties>
				<TextureVariation>0</TextureVariation>
			</ObjectProperties>
			<OpacityLevel>255</OpacityLevel>
			<LodDistance>16960</LodDistance>
			<IsVisible>true</IsVisible>
			<MaxHealth>1000</MaxHealth>
			<Health>1000</Health>
			<HasGravity>true</HasGravity>
			<IsOnFire>false</IsOnFire>
			<IsInvincible>true</IsInvincible>
			<IsBulletProof>false</IsBulletProof>
			<IsCollisionProof>true</IsCollisionProof>
			<IsExplosionProof>true</IsExplosionProof>
			<IsFireProof>false</IsFireProof>
			<IsMeleeProof>true</IsMeleeProof>
			<IsOnlyDamagedByPlayer>false</IsOnlyDamagedByPlayer>
			<PositionRotation>
				<X>3524.22095</X>
				<Y>3710.69165</Y>
				<Z>21.0020714</Z>
				<Pitch>0.879555821</Pitch>
				<Roll>154.556854</Roll>
				<Yaw>-95.2652512</Yaw>
			</PositionRotation>
			<Attachment isAttached="true">
				<AttachedTo>98562</AttachedTo>
				<BoneIndex>0</BoneIndex>
				<X>0.220000014</X>
				<Y>-0.0300000142</Y>
				<Z>-0.049999997</Z>
				<Pitch>0</Pitch>
				<Roll>152</Roll>
				<Yaw>-82.9999847</Yaw>
			</Attachment>
		</Attachment>
		<Attachment>
			<ModelHash>0x3c479cbe</ModelHash>
			<Type>3</Type>
			<Dynamic>false</Dynamic>
			<FrozenPos>true</FrozenPos>
			<HashName>prop_welding_mask_01_s</HashName>
			<InitialHandle>44041</InitialHandle>
			<ObjectProperties>
				<TextureVariation>0</TextureVariation>
			</ObjectProperties>
			<OpacityLevel>255</OpacityLevel>
			<LodDistance>16960</LodDistance>
			<IsVisible>true</IsVisible>
			<MaxHealth>1000</MaxHealth>
			<Health>1000</Health>
			<HasGravity>true</HasGravity>
			<IsOnFire>false</IsOnFire>
			<IsInvincible>true</IsInvincible>
			<IsBulletProof>false</IsBulletProof>
			<IsCollisionProof>true</IsCollisionProof>
			<IsExplosionProof>true</IsExplosionProof>
			<IsFireProof>false</IsFireProof>
			<IsMeleeProof>true</IsMeleeProof>
			<IsOnlyDamagedByPlayer>false</IsOnlyDamagedByPlayer>
			<PositionRotation>
				<X>3524.20142</X>
				<Y>3710.70752</Y>
				<Z>21.5334797</Z>
				<Pitch>-44.5137405</Pitch>
				<Roll>-153.410248</Roll>
				<Yaw>-79.7311325</Yaw>
			</PositionRotation>
			<Attachment isAttached="true">
				<AttachedTo>98562</AttachedTo>
				<BoneIndex>38</BoneIndex>
				<X>0.189999968</X>
				<Y>0</Y>
				<Z>-0.190000027</Z>
				<Pitch>-44.9999962</Pitch>
				<Roll>0</Roll>
				<Yaw>74.9999924</Yaw>
			</Attachment>
		</Attachment>
		<Attachment>
			<ModelHash>0x3c479cbe</ModelHash>
			<Type>3</Type>
			<Dynamic>false</Dynamic>
			<FrozenPos>true</FrozenPos>
			<HashName>prop_welding_mask_01_s</HashName>
			<InitialHandle>140552</InitialHandle>
			<ObjectProperties>
				<TextureVariation>0</TextureVariation>
			</ObjectProperties>
			<OpacityLevel>255</OpacityLevel>
			<LodDistance>16960</LodDistance>
			<IsVisible>true</IsVisible>
			<MaxHealth>1000</MaxHealth>
			<Health>1000</Health>
			<HasGravity>true</HasGravity>
			<IsOnFire>false</IsOnFire>
			<IsInvincible>true</IsInvincible>
			<IsBulletProof>false</IsBulletProof>
			<IsCollisionProof>true</IsCollisionProof>
			<IsExplosionProof>true</IsExplosionProof>
			<IsFireProof>false</IsFireProof>
			<IsMeleeProof>true</IsMeleeProof>
			<IsOnlyDamagedByPlayer>false</IsOnlyDamagedByPlayer>
			<PositionRotation>
				<X>3523.82568</X>
				<Y>3710.76172</Y>
				<Z>21.5505199</Z>
				<Pitch>-39.6177292</Pitch>
				<Roll>155.521973</Roll>
				<Yaw>64.7437744</Yaw>
			</PositionRotation>
			<Attachment isAttached="true">
				<AttachedTo>98562</AttachedTo>
				<BoneIndex>38</BoneIndex>
				<X>0.189999983</X>
				<Y>0</Y>
				<Z>0.189999998</Z>
				<Pitch>45</Pitch>
				<Roll>179.999969</Roll>
				<Yaw>74.9999847</Yaw>
			</Attachment>
		</Attachment>
		<Attachment>
			<ModelHash>0x3c479cbe</ModelHash>
			<Type>3</Type>
			<Dynamic>false</Dynamic>
			<FrozenPos>true</FrozenPos>
			<HashName>prop_welding_mask_01_s</HashName>
			<InitialHandle>128520</InitialHandle>
			<ObjectProperties>
				<TextureVariation>0</TextureVariation>
			</ObjectProperties>
			<OpacityLevel>255</OpacityLevel>
			<LodDistance>16960</LodDistance>
			<IsVisible>true</IsVisible>
			<MaxHealth>1000</MaxHealth>
			<Health>1000</Health>
			<HasGravity>true</HasGravity>
			<IsOnFire>false</IsOnFire>
			<IsInvincible>true</IsInvincible>
			<IsBulletProof>false</IsBulletProof>
			<IsCollisionProof>true</IsCollisionProof>
			<IsExplosionProof>true</IsExplosionProof>
			<IsFireProof>false</IsFireProof>
			<IsMeleeProof>true</IsMeleeProof>
			<IsOnlyDamagedByPlayer>false</IsOnlyDamagedByPlayer>
			<PositionRotation>
				<X>3524.13159</X>
				<Y>3710.71899</Y>
				<Z>21.5166779</Z>
				<Pitch>-71.1973419</Pitch>
				<Roll>-82.0024719</Roll>
				<Yaw>-0.625973701</Yaw>
			</PositionRotation>
			<Attachment isAttached="true">
				<AttachedTo>98562</AttachedTo>
				<BoneIndex>38</BoneIndex>
				<X>0.169999972</X>
				<Y>0</Y>
				<Z>-0.119999997</Z>
				<Pitch>5.36441803e-07</Pitch>
				<Roll>0</Roll>
				<Yaw>74.9999924</Yaw>
			</Attachment>
		</Attachment>
		<Attachment>
			<ModelHash>0x3c479cbe</ModelHash>
			<Type>3</Type>
			<Dynamic>false</Dynamic>
			<FrozenPos>true</FrozenPos>
			<HashName>prop_welding_mask_01_s</HashName>
			<InitialHandle>68873</InitialHandle>
			<ObjectProperties>
				<TextureVariation>0</TextureVariation>
			</ObjectProperties>
			<OpacityLevel>255</OpacityLevel>
			<LodDistance>16960</LodDistance>
			<IsVisible>true</IsVisible>
			<MaxHealth>1000</MaxHealth>
			<Health>1000</Health>
			<HasGravity>true</HasGravity>
			<IsOnFire>false</IsOnFire>
			<IsInvincible>true</IsInvincible>
			<IsBulletProof>false</IsBulletProof>
			<IsCollisionProof>true</IsCollisionProof>
			<IsExplosionProof>true</IsExplosionProof>
			<IsFireProof>false</IsFireProof>
			<IsMeleeProof>true</IsMeleeProof>
			<IsOnlyDamagedByPlayer>false</IsOnlyDamagedByPlayer>
			<PositionRotation>
				<X>3523.89429</X>
				<Y>3710.75317</Y>
				<Z>21.527441</Z>
				<Pitch>-71.1973114</Pitch>
				<Roll>97.9974747</Roll>
				<Yaw>-0.625981331</Yaw>
			</PositionRotation>
			<Attachment isAttached="true">
				<AttachedTo>98562</AttachedTo>
				<BoneIndex>38</BoneIndex>
				<X>0.169999957</X>
				<Y>0</Y>
				<Z>0.119999968</Z>
				<Pitch>5.96046448e-08</Pitch>
				<Roll>179.999969</Roll>
				<Yaw>74.9999847</Yaw>
			</Attachment>
		</Attachment>
		<Attachment>
			<ModelHash>0x3361b618</ModelHash>
			<Type>3</Type>
			<Dynamic>false</Dynamic>
			<FrozenPos>true</FrozenPos>
			<HashName>prop_sealife_03</HashName>
			<InitialHandle>41737</InitialHandle>
			<ObjectProperties>
				<TextureVariation>0</TextureVariation>
			</ObjectProperties>
			<OpacityLevel>255</OpacityLevel>
			<LodDistance>16960</LodDistance>
			<IsVisible>true</IsVisible>
			<MaxHealth>1000</MaxHealth>
			<Health>1000</Health>
			<HasGravity>true</HasGravity>
			<IsOnFire>false</IsOnFire>
			<IsInvincible>true</IsInvincible>
			<IsBulletProof>false</IsBulletProof>
			<IsCollisionProof>true</IsCollisionProof>
			<IsExplosionProof>true</IsExplosionProof>
			<IsFireProof>false</IsFireProof>
			<IsMeleeProof>true</IsMeleeProof>
			<IsOnlyDamagedByPlayer>false</IsOnlyDamagedByPlayer>
			<PositionRotation>
				<X>3523.98047</X>
				<Y>3710.40308</Y>
				<Z>21.4198837</Z>
				<Pitch>-12.5439854</Pitch>
				<Roll>-55.0156288</Roll>
				<Yaw>148.58577</Yaw>
			</PositionRotation>
			<Attachment isAttached="true">
				<AttachedTo>98562</AttachedTo>
				<BoneIndex>38</BoneIndex>
				<X>0.0899999365</X>
				<Y>-0.339999974</Y>
				<Z>-0.0200000405</Z>
				<Pitch>158</Pitch>
				<Roll>43</Roll>
				<Yaw>-11.0000029</Yaw>
			</Attachment>
		</Attachment>
		<Attachment>
			<ModelHash>0x4d1ae98a</ModelHash>
			<Type>3</Type>
			<Dynamic>false</Dynamic>
			<FrozenPos>true</FrozenPos>
			<HashName>prop_sealife_04</HashName>
			<InitialHandle>50953</InitialHandle>
			<ObjectProperties>
				<TextureVariation>0</TextureVariation>
			</ObjectProperties>
			<OpacityLevel>255</OpacityLevel>
			<LodDistance>16960</LodDistance>
			<IsVisible>true</IsVisible>
			<MaxHealth>1000</MaxHealth>
			<Health>1000</Health>
			<HasGravity>true</HasGravity>
			<IsOnFire>false</IsOnFire>
			<IsInvincible>true</IsInvincible>
			<IsBulletProof>false</IsBulletProof>
			<IsCollisionProof>true</IsCollisionProof>
			<IsExplosionProof>true</IsExplosionProof>
			<IsFireProof>false</IsFireProof>
			<IsMeleeProof>true</IsMeleeProof>
			<IsOnlyDamagedByPlayer>false</IsOnlyDamagedByPlayer>
			<PositionRotation>
				<X>3524.01904</X>
				<Y>3710.45728</Y>
				<Z>21.4323063</Z>
				<Pitch>12.6265287</Pitch>
				<Roll>-72.7826614</Roll>
				<Yaw>27.131237</Yaw>
			</PositionRotation>
			<Attachment isAttached="true">
				<AttachedTo>98562</AttachedTo>
				<BoneIndex>38</BoneIndex>
				<X>0.0999999866</X>
				<Y>-0.280000001</Y>
				<Z>-0.049999997</Z>
				<Pitch>34.9999924</Pitch>
				<Roll>22.9999962</Roll>
				<Yaw>-9.99999809</Yaw>
			</Attachment>
		</Attachment>
		<Attachment>
			<ModelHash>0x3361b618</ModelHash>
			<Type>3</Type>
			<Dynamic>false</Dynamic>
			<FrozenPos>true</FrozenPos>
			<HashName>prop_sealife_03</HashName>
			<InitialHandle>59913</InitialHandle>
			<ObjectProperties>
				<TextureVariation>0</TextureVariation>
			</ObjectProperties>
			<OpacityLevel>255</OpacityLevel>
			<LodDistance>16960</LodDistance>
			<IsVisible>true</IsVisible>
			<MaxHealth>1000</MaxHealth>
			<Health>1000</Health>
			<HasGravity>true</HasGravity>
			<IsOnFire>false</IsOnFire>
			<IsInvincible>true</IsInvincible>
			<IsBulletProof>false</IsBulletProof>
			<IsCollisionProof>true</IsCollisionProof>
			<IsExplosionProof>true</IsExplosionProof>
			<IsFireProof>false</IsFireProof>
			<IsMeleeProof>true</IsMeleeProof>
			<IsOnlyDamagedByPlayer>false</IsOnlyDamagedByPlayer>
			<PositionRotation>
				<X>3523.97998</X>
				<Y>3710.40381</Y>
				<Z>21.409914</Z>
				<Pitch>-12.5439835</Pitch>
				<Roll>-111.015625</Roll>
				<Yaw>148.585754</Yaw>
			</PositionRotation>
			<Attachment isAttached="true">
				<AttachedTo>98562</AttachedTo>
				<BoneIndex>38</BoneIndex>
				<X>0.0799999759</X>
				<Y>-0.339999944</Y>
				<Z>-0.0199999996</Z>
				<Pitch>158</Pitch>
				<Roll>-12.9999847</Roll>
				<Yaw>-11.0000029</Yaw>
			</Attachment>
		</Attachment>
		<Attachment>
			<ModelHash>0x4d1ae98a</ModelHash>
			<Type>3</Type>
			<Dynamic>false</Dynamic>
			<FrozenPos>true</FrozenPos>
			<HashName>prop_sealife_04</HashName>
			<InitialHandle>116233</InitialHandle>
			<ObjectProperties>
				<TextureVariation>0</TextureVariation>
			</ObjectProperties>
			<OpacityLevel>255</OpacityLevel>
			<LodDistance>16960</LodDistance>
			<IsVisible>true</IsVisible>
			<MaxHealth>1000</MaxHealth>
			<Health>1000</Health>
			<HasGravity>true</HasGravity>
			<IsOnFire>false</IsOnFire>
			<IsInvincible>true</IsInvincible>
			<IsBulletProof>false</IsBulletProof>
			<IsCollisionProof>true</IsCollisionProof>
			<IsExplosionProof>true</IsExplosionProof>
			<IsFireProof>false</IsFireProof>
			<IsMeleeProof>true</IsMeleeProof>
			<IsOnlyDamagedByPlayer>false</IsOnlyDamagedByPlayer>
			<PositionRotation>
				<X>3524.16772</X>
				<Y>3710.57764</Y>
				<Z>21.4253674</Z>
				<Pitch>34.8218307</Pitch>
				<Roll>-126.122086</Roll>
				<Yaw>74.2843857</Yaw>
			</PositionRotation>
			<Attachment isAttached="true">
				<AttachedTo>98562</AttachedTo>
				<BoneIndex>38</BoneIndex>
				<X>0.0899999738</X>
				<Y>-0.139999926</Y>
				<Z>-0.180000022</Z>
				<Pitch>56.9999924</Pitch>
				<Roll>39.9999962</Roll>
				<Yaw>-74.9999924</Yaw>
			</Attachment>
		</Attachment>
		<Attachment>
			<ModelHash>0x3c479cbe</ModelHash>
			<Type>3</Type>
			<Dynamic>false</Dynamic>
			<FrozenPos>true</FrozenPos>
			<HashName>prop_welding_mask_01_s</HashName>
			<InitialHandle>29961</InitialHandle>
			<ObjectProperties>
				<TextureVariation>0</TextureVariation>
			</ObjectProperties>
			<OpacityLevel>255</OpacityLevel>
			<LodDistance>16960</LodDistance>
			<IsVisible>true</IsVisible>
			<MaxHealth>1000</MaxHealth>
			<Health>1000</Health>
			<HasGravity>true</HasGravity>
			<IsOnFire>false</IsOnFire>
			<IsInvincible>true</IsInvincible>
			<IsBulletProof>false</IsBulletProof>
			<IsCollisionProof>true</IsCollisionProof>
			<IsExplosionProof>true</IsExplosionProof>
			<IsFireProof>false</IsFireProof>
			<IsMeleeProof>true</IsMeleeProof>
			<IsOnlyDamagedByPlayer>false</IsOnlyDamagedByPlayer>
			<PositionRotation>
				<X>3524.16113</X>
				<Y>3710.7146</Y>
				<Z>21.5153332</Z>
				<Pitch>-48.5658188</Pitch>
				<Roll>-28.836586</Roll>
				<Yaw>58.5019417</Yaw>
			</PositionRotation>
			<Attachment isAttached="true">
				<AttachedTo>98562</AttachedTo>
				<BoneIndex>38</BoneIndex>
				<X>0.169999972</X>
				<Y>0</Y>
				<Z>-0.150000006</Z>
				<Pitch>35</Pitch>
				<Roll>0</Roll>
				<Yaw>74.9999924</Yaw>
			</Attachment>
		</Attachment>
		<Attachment>
			<ModelHash>0x3c479cbe</ModelHash>
			<Type>3</Type>
			<Dynamic>false</Dynamic>
			<FrozenPos>true</FrozenPos>
			<HashName>prop_welding_mask_01_s</HashName>
			<InitialHandle>104457</InitialHandle>
			<ObjectProperties>
				<TextureVariation>0</TextureVariation>
			</ObjectProperties>
			<OpacityLevel>255</OpacityLevel>
			<LodDistance>16960</LodDistance>
			<IsVisible>true</IsVisible>
			<MaxHealth>1000</MaxHealth>
			<Health>1000</Health>
			<HasGravity>true</HasGravity>
			<IsOnFire>false</IsOnFire>
			<IsInvincible>true</IsInvincible>
			<IsBulletProof>false</IsBulletProof>
			<IsCollisionProof>true</IsCollisionProof>
			<IsExplosionProof>true</IsExplosionProof>
			<IsFireProof>false</IsFireProof>
			<IsMeleeProof>true</IsMeleeProof>
			<IsOnlyDamagedByPlayer>false</IsOnlyDamagedByPlayer>
			<PositionRotation>
				<X>3523.8645</X>
				<Y>3710.75732</Y>
				<Z>21.5287857</Z>
				<Pitch>-53.2408371</Pitch>
				<Roll>32.2309799</Roll>
				<Yaw>-72.2686539</Yaw>
			</PositionRotation>
			<Attachment isAttached="true">
				<AttachedTo>98562</AttachedTo>
				<BoneIndex>38</BoneIndex>
				<X>0.169999987</X>
				<Y>0</Y>
				<Z>0.149999976</Z>
				<Pitch>-34.9999962</Pitch>
				<Roll>179.999969</Roll>
				<Yaw>74.9999847</Yaw>
			</Attachment>
		</Attachment>
		<Attachment>
			<ModelHash>0x3a2bdb5f</ModelHash>
			<Type>3</Type>
			<Dynamic>false</Dynamic>
			<FrozenPos>true</FrozenPos>
			<HashName>apa_prop_flag_script</HashName>
			<InitialHandle>5385</InitialHandle>
			<ObjectProperties>
				<TextureVariation>0</TextureVariation>
			</ObjectProperties>
			<OpacityLevel>255</OpacityLevel>
			<LodDistance>16960</LodDistance>
			<IsVisible>true</IsVisible>
			<MaxHealth>1000</MaxHealth>
			<Health>1000</Health>
			<HasGravity>true</HasGravity>
			<IsOnFire>false</IsOnFire>
			<IsInvincible>true</IsInvincible>
			<IsBulletProof>false</IsBulletProof>
			<IsCollisionProof>false</IsCollisionProof>
			<IsExplosionProof>true</IsExplosionProof>
			<IsFireProof>false</IsFireProof>
			<IsMeleeProof>true</IsMeleeProof>
			<IsOnlyDamagedByPlayer>false</IsOnlyDamagedByPlayer>
			<PositionRotation>
				<X>3524.00146</X>
				<Y>3710.72021</Y>
				<Z>21.3207626</Z>
				<Pitch>4.02075005</Pitch>
				<Roll>-151.094376</Roll>
				<Yaw>1.6497947</Yaw>
			</PositionRotation>
			<Attachment isAttached="true">
				<AttachedTo>98562</AttachedTo>
				<BoneIndex>38</BoneIndex>
				<X>-0.0299998522</X>
				<Y>-0.0300001502</Y>
				<Z>0</Z>
				<Pitch>9.99999905</Pitch>
				<Roll>-62.9999924</Roll>
				<Yaw>0</Yaw>
			</Attachment>
		</Attachment>
		<Attachment>
			<ModelHash>0x3a2bdb5f</ModelHash>
			<Type>3</Type>
			<Dynamic>false</Dynamic>
			<FrozenPos>true</FrozenPos>
			<HashName>apa_prop_flag_script</HashName>
			<InitialHandle>123399</InitialHandle>
			<ObjectProperties>
				<TextureVariation>0</TextureVariation>
			</ObjectProperties>
			<OpacityLevel>255</OpacityLevel>
			<LodDistance>16960</LodDistance>
			<IsVisible>true</IsVisible>
			<MaxHealth>1000</MaxHealth>
			<Health>1000</Health>
			<HasGravity>true</HasGravity>
			<IsOnFire>false</IsOnFire>
			<IsInvincible>true</IsInvincible>
			<IsBulletProof>false</IsBulletProof>
			<IsCollisionProof>false</IsCollisionProof>
			<IsExplosionProof>true</IsExplosionProof>
			<IsFireProof>false</IsFireProof>
			<IsMeleeProof>true</IsMeleeProof>
			<IsOnlyDamagedByPlayer>false</IsOnlyDamagedByPlayer>
			<PositionRotation>
				<X>3524.00146</X>
				<Y>3710.72021</Y>
				<Z>21.3207626</Z>
				<Pitch>3.12669015</Pitch>
				<Roll>-23.833683</Roll>
				<Yaw>-18.3697376</Yaw>
			</PositionRotation>
			<Attachment isAttached="true">
				<AttachedTo>98562</AttachedTo>
				<BoneIndex>38</BoneIndex>
				<X>-0.0300000291</X>
				<Y>-0.0300000068</Y>
				<Z>0</Z>
				<Pitch>-9.99999523</Pitch>
				<Roll>62.9999924</Roll>
				<Yaw>0</Yaw>
			</Attachment>
		</Attachment>
		<Attachment>
			<ModelHash>0x1e8575b1</ModelHash>
			<Type>3</Type>
			<Dynamic>false</Dynamic>
			<FrozenPos>true</FrozenPos>
			<HashName>prop_stickbfly</HashName>
			<InitialHandle>66569</InitialHandle>
			<ObjectProperties>
				<TextureVariation>0</TextureVariation>
			</ObjectProperties>
			<OpacityLevel>255</OpacityLevel>
			<LodDistance>16960</LodDistance>
			<IsVisible>true</IsVisible>
			<MaxHealth>1000</MaxHealth>
			<Health>1000</Health>
			<HasGravity>true</HasGravity>
			<IsOnFire>false</IsOnFire>
			<IsInvincible>true</IsInvincible>
			<IsBulletProof>false</IsBulletProof>
			<IsCollisionProof>true</IsCollisionProof>
			<IsExplosionProof>true</IsExplosionProof>
			<IsFireProof>false</IsFireProof>
			<IsMeleeProof>true</IsMeleeProof>
			<IsOnlyDamagedByPlayer>false</IsOnlyDamagedByPlayer>
			<PositionRotation>
				<X>3523.95898</X>
				<Y>3710.79004</Y>
				<Z>21.2769527</Z>
				<Pitch>-3.62880754</Pitch>
				<Roll>19.4246387</Roll>
				<Yaw>171.635101</Yaw>
			</PositionRotation>
			<Attachment isAttached="true">
				<AttachedTo>98562</AttachedTo>
				<BoneIndex>38</BoneIndex>
				<X>-0.079999797</X>
				<Y>0.0300000589</Y>
				<Z>0.0499999821</Z>
				<Pitch>-179.999985</Pitch>
				<Roll>111.999992</Roll>
				<Yaw>5.78165054e-06</Yaw>
			</Attachment>
		</Attachment>
		<Attachment>
			<ModelHash>0x1e8575b1</ModelHash>
			<Type>3</Type>
			<Dynamic>false</Dynamic>
			<FrozenPos>true</FrozenPos>
			<HashName>prop_stickbfly</HashName>
			<InitialHandle>26633</InitialHandle>
			<ObjectProperties>
				<TextureVariation>0</TextureVariation>
			</ObjectProperties>
			<OpacityLevel>255</OpacityLevel>
			<LodDistance>16960</LodDistance>
			<IsVisible>true</IsVisible>
			<MaxHealth>1000</MaxHealth>
			<Health>1000</Health>
			<HasGravity>true</HasGravity>
			<IsOnFire>false</IsOnFire>
			<IsInvincible>true</IsInvincible>
			<IsBulletProof>false</IsBulletProof>
			<IsCollisionProof>true</IsCollisionProof>
			<IsExplosionProof>true</IsExplosionProof>
			<IsFireProof>false</IsFireProof>
			<IsMeleeProof>true</IsMeleeProof>
			<IsOnlyDamagedByPlayer>false</IsOnlyDamagedByPlayer>
			<PositionRotation>
				<X>3524.05786</X>
				<Y>3710.77588</Y>
				<Z>21.2724686</Z>
				<Pitch>-3.62880683</Pitch>
				<Roll>-24.5753441</Roll>
				<Yaw>171.635101</Yaw>
			</PositionRotation>
			<Attachment isAttached="true">
				<AttachedTo>98562</AttachedTo>
				<BoneIndex>38</BoneIndex>
				<X>-0.079999797</X>
				<Y>0.0300000589</Y>
				<Z>-0.0500000119</Z>
				<Pitch>-179.999985</Pitch>
				<Roll>67.9999924</Roll>
				<Yaw>5.78165054e-06</Yaw>
			</Attachment>
		</Attachment>
		<Attachment>
			<ModelHash>0x5bda1bf9</ModelHash>
			<Type>3</Type>
			<Dynamic>true</Dynamic>
			<FrozenPos>false</FrozenPos>
			<HashName>prop_poolball_cue</HashName>
			<InitialHandle>131337</InitialHandle>
			<ObjectProperties>
				<TextureVariation>0</TextureVariation>
			</ObjectProperties>
			<OpacityLevel>255</OpacityLevel>
			<LodDistance>16960</LodDistance>
			<IsVisible>true</IsVisible>
			<MaxHealth>1000</MaxHealth>
			<Health>1000</Health>
			<HasGravity>true</HasGravity>
			<IsOnFire>false</IsOnFire>
			<IsInvincible>true</IsInvincible>
			<IsBulletProof>false</IsBulletProof>
			<IsCollisionProof>true</IsCollisionProof>
			<IsExplosionProof>true</IsExplosionProof>
			<IsFireProof>false</IsFireProof>
			<IsMeleeProof>true</IsMeleeProof>
			<IsOnlyDamagedByPlayer>false</IsOnlyDamagedByPlayer>
			<PositionRotation>
				<X>3523.68701</X>
				<Y>3710.77173</Y>
				<Z>22.027544</Z>
				<Pitch>3.62881446</Pitch>
				<Roll>-87.4246445</Roll>
				<Yaw>-8.36490154</Yaw>
			</PositionRotation>
			<Attachment isAttached="true">
				<AttachedTo>98562</AttachedTo>
				<BoneIndex>38</BoneIndex>
				<X>0.659999847</X>
				<Y>0.020000007</Y>
				<Z>0.349999934</Z>
				<Pitch>0</Pitch>
				<Roll>0</Roll>
				<Yaw>0</Yaw>
			</Attachment>
		</Attachment>
		<Attachment>
			<ModelHash>0x5bda1bf9</ModelHash>
			<Type>3</Type>
			<Dynamic>true</Dynamic>
			<FrozenPos>false</FrozenPos>
			<HashName>prop_poolball_cue</HashName>
			<InitialHandle>43017</InitialHandle>
			<ObjectProperties>
				<TextureVariation>0</TextureVariation>
			</ObjectProperties>
			<OpacityLevel>255</OpacityLevel>
			<LodDistance>16960</LodDistance>
			<IsVisible>true</IsVisible>
			<MaxHealth>1000</MaxHealth>
			<Health>1000</Health>
			<HasGravity>true</HasGravity>
			<IsOnFire>false</IsOnFire>
			<IsInvincible>true</IsInvincible>
			<IsBulletProof>false</IsBulletProof>
			<IsCollisionProof>true</IsCollisionProof>
			<IsExplosionProof>true</IsExplosionProof>
			<IsFireProof>false</IsFireProof>
			<IsMeleeProof>true</IsMeleeProof>
			<IsOnlyDamagedByPlayer>false</IsOnlyDamagedByPlayer>
			<PositionRotation>
				<X>3524.37915</X>
				<Y>3710.67212</Y>
				<Z>21.9961529</Z>
				<Pitch>3.62881446</Pitch>
				<Roll>-87.4246445</Roll>
				<Yaw>-8.36490154</Yaw>
			</PositionRotation>
			<Attachment isAttached="true">
				<AttachedTo>98562</AttachedTo>
				<BoneIndex>38</BoneIndex>
				<X>0.659999847</X>
				<Y>0.0200000107</Y>
				<Z>-0.350000024</Z>
				<Pitch>0</Pitch>
				<Roll>0</Roll>
				<Yaw>0</Yaw>
			</Attachment>
		</Attachment>
	</SpoonerAttachments>
</OutfitPedData>
