<?xml version="1.0" encoding="ISO-8859-1"?>
<OutfitPedData>
	<ClearDecalOverlays>true</ClearDecalOverlays>
	<ModelHash>0x705e61f2</ModelHash>
	<Type>1</Type>
	<Dynamic>true</Dynamic>
	<FrozenPos>false</FrozenPos>
	<HashName>0x705e61f2</HashName>
	<InitialHandle>101188</InitialHandle>
	<PedProperties>
		<IsStill>false</IsStill>
		<CanRagdoll>false</CanRagdoll>
		<HasShortHeight>false</HasShortHeight>
		<CurrentWeapon>0xa2719263</CurrentWeapon>
		<PedProps>
			<_0>-1,-1</_0>
			<_1>-1,-1</_1>
			<_2>-1,-1</_2>
			<_3>-1,-1</_3>
			<_4>-1,-1</_4>
			<_5>-1,-1</_5>
			<_6>-1,-1</_6>
			<_7>-1,-1</_7>
			<_8>-1,-1</_8>
			<_9>-1,-1</_9>
		</PedProps>
		<PedComps>
			<_0>0,0</_0>
			<_1>92,3</_1>
			<_2>0,0</_2>
			<_3>33,0</_3>
			<_4>45,0</_4>
			<_5>0,0</_5>
			<_6>26,1</_6>
			<_7>0,0</_7>
			<_8>5,0</_8>
			<_9>0,0</_9>
			<_10>0,0</_10>
			<_11>107,1</_11>
		</PedComps>
		<HeadFeatures WasInArray="true">
			<ShapeAndSkinTone>
				<ShapeFatherId>21</ShapeFatherId>
				<ShapeMotherId>4</ShapeMotherId>
				<ShapeOverrideId>0</ShapeOverrideId>
				<ToneFatherId>21</ToneFatherId>
				<ToneMotherId>4</ToneMotherId>
				<ToneOverrideId>0</ToneOverrideId>
				<ShapeVal>0.0500000007</ShapeVal>
				<ToneVal>0</ToneVal>
				<OverrideVal>0</OverrideVal>
				<IsP>1</IsP>
			</ShapeAndSkinTone>
			<HairColour>0</HairColour>
			<HairColourStreaks>0</HairColourStreaks>
			<EyeColour>1</EyeColour>
			<FacialFeatures>
				<_0>0.000000</_0>
				<_1>0.000000</_1>
				<_2>0.000000</_2>
				<_3>0.000000</_3>
				<_4>0.000000</_4>
				<_5>0.000000</_5>
				<_6>0.000000</_6>
				<_7>0.000000</_7>
				<_8>0.000000</_8>
				<_9>0.000000</_9>
				<_10>0.000000</_10>
				<_11>0.000000</_11>
				<_12>0.000000</_12>
				<_13>0.000000</_13>
				<_14>0.000000</_14>
				<_15>0.000000</_15>
				<_16>0.000000</_16>
				<_17>0.000000</_17>
				<_18>0.000000</_18>
				<_19>0.000000</_19>
			</FacialFeatures>
			<Overlays>
				<_0 index="255" colour="0" colourSecondary="0" opacity="1" />
				<_1 index="255" colour="0" colourSecondary="0" opacity="1" />
				<_2 index="255" colour="0" colourSecondary="0" opacity="1" />
				<_3 index="255" colour="0" colourSecondary="0" opacity="1" />
				<_4 index="4" colour="0" colourSecondary="0" opacity="1" />
				<_5 index="0" colour="0" colourSecondary="0" opacity="1" />
				<_6 index="11" colour="0" colourSecondary="0" opacity="1" />
				<_7 index="255" colour="0" colourSecondary="0" opacity="1" />
				<_8 index="0" colour="0" colourSecondary="0" opacity="1" />
				<_9 index="255" colour="0" colourSecondary="0" opacity="1" />
				<_10 index="255" colour="0" colourSecondary="0" opacity="1" />
				<_11 index="255" colour="0" colourSecondary="0" opacity="1" />
				<_12 index="255" colour="0" colourSecondary="0" opacity="1" />
			</Overlays>
		</HeadFeatures>
		<TattooLogoDecals />
		<RelationshipGroupAltered>false</RelationshipGroupAltered>
		<RelationshipGroup>0xaf70afb8</RelationshipGroup>
		<ScenarioActive>false</ScenarioActive>
		<AnimActive>false</AnimActive>
	</PedProperties>
	<OpacityLevel>255</OpacityLevel>
	<LodDistance>240</LodDistance>
	<IsVisible>true</IsVisible>
	<MaxHealth>200</MaxHealth>
	<Health>200</Health>
	<HasGravity>true</HasGravity>
	<IsOnFire>false</IsOnFire>
	<IsInvincible>true</IsInvincible>
	<IsBulletProof>true</IsBulletProof>
	<IsCollisionProof>false</IsCollisionProof>
	<IsExplosionProof>true</IsExplosionProof>
	<IsFireProof>false</IsFireProof>
	<IsMeleeProof>true</IsMeleeProof>
	<IsOnlyDamagedByPlayer>false</IsOnlyDamagedByPlayer>
	<PositionRotation>
		<X>-1453.53296</X>
		<Y>-1303.90601</Y>
		<Z>3.96838427</Z>
		<Pitch>0</Pitch>
		<Roll>0</Roll>
		<Yaw>85.4505081</Yaw>
	</PositionRotation>
	<Attachment isAttached="false" />
	<SpoonerAttachments SetAttachmentsPersistentAndAddToSpoonerDatabase="true" StartTaskSequencesOnLoad="true">
		<Attachment>
			<ModelHash>0xd37a33c0</ModelHash>
			<Type>3</Type>
			<Dynamic>false</Dynamic>
			<FrozenPos>true</FrozenPos>
			<HashName>w_sr_heavysniper</HashName>
			<InitialHandle>87098</InitialHandle>
			<ObjectProperties>
				<TextureVariation>0</TextureVariation>
			</ObjectProperties>
			<OpacityLevel>255</OpacityLevel>
			<LodDistance>16960</LodDistance>
			<IsVisible>true</IsVisible>
			<MaxHealth>1000</MaxHealth>
			<Health>1000</Health>
			<HasGravity>true</HasGravity>
			<IsOnFire>false</IsOnFire>
			<IsInvincible>true</IsInvincible>
			<IsBulletProof>false</IsBulletProof>
			<IsCollisionProof>true</IsCollisionProof>
			<IsExplosionProof>true</IsExplosionProof>
			<IsFireProof>false</IsFireProof>
			<IsMeleeProof>true</IsMeleeProof>
			<IsOnlyDamagedByPlayer>false</IsOnlyDamagedByPlayer>
			<PositionRotation>
				<X>-1453.41003</X>
				<Y>-1303.71582</Y>
				<Z>4.52467251</Z>
				<Pitch>6.05992746</Pitch>
				<Roll>64.3060532</Roll>
				<Yaw>-91.5875702</Yaw>
			</PositionRotation>
			<Attachment isAttached="true">
				<AttachedTo>101188</AttachedTo>
				<BoneIndex>38</BoneIndex>
				<X>0.300000012</X>
				<Y>-0.079999961</Y>
				<Z>-0.180000007</Z>
				<Pitch>-179.999985</Pitch>
				<Roll>156.999985</Roll>
				<Yaw>8.99999809</Yaw>
			</Attachment>
		</Attachment>
		<Attachment>
			<ModelHash>0x291cea47</ModelHash>
			<Type>3</Type>
			<Dynamic>false</Dynamic>
			<FrozenPos>true</FrozenPos>
			<HashName>w_sg_pumpshotgun</HashName>
			<InitialHandle>157972</InitialHandle>
			<ObjectProperties>
				<TextureVariation>0</TextureVariation>
			</ObjectProperties>
			<OpacityLevel>255</OpacityLevel>
			<LodDistance>16960</LodDistance>
			<IsVisible>true</IsVisible>
			<MaxHealth>1000</MaxHealth>
			<Health>1000</Health>
			<HasGravity>true</HasGravity>
			<IsOnFire>false</IsOnFire>
			<IsInvincible>true</IsInvincible>
			<IsBulletProof>false</IsBulletProof>
			<IsCollisionProof>true</IsCollisionProof>
			<IsExplosionProof>true</IsExplosionProof>
			<IsFireProof>false</IsFireProof>
			<IsMeleeProof>true</IsMeleeProof>
			<IsOnlyDamagedByPlayer>false</IsOnlyDamagedByPlayer>
			<PositionRotation>
				<X>-1453.41077</X>
				<Y>-1303.99707</Y>
				<Z>4.50731993</Z>
				<Pitch>-14.05089</Pitch>
				<Roll>69.761528</Roll>
				<Yaw>88.7987518</Yaw>
			</PositionRotation>
			<Attachment isAttached="true">
				<AttachedTo>101188</AttachedTo>
				<BoneIndex>38</BoneIndex>
				<X>0.269999951</X>
				<Y>-0.0899999738</Y>
				<Z>0.099999994</Z>
				<Pitch>0</Pitch>
				<Roll>156.999985</Roll>
				<Yaw>16.9999981</Yaw>
			</Attachment>
		</Attachment>
		<Attachment>
			<ModelHash>0x5468e32a</ModelHash>
			<Type>3</Type>
			<Dynamic>false</Dynamic>
			<FrozenPos>true</FrozenPos>
			<HashName>w_at_sr_supp_luxe</HashName>
			<InitialHandle>68646</InitialHandle>
			<ObjectProperties>
				<TextureVariation>0</TextureVariation>
			</ObjectProperties>
			<OpacityLevel>255</OpacityLevel>
			<LodDistance>16960</LodDistance>
			<IsVisible>true</IsVisible>
			<MaxHealth>1000</MaxHealth>
			<Health>1000</Health>
			<HasGravity>true</HasGravity>
			<IsOnFire>false</IsOnFire>
			<IsInvincible>true</IsInvincible>
			<IsBulletProof>false</IsBulletProof>
			<IsCollisionProof>true</IsCollisionProof>
			<IsExplosionProof>true</IsExplosionProof>
			<IsFireProof>false</IsFireProof>
			<IsMeleeProof>true</IsMeleeProof>
			<IsOnlyDamagedByPlayer>false</IsOnlyDamagedByPlayer>
			<PositionRotation>
				<X>-1453.59485</X>
				<Y>-1303.698</Y>
				<Z>4.1633811</Z>
				<Pitch>1.04834557</Pitch>
				<Roll>66.518364</Roll>
				<Yaw>0.984750152</Yaw>
			</PositionRotation>
			<Attachment isAttached="true">
				<AttachedTo>101188</AttachedTo>
				<BoneIndex>0</BoneIndex>
				<X>0.199999988</X>
				<Y>0.100000001</Y>
				<Z>0.220000029</Z>
				<Pitch>0</Pitch>
				<Roll>63.9999962</Roll>
				<Yaw>-83</Yaw>
			</Attachment>
		</Attachment>
		<Attachment>
			<ModelHash>0xe2ba016f</ModelHash>
			<Type>3</Type>
			<Dynamic>false</Dynamic>
			<FrozenPos>true</FrozenPos>
			<HashName>prop_cs_katana_01</HashName>
			<InitialHandle>128081</InitialHandle>
			<ObjectProperties>
				<TextureVariation>0</TextureVariation>
			</ObjectProperties>
			<OpacityLevel>255</OpacityLevel>
			<LodDistance>16960</LodDistance>
			<IsVisible>true</IsVisible>
			<MaxHealth>1000</MaxHealth>
			<Health>1000</Health>
			<HasGravity>true</HasGravity>
			<IsOnFire>false</IsOnFire>
			<IsInvincible>true</IsInvincible>
			<IsBulletProof>false</IsBulletProof>
			<IsCollisionProof>true</IsCollisionProof>
			<IsExplosionProof>true</IsExplosionProof>
			<IsFireProof>false</IsFireProof>
			<IsMeleeProof>true</IsMeleeProof>
			<IsOnlyDamagedByPlayer>false</IsOnlyDamagedByPlayer>
			<PositionRotation>
				<X>-1453.47546</X>
				<Y>-1303.68689</Y>
				<Z>3.88798428</Z>
				<Pitch>1.04833937</Pitch>
				<Roll>154.518356</Roll>
				<Yaw>0.984771609</Yaw>
			</PositionRotation>
			<Attachment isAttached="true">
				<AttachedTo>101188</AttachedTo>
				<BoneIndex>0</BoneIndex>
				<X>0.220000014</X>
				<Y>-0.0300000142</Y>
				<Z>-0.049999997</Z>
				<Pitch>0</Pitch>
				<Roll>152</Roll>
				<Yaw>-82.9999847</Yaw>
			</Attachment>
		</Attachment>
		<Attachment>
			<ModelHash>0x3c479cbe</ModelHash>
			<Type>3</Type>
			<Dynamic>false</Dynamic>
			<FrozenPos>true</FrozenPos>
			<HashName>prop_welding_mask_01_s</HashName>
			<InitialHandle>2120</InitialHandle>
			<ObjectProperties>
				<TextureVariation>0</TextureVariation>
			</ObjectProperties>
			<OpacityLevel>255</OpacityLevel>
			<LodDistance>16960</LodDistance>
			<IsVisible>true</IsVisible>
			<MaxHealth>1000</MaxHealth>
			<Health>1000</Health>
			<HasGravity>true</HasGravity>
			<IsOnFire>false</IsOnFire>
			<IsInvincible>true</IsInvincible>
			<IsBulletProof>false</IsBulletProof>
			<IsCollisionProof>true</IsCollisionProof>
			<IsExplosionProof>true</IsExplosionProof>
			<IsFireProof>false</IsFireProof>
			<IsMeleeProof>true</IsMeleeProof>
			<IsOnlyDamagedByPlayer>false</IsOnlyDamagedByPlayer>
			<PositionRotation>
				<X>-1453.49451</X>
				<Y>-1303.69763</Y>
				<Z>4.42806768</Z>
				<Pitch>-49.294548</Pitch>
				<Roll>-151.860626</Roll>
				<Yaw>19.3309345</Yaw>
			</PositionRotation>
			<Attachment isAttached="true">
				<AttachedTo>101188</AttachedTo>
				<BoneIndex>38</BoneIndex>
				<X>0.199999988</X>
				<Y>0</Y>
				<Z>-0.200000033</Z>
				<Pitch>-39.9999962</Pitch>
				<Roll>0</Roll>
				<Yaw>74.9999924</Yaw>
			</Attachment>
		</Attachment>
		<Attachment>
			<ModelHash>0x3c479cbe</ModelHash>
			<Type>3</Type>
			<Dynamic>false</Dynamic>
			<FrozenPos>true</FrozenPos>
			<HashName>prop_welding_mask_01_s</HashName>
			<InitialHandle>114517</InitialHandle>
			<ObjectProperties>
				<TextureVariation>0</TextureVariation>
			</ObjectProperties>
			<OpacityLevel>255</OpacityLevel>
			<LodDistance>16960</LodDistance>
			<IsVisible>true</IsVisible>
			<MaxHealth>1000</MaxHealth>
			<Health>1000</Health>
			<HasGravity>true</HasGravity>
			<IsOnFire>false</IsOnFire>
			<IsInvincible>true</IsInvincible>
			<IsBulletProof>false</IsBulletProof>
			<IsCollisionProof>true</IsCollisionProof>
			<IsExplosionProof>true</IsExplosionProof>
			<IsFireProof>false</IsFireProof>
			<IsMeleeProof>true</IsMeleeProof>
			<IsOnlyDamagedByPlayer>false</IsOnlyDamagedByPlayer>
			<PositionRotation>
				<X>-1453.50757</X>
				<Y>-1304.09692</Y>
				<Z>4.44676256</Z>
				<Pitch>-44.2657242</Pitch>
				<Roll>154.563599</Roll>
				<Yaw>158.8965</Yaw>
			</PositionRotation>
			<Attachment isAttached="true">
				<AttachedTo>101188</AttachedTo>
				<BoneIndex>38</BoneIndex>
				<X>0.199999988</X>
				<Y>0</Y>
				<Z>0.200000003</Z>
				<Pitch>40.0000038</Pitch>
				<Roll>179.999969</Roll>
				<Yaw>74.9999847</Yaw>
			</Attachment>
		</Attachment>
		<Attachment>
			<ModelHash>0x3c479cbe</ModelHash>
			<Type>3</Type>
			<Dynamic>false</Dynamic>
			<FrozenPos>true</FrozenPos>
			<HashName>prop_welding_mask_01_s</HashName>
			<InitialHandle>145000</InitialHandle>
			<ObjectProperties>
				<TextureVariation>0</TextureVariation>
			</ObjectProperties>
			<OpacityLevel>255</OpacityLevel>
			<LodDistance>16960</LodDistance>
			<IsVisible>true</IsVisible>
			<MaxHealth>1000</MaxHealth>
			<Health>1000</Health>
			<HasGravity>true</HasGravity>
			<IsOnFire>false</IsOnFire>
			<IsInvincible>true</IsInvincible>
			<IsBulletProof>false</IsBulletProof>
			<IsCollisionProof>true</IsCollisionProof>
			<IsExplosionProof>true</IsExplosionProof>
			<IsFireProof>false</IsFireProof>
			<IsMeleeProof>true</IsMeleeProof>
			<IsOnlyDamagedByPlayer>false</IsOnlyDamagedByPlayer>
			<PositionRotation>
				<X>-1453.49878</X>
				<Y>-1303.77881</Y>
				<Z>4.40187836</Z>
				<Pitch>-71.8741074</Pitch>
				<Roll>-81.3596497</Roll>
				<Yaw>96.3453751</Yaw>
			</PositionRotation>
			<Attachment isAttached="true">
				<AttachedTo>101188</AttachedTo>
				<BoneIndex>38</BoneIndex>
				<X>0.169999972</X>
				<Y>0</Y>
				<Z>-0.119999997</Z>
				<Pitch>5.36441803e-07</Pitch>
				<Roll>0</Roll>
				<Yaw>74.9999924</Yaw>
			</Attachment>
		</Attachment>
		<Attachment>
			<ModelHash>0x3c479cbe</ModelHash>
			<Type>3</Type>
			<Dynamic>false</Dynamic>
			<FrozenPos>true</FrozenPos>
			<HashName>prop_welding_mask_01_s</HashName>
			<InitialHandle>151387</InitialHandle>
			<ObjectProperties>
				<TextureVariation>0</TextureVariation>
			</ObjectProperties>
			<OpacityLevel>255</OpacityLevel>
			<LodDistance>16960</LodDistance>
			<IsVisible>true</IsVisible>
			<MaxHealth>1000</MaxHealth>
			<Health>1000</Health>
			<HasGravity>true</HasGravity>
			<IsOnFire>false</IsOnFire>
			<IsInvincible>true</IsInvincible>
			<IsBulletProof>false</IsBulletProof>
			<IsCollisionProof>true</IsCollisionProof>
			<IsExplosionProof>true</IsExplosionProof>
			<IsFireProof>false</IsFireProof>
			<IsMeleeProof>true</IsMeleeProof>
			<IsOnlyDamagedByPlayer>false</IsOnlyDamagedByPlayer>
			<PositionRotation>
				<X>-1453.50659</X>
				<Y>-1304.01843</Y>
				<Z>4.41309547</Z>
				<Pitch>-71.874115</Pitch>
				<Roll>98.6403046</Roll>
				<Yaw>96.3453674</Yaw>
			</PositionRotation>
			<Attachment isAttached="true">
				<AttachedTo>101188</AttachedTo>
				<BoneIndex>38</BoneIndex>
				<X>0.169999957</X>
				<Y>0</Y>
				<Z>0.119999968</Z>
				<Pitch>5.96046448e-08</Pitch>
				<Roll>179.999969</Roll>
				<Yaw>74.9999847</Yaw>
			</Attachment>
		</Attachment>
		<Attachment>
			<ModelHash>0x3361b618</ModelHash>
			<Type>3</Type>
			<Dynamic>false</Dynamic>
			<FrozenPos>true</FrozenPos>
			<HashName>prop_sealife_03</HashName>
			<InitialHandle>3667</InitialHandle>
			<ObjectProperties>
				<TextureVariation>0</TextureVariation>
			</ObjectProperties>
			<OpacityLevel>255</OpacityLevel>
			<LodDistance>16960</LodDistance>
			<IsVisible>true</IsVisible>
			<MaxHealth>1000</MaxHealth>
			<Health>1000</Health>
			<HasGravity>true</HasGravity>
			<IsOnFire>false</IsOnFire>
			<IsInvincible>true</IsInvincible>
			<IsBulletProof>false</IsBulletProof>
			<IsCollisionProof>true</IsCollisionProof>
			<IsExplosionProof>true</IsExplosionProof>
			<IsFireProof>false</IsFireProof>
			<IsMeleeProof>true</IsMeleeProof>
			<IsOnlyDamagedByPlayer>false</IsOnlyDamagedByPlayer>
			<PositionRotation>
				<X>-1453.16687</X>
				<Y>-1303.89417</Y>
				<Z>4.30936384</Z>
				<Pitch>-11.859252</Pitch>
				<Roll>-54.8366585</Roll>
				<Yaw>-115.014793</Yaw>
			</PositionRotation>
			<Attachment isAttached="true">
				<AttachedTo>101188</AttachedTo>
				<BoneIndex>38</BoneIndex>
				<X>0.0899999365</X>
				<Y>-0.339999974</Y>
				<Z>-0.0200000405</Z>
				<Pitch>158</Pitch>
				<Roll>43</Roll>
				<Yaw>-11.0000029</Yaw>
			</Attachment>
		</Attachment>
		<Attachment>
			<ModelHash>0x4d1ae98a</ModelHash>
			<Type>3</Type>
			<Dynamic>false</Dynamic>
			<FrozenPos>true</FrozenPos>
			<HashName>prop_sealife_04</HashName>
			<InitialHandle>111196</InitialHandle>
			<ObjectProperties>
				<TextureVariation>0</TextureVariation>
			</ObjectProperties>
			<OpacityLevel>255</OpacityLevel>
			<LodDistance>16960</LodDistance>
			<IsVisible>true</IsVisible>
			<MaxHealth>1000</MaxHealth>
			<Health>1000</Health>
			<HasGravity>true</HasGravity>
			<IsOnFire>false</IsOnFire>
			<IsInvincible>true</IsInvincible>
			<IsBulletProof>false</IsBulletProof>
			<IsCollisionProof>true</IsCollisionProof>
			<IsExplosionProof>true</IsExplosionProof>
			<IsFireProof>false</IsFireProof>
			<IsMeleeProof>true</IsMeleeProof>
			<IsOnlyDamagedByPlayer>false</IsOnlyDamagedByPlayer>
			<PositionRotation>
				<X>-1453.22522</X>
				<Y>-1303.86169</Y>
				<Z>4.32100487</Z>
				<Pitch>12.119359</Pitch>
				<Roll>-72.2787781</Roll>
				<Yaw>123.384872</Yaw>
			</PositionRotation>
			<Attachment isAttached="true">
				<AttachedTo>101188</AttachedTo>
				<BoneIndex>38</BoneIndex>
				<X>0.0999999866</X>
				<Y>-0.280000001</Y>
				<Z>-0.049999997</Z>
				<Pitch>34.9999924</Pitch>
				<Roll>22.9999962</Roll>
				<Yaw>-9.99999809</Yaw>
			</Attachment>
		</Attachment>
		<Attachment>
			<ModelHash>0x3361b618</ModelHash>
			<Type>3</Type>
			<Dynamic>false</Dynamic>
			<FrozenPos>true</FrozenPos>
			<HashName>prop_sealife_03</HashName>
			<InitialHandle>97108</InitialHandle>
			<ObjectProperties>
				<TextureVariation>0</TextureVariation>
			</ObjectProperties>
			<OpacityLevel>255</OpacityLevel>
			<LodDistance>16960</LodDistance>
			<IsVisible>true</IsVisible>
			<MaxHealth>1000</MaxHealth>
			<Health>1000</Health>
			<HasGravity>true</HasGravity>
			<IsOnFire>false</IsOnFire>
			<IsInvincible>true</IsInvincible>
			<IsBulletProof>false</IsBulletProof>
			<IsCollisionProof>true</IsCollisionProof>
			<IsExplosionProof>true</IsExplosionProof>
			<IsFireProof>false</IsFireProof>
			<IsMeleeProof>true</IsMeleeProof>
			<IsOnlyDamagedByPlayer>false</IsOnlyDamagedByPlayer>
			<PositionRotation>
				<X>-1453.16736</X>
				<Y>-1303.89453</Y>
				<Z>4.29938793</Z>
				<Pitch>-11.8592396</Pitch>
				<Roll>-110.836647</Roll>
				<Yaw>-115.014809</Yaw>
			</PositionRotation>
			<Attachment isAttached="true">
				<AttachedTo>101188</AttachedTo>
				<BoneIndex>38</BoneIndex>
				<X>0.0799999759</X>
				<Y>-0.339999944</Y>
				<Z>-0.0199999996</Z>
				<Pitch>158</Pitch>
				<Roll>-12.9999847</Roll>
				<Yaw>-11.0000029</Yaw>
			</Attachment>
		</Attachment>
		<Attachment>
			<ModelHash>0x4d1ae98a</ModelHash>
			<Type>3</Type>
			<Dynamic>false</Dynamic>
			<FrozenPos>true</FrozenPos>
			<HashName>prop_sealife_04</HashName>
			<InitialHandle>105240</InitialHandle>
			<ObjectProperties>
				<TextureVariation>0</TextureVariation>
			</ObjectProperties>
			<OpacityLevel>255</OpacityLevel>
			<LodDistance>16960</LodDistance>
			<IsVisible>true</IsVisible>
			<MaxHealth>1000</MaxHealth>
			<Health>1000</Health>
			<HasGravity>true</HasGravity>
			<IsOnFire>false</IsOnFire>
			<IsInvincible>true</IsInvincible>
			<IsBulletProof>false</IsBulletProof>
			<IsCollisionProof>true</IsCollisionProof>
			<IsExplosionProof>true</IsExplosionProof>
			<IsFireProof>false</IsFireProof>
			<IsMeleeProof>true</IsMeleeProof>
			<IsOnlyDamagedByPlayer>false</IsOnlyDamagedByPlayer>
			<PositionRotation>
				<X>-1453.36121</X>
				<Y>-1303.72742</Y>
				<Z>4.31210995</Z>
				<Pitch>34.8354263</Pitch>
				<Roll>-125.261276</Roll>
				<Yaw>170.154343</Yaw>
			</PositionRotation>
			<Attachment isAttached="true">
				<AttachedTo>101188</AttachedTo>
				<BoneIndex>38</BoneIndex>
				<X>0.0899999738</X>
				<Y>-0.139999926</Y>
				<Z>-0.180000022</Z>
				<Pitch>56.9999924</Pitch>
				<Roll>39.9999962</Roll>
				<Yaw>-74.9999924</Yaw>
			</Attachment>
		</Attachment>
		<Attachment>
			<ModelHash>0xc375166f</ModelHash>
			<Type>3</Type>
			<Dynamic>false</Dynamic>
			<FrozenPos>true</FrozenPos>
			<HashName>prop_poolball_8</HashName>
			<InitialHandle>96565</InitialHandle>
			<TaskSequence>
				<Task>
					<Type>39</Type>
					<Duration>1000</Duration>
					<KeepTaskRunningAfterTime>-2</KeepTaskRunningAfterTime>
					<IsLoopedTask>true</IsLoopedTask>
					<Delay>500</Delay>
					<AssetName>scr_rcbarry2</AssetName>
					<EffectName>scr_clown_death</EffectName>
					<Scale>0.400000244</Scale>
					<Colour R="255" G="255" B="255" A="255" />
					<RelativePosition X="0.0799999908" Y="-0.0999999717" Z="0" />
					<RelativeRotation X="0" Y="0" Z="0" />
				</Task>
			</TaskSequence>
			<ObjectProperties>
				<TextureVariation>0</TextureVariation>
			</ObjectProperties>
			<OpacityLevel>255</OpacityLevel>
			<LodDistance>16960</LodDistance>
			<IsVisible>true</IsVisible>
			<MaxHealth>1000</MaxHealth>
			<Health>1000</Health>
			<HasGravity>true</HasGravity>
			<IsOnFire>false</IsOnFire>
			<IsInvincible>true</IsInvincible>
			<IsBulletProof>false</IsBulletProof>
			<IsCollisionProof>true</IsCollisionProof>
			<IsExplosionProof>true</IsExplosionProof>
			<IsFireProof>false</IsFireProof>
			<IsMeleeProof>true</IsMeleeProof>
			<IsOnlyDamagedByPlayer>false</IsOnlyDamagedByPlayer>
			<PositionRotation>
				<X>-1453.32202</X>
				<Y>-1303.91296</Y>
				<Z>4.22818279</Z>
				<Pitch>2.93020558</Pitch>
				<Roll>-87.317627</Roll>
				<Yaw>87.9905777</Yaw>
			</PositionRotation>
			<Attachment isAttached="true">
				<AttachedTo>101188</AttachedTo>
				<BoneIndex>38</BoneIndex>
				<X>0</X>
				<Y>-0.190000027</Y>
				<Z>0</Z>
				<Pitch>0</Pitch>
				<Roll>0</Roll>
				<Yaw>0</Yaw>
			</Attachment>
		</Attachment>
		<Attachment>
			<ModelHash>0x3c479cbe</ModelHash>
			<Type>3</Type>
			<Dynamic>false</Dynamic>
			<FrozenPos>true</FrozenPos>
			<HashName>prop_welding_mask_01_s</HashName>
			<InitialHandle>10793</InitialHandle>
			<ObjectProperties>
				<TextureVariation>0</TextureVariation>
			</ObjectProperties>
			<OpacityLevel>255</OpacityLevel>
			<LodDistance>16960</LodDistance>
			<IsVisible>true</IsVisible>
			<MaxHealth>1000</MaxHealth>
			<Health>1000</Health>
			<HasGravity>true</HasGravity>
			<IsOnFire>false</IsOnFire>
			<IsInvincible>true</IsInvincible>
			<IsBulletProof>false</IsBulletProof>
			<IsCollisionProof>true</IsCollisionProof>
			<IsExplosionProof>true</IsExplosionProof>
			<IsFireProof>false</IsFireProof>
			<IsMeleeProof>true</IsMeleeProof>
			<IsOnlyDamagedByPlayer>false</IsOnlyDamagedByPlayer>
			<PositionRotation>
				<X>-1453.49707</X>
				<Y>-1303.72888</Y>
				<Z>4.39954185</Z>
				<Pitch>-25.7669258</Pitch>
				<Roll>-19.9703598</Roll>
				<Yaw>168.284515</Yaw>
			</PositionRotation>
			<Attachment isAttached="true">
				<AttachedTo>101188</AttachedTo>
				<BoneIndex>38</BoneIndex>
				<X>0.169999972</X>
				<Y>0</Y>
				<Z>-0.170000017</Z>
				<Pitch>60</Pitch>
				<Roll>0</Roll>
				<Yaw>74.9999924</Yaw>
			</Attachment>
		</Attachment>
		<Attachment>
			<ModelHash>0x3c479cbe</ModelHash>
			<Type>3</Type>
			<Dynamic>false</Dynamic>
			<FrozenPos>true</FrozenPos>
			<HashName>prop_welding_mask_01_s</HashName>
			<InitialHandle>84256</InitialHandle>
			<ObjectProperties>
				<TextureVariation>0</TextureVariation>
			</ObjectProperties>
			<OpacityLevel>255</OpacityLevel>
			<LodDistance>16960</LodDistance>
			<IsVisible>true</IsVisible>
			<MaxHealth>1000</MaxHealth>
			<Health>1000</Health>
			<HasGravity>true</HasGravity>
			<IsOnFire>false</IsOnFire>
			<IsInvincible>true</IsInvincible>
			<IsBulletProof>false</IsBulletProof>
			<IsCollisionProof>true</IsCollisionProof>
			<IsExplosionProof>true</IsExplosionProof>
			<IsFireProof>false</IsFireProof>
			<IsMeleeProof>true</IsMeleeProof>
			<IsOnlyDamagedByPlayer>false</IsOnlyDamagedByPlayer>
			<PositionRotation>
				<X>-1453.50818</X>
				<Y>-1304.06836</Y>
				<Z>4.41543245</Z>
				<Pitch>-31.0418491</Pitch>
				<Roll>21.0378513</Roll>
				<Yaw>8.47944832</Yaw>
			</PositionRotation>
			<Attachment isAttached="true">
				<AttachedTo>101188</AttachedTo>
				<BoneIndex>38</BoneIndex>
				<X>0.169999957</X>
				<Y>0</Y>
				<Z>0.169999987</Z>
				<Pitch>-59.9999924</Pitch>
				<Roll>179.999969</Roll>
				<Yaw>74.9999847</Yaw>
			</Attachment>
		</Attachment>
	</SpoonerAttachments>
</OutfitPedData>
