{
    "format": "Cherax Entity",
    "type": 1,
    "model": 1841130506,
    "baseFlags": 66831,
    "mods": {
        "mod0": {
            "index": 0,
            "variation": false
        },
        "mod1": {
            "index": 1,
            "variation": false
        },
        "mod2": {
            "index": 0,
            "variation": false
        },
        "mod3": {
            "index": 0,
            "variation": false
        },
        "mod4": {
            "index": 2,
            "variation": false
        },
        "mod5": {
            "index": 1,
            "variation": false
        },
        "mod6": {
            "index": 2,
            "variation": false
        },
        "mod7": {
            "index": 0,
            "variation": false
        },
        "mod8": {
            "index": 1,
            "variation": false
        },
        "mod9": {
            "index": 5,
            "variation": false
        },
        "mod10": {
            "index": 0,
            "variation": false
        },
        "mod11": {
            "index": 4,
            "variation": false
        },
        "mod12": {
            "index": 3,
            "variation": false
        },
        "mod13": {
            "index": 3,
            "variation": false
        },
        "mod14": {
            "index": 0,
            "variation": false
        },
        "mod15": {
            "index": 4,
            "variation": false
        },
        "mod16": {
            "index": 5,
            "variation": false
        },
        "mod17": {
            "index": 0,
            "variation": false
        },
        "mod18": {
            "index": 1,
            "variation": false
        },
        "mod19": {
            "index": 0,
            "variation": false
        },
        "mod20": {
            "index": 0,
            "variation": false
        },
        "mod21": {
            "index": 0,
            "variation": false
        },
        "mod22": {
            "index": 0,
            "variation": false
        },
        "mod23": {
            "index": 21,
            "variation": false
        },
        "mod24": {
            "index": 0,
            "variation": false
        },
        "mod25": {
            "index": 0,
            "variation": false
        },
        "mod26": {
            "index": 0,
            "variation": false
        },
        "mod27": {
            "index": 0,
            "variation": false
        },
        "mod28": {
            "index": 0,
            "variation": false
        },
        "mod29": {
            "index": 0,
            "variation": false
        },
        "mod30": {
            "index": 0,
            "variation": false
        },
        "mod31": {
            "index": 0,
            "variation": false
        },
        "mod32": {
            "index": 0,
            "variation": false
        },
        "mod33": {
            "index": 0,
            "variation": false
        },
        "mod34": {
            "index": 0,
            "variation": false
        },
        "mod35": {
            "index": 0,
            "variation": false
        },
        "mod36": {
            "index": 0,
            "variation": false
        },
        "mod37": {
            "index": 0,
            "variation": false
        },
        "mod38": {
            "index": 0,
            "variation": false
        },
        "mod39": {
            "index": 0,
            "variation": false
        },
        "mod40": {
            "index": 0,
            "variation": false
        },
        "mod41": {
            "index": 0,
            "variation": false
        },
        "mod42": {
            "index": 0,
            "variation": false
        },
        "mod43": {
            "index": 0,
            "variation": false
        },
        "mod44": {
            "index": 0,
            "variation": false
        },
        "mod45": {
            "index": 0,
            "variation": false
        },
        "mod46": {
            "index": 0,
            "variation": false
        },
        "mod47": {
            "index": 0,
            "variation": false
        },
        "mod48": {
            "index": 1,
            "variation": false
        },
        "mod49": {
            "index": 0,
            "variation": false
        }
    },
    "wheelType": 5,
    "tyreSmokeColor": {
        "r": 255,
        "g": 255,
        "b": 255
    },
    "neonKits": {
        "left": true,
        "right": true,
        "front": true,
        "back": true,
        "color": {
            "r": 0,
            "g": 0,
            "b": 0
        }
    },
    "primaryColor": 73,
    "secondaryColor": 73,
    "pearlescentColor": 73,
    "isPrimaryColorCustom": false,
    "customPrimaryColor": {
        "r": 0,
        "g": 0,
        "b": 0
    },
    "isSecondaryColorCustom": false,
    "customSecondaryColor": {
        "r": 0,
        "g": 0,
        "b": 0
    },
    "windowTint": 0,
    "wheelColor": 89,
    "interiorColor": 111,
    "dashBoardColor": 111,
    "plateText": "8MLFM016",
    "plateTextIndex": 1
}